Material Novo;Material antigo;Texto breve material;Centro;Depósito;Lote;Quantidade;Valor Unitário;Valor Total;Unidade
50077875;20040593;"LUVA SEG;PE/PU;CZ;P;DANNY/DYFLEX7";BRCM;MR01;O.IMPORTED;12;R$ 38,00;R$ 456,00;Araçatuba
50077875;20040593;"LUVA SEG;PE/PU;CZ;P;DANNY/DYFLEX7";BRCO;MR01;O.IMPORTED;37;R$ 41,78;R$ 1.545,86;Barueri
50077875;20040593;"LUVA SEG;PE/PU;CZ;P;DANNY/DYFLEX7";BRCQ;MR01;O.IMPORTED;8;R$ 43,66;R$ 349,28;Campinas
50077875;20040593;"LUVA SEG;PE/PU;CZ;P;DANNY/DYFLEX7";BRCS;MR01;O.PURCHASE;0;R$ 0,00;R$ 0,00;Embu (SUL)
50077875;20040593;"LUVA SEG;PE/PU;CZ;P;DANNY/DYFLEX7";BRCV;MR01;O.IMPORTED;3;R$ 41,78;R$ 125,34;Jundiai (SALTO)
50077875;20040593;"LUVA SEG;PE/PU;CZ;P;DANNY/DYFLEX7";BRD0;MR01;O.IMPORTED;2;R$ 40,96;R$ 81,91;Presidente Prudente
50077875;20040593;"LUVA SEG;PE/PU;CZ;P;DANNY/DYFLEX7";BRD0;MR01;O.PURCHASE;8;R$ 43,66;R$ 349,29;Presidente Prudente
50077875;20040593;"LUVA SEG;PE/PU;CZ;P;DANNY/DYFLEX7";BRD1;MR01;O.PURCHASE;0;R$ 0,00;R$ 0,00;Ribeirão Preto
50077875;20040593;"LUVA SEG;PE/PU;CZ;P;DANNY/DYFLEX7";BRD2;MR01;O.PURCHASE;13;R$ 43,66;R$ 567,58;São José dos Campos
50077875;20040593;"LUVA SEG;PE/PU;CZ;P;DANNY/DYFLEX7";BRD3;MR01;O.IMPORTED;1;R$ 40,10;R$ 40,10;Suzano
50077875;20040593;"LUVA SEG;PE/PU;CZ;P;DANNY/DYFLEX7";BRD4;MR01;O.IMPORTED;0;R$ 0,00;R$ 0,00;Votorantim (SALTO)
50077875;20040593;"LUVA SEG;PE/PU;CZ;P;DANNY/DYFLEX7";BRD5;MR01;O.PURCHASE;5;R$ 43,66;R$ 218,29;Taubaté
50077875;20040593;"LUVA SEG;PE/PU;CZ;P;DANNY/DYFLEX7";BRD7;MR01;O.IMPORTED;0;R$ 0,00;R$ 0,00;Litoral - Praia Grande
50077876;20040594;"LUVA SEG;PE/PU;CZ;M;DANNY/DYFLEX8";BRCM;MR01;O.IMPORTED;10;R$ 38,00;R$ 380,00;Araçatuba
50077876;20040594;"LUVA SEG;PE/PU;CZ;M;DANNY/DYFLEX8";BRCN;MR01;O.PURCHASE;4;R$ 43,66;R$ 174,64;Araraquara
50077876;20040594;"LUVA SEG;PE/PU;CZ;M;DANNY/DYFLEX8";BRCO;MR01;O.PURCHASE;11;R$ 43,66;R$ 480,26;Barueri
50077876;20040594;"LUVA SEG;PE/PU;CZ;M;DANNY/DYFLEX8";BRCQ;MR01;O.IMPORTED;5;R$ 43,66;R$ 218,30;Campinas
50077876;20040594;"LUVA SEG;PE/PU;CZ;M;DANNY/DYFLEX8";BRCQ;MR01;O.PURCHASE;12;R$ 43,66;R$ 523,92;Campinas
50077876;20040594;"LUVA SEG;PE/PU;CZ;M;DANNY/DYFLEX8";BRCT;MR01;O.IMPORTED;6;R$ 33,47;R$ 200,79;Guarulhos
50077876;20040594;"LUVA SEG;PE/PU;CZ;M;DANNY/DYFLEX8";BRCV;MR01;O.IMPORTED;2;R$ 42,33;R$ 84,66;Jundiai (SALTO)
50077876;20040594;"LUVA SEG;PE/PU;CZ;M;DANNY/DYFLEX8";BRCV;MR01;O.PURCHASE;2;R$ 43,66;R$ 87,32;Jundiai (SALTO)
50077876;20040594;"LUVA SEG;PE/PU;CZ;M;DANNY/DYFLEX8";BRCX;MR01;O.IMPORTED;7;R$ 38,03;R$ 266,18;Mauá
50077876;20040594;"LUVA SEG;PE/PU;CZ;M;DANNY/DYFLEX8";BRCY;MR01;O.IMPORTED;0;R$ 0,00;R$ 0,00;Mogi Mirim
50077876;20040594;"LUVA SEG;PE/PU;CZ;M;DANNY/DYFLEX8";BRCY;MR01;O.PURCHASE;16;R$ 43,66;R$ 698,55;Mogi Mirim
50077876;20040594;"LUVA SEG;PE/PU;CZ;M;DANNY/DYFLEX8";BRCZ;MR01;O.IMPORTED;0;R$ 0,00;R$ 0,00;Norte (Caieiras)
50077876;20040594;"LUVA SEG;PE/PU;CZ;M;DANNY/DYFLEX8";BRD0;MR01;O.IMPORTED;19;R$ 37,45;R$ 711,60;Presidente Prudente
50077876;20040594;"LUVA SEG;PE/PU;CZ;M;DANNY/DYFLEX8";BRD2;MR01;O.IMPORTED;1;R$ 38,00;R$ 38,00;São José dos Campos
50077876;20040594;"LUVA SEG;PE/PU;CZ;M;DANNY/DYFLEX8";BRD4;MR01;O.IMPORTED;17;R$ 41,49;R$ 705,29;Votorantim (SALTO)
50077876;20040594;"LUVA SEG;PE/PU;CZ;M;DANNY/DYFLEX8";BRD5;MR01;O.PURCHASE;2;R$ 43,66;R$ 87,31;Taubaté
50077876;20040594;"LUVA SEG;PE/PU;CZ;M;DANNY/DYFLEX8";BRD7;MR01;O.IMPORTED;0;R$ 0,00;R$ 0,00;Litoral - Praia Grande
50077876;20040594;"LUVA SEG;PE/PU;CZ;M;DANNY/DYFLEX8";BRD7;MR01;O.PURCHASE;0;R$ 0,00;R$ 0,00;Litoral - Praia Grande
50077877;20040595;"LUVA SEG;PE/PU;CZ;G;DANNY/DYFLEX9";BRCM;MR01;O.IMPORTED;0;R$ 0,00;R$ 0,00;Araçatuba
50077877;20040595;"LUVA SEG;PE/PU;CZ;G;DANNY/DYFLEX9";BRCM;MR01;O.PURCHASE;11;R$ 45,45;R$ 499,95;Araçatuba
50077877;20040595;"LUVA SEG;PE/PU;CZ;G;DANNY/DYFLEX9";BRCN;MR01;O.PURCHASE;0;R$ 0,00;R$ 0,00;Araraquara
50077877;20040595;"LUVA SEG;PE/PU;CZ;G;DANNY/DYFLEX9";BRCO;MR01;O.IMPORTED;3;R$ 37,34;R$ 112,02;Barueri
50077877;20040595;"LUVA SEG;PE/PU;CZ;G;DANNY/DYFLEX9";BRCO;MR01;O.PURCHASE;12;R$ 45,45;R$ 545,40;Barueri
50077877;20040595;"LUVA SEG;PE/PU;CZ;G;DANNY/DYFLEX9";BRCQ;MR01;O.PURCHASE;8;R$ 43,66;R$ 349,28;Campinas
50077877;20040595;"LUVA SEG;PE/PU;CZ;G;DANNY/DYFLEX9";BRCS;MR01;O.PURCHASE;0;R$ 0,00;R$ 0,00;Embu (SUL)
50077877;20040595;"LUVA SEG;PE/PU;CZ;G;DANNY/DYFLEX9";BRCT;MR01;O.IMPORTED;5;R$ 43,66;R$ 218,30;Guarulhos
50077877;20040595;"LUVA SEG;PE/PU;CZ;G;DANNY/DYFLEX9";BRCV;MR01;O.IMPORTED;4;R$ 40,59;R$ 162,35;Jundiai (SALTO)
50077877;20040595;"LUVA SEG;PE/PU;CZ;G;DANNY/DYFLEX9";BRCV;MR01;O.PURCHASE;14;R$ 45,32;R$ 634,51;Jundiai (SALTO)
50077877;20040595;"LUVA SEG;PE/PU;CZ;G;DANNY/DYFLEX9";BRCX;MR01;O.IMPORTED;3;R$ 33,87;R$ 101,61;Mauá
50077877;20040595;"LUVA SEG;PE/PU;CZ;G;DANNY/DYFLEX9";BRD0;MR01;O.IMPORTED;19;R$ 42,05;R$ 798,92;Presidente Prudente
50077877;20040595;"LUVA SEG;PE/PU;CZ;G;DANNY/DYFLEX9";BRD1;MR01;O.PURCHASE;0;R$ 0,00;R$ 0,00;Ribeirão Preto
50077877;20040595;"LUVA SEG;PE/PU;CZ;G;DANNY/DYFLEX9";BRD2;MR01;O.IMPORTED;38;R$ 33,68;R$ 1.279,79;São José dos Campos
50077877;20040595;"LUVA SEG;PE/PU;CZ;G;DANNY/DYFLEX9";BRD3;MR01;O.IMPORTED;0;R$ 0,00;R$ 0,00;Suzano
50077877;20040595;"LUVA SEG;PE/PU;CZ;G;DANNY/DYFLEX9";BRD3;MR01;O.PURCHASE;18;R$ 43,66;R$ 785,88;Suzano
50077877;20040595;"LUVA SEG;PE/PU;CZ;G;DANNY/DYFLEX9";BRD4;MR01;O.IMPORTED;20;R$ 41,49;R$ 829,76;Votorantim (SALTO)
50077877;20040595;"LUVA SEG;PE/PU;CZ;G;DANNY/DYFLEX9";BRD5;MR01;O.PURCHASE;0;R$ 0,00;R$ 0,00;Taubaté
50077877;20040595;"LUVA SEG;PE/PU;CZ;G;DANNY/DYFLEX9";BRD7;MR01;O.IMPORTED;0;R$ 0,00;R$ 0,00;Litoral - Praia Grande
50077877;20040595;"LUVA SEG;PE/PU;CZ;G;DANNY/DYFLEX9";BRD7;MR01;O.PURCHASE;0;R$ 0,00;R$ 0,00;Litoral - Praia Grande
50077904;20040941;"LUVA SEG;PP/PU;DANNY/DYFLEXDA12500TAM6";BRCM;MR01;O.IMPORTED;14;R$ 46,53;R$ 651,37;Araçatuba
50077904;20040941;"LUVA SEG;PP/PU;DANNY/DYFLEXDA12500TAM6";BRCO;MR01;O.IMPORTED;16;R$ 41,78;R$ 668,48;Barueri
50077904;20040941;"LUVA SEG;PP/PU;DANNY/DYFLEXDA12500TAM6";BRD0;MR01;O.IMPORTED;19;R$ 38,00;R$ 722,00;Presidente Prudente
50077904;20040941;"LUVA SEG;PP/PU;DANNY/DYFLEXDA12500TAM6";BRD1;MR01;O.IMPORTED;0;R$ 0,00;R$ 0,00;Ribeirão Preto
50077904;20040941;"LUVA SEG;PP/PU;DANNY/DYFLEXDA12500TAM6";BRD3;MR01;O.IMPORTED;10;R$ 42,23;R$ 422,25;Suzano
50077904;20040941;"LUVA SEG;PP/PU;DANNY/DYFLEXDA12500TAM6";BRD4;MR01;O.IMPORTED;37;R$ 38,96;R$ 1.441,52;Votorantim (SALTO)
50077904;20040941;"LUVA SEG;PP/PU;DANNY/DYFLEXDA12500TAM6";BRD5;MR01;O.IMPORTED;14;R$ 39,82;R$ 557,42;Taubaté
50077905;20040942;"LUVA SEG;PP/PU;CZ;GG;20CM;DANNY/C";BRCO;MR01;O.IMPORTED;73;R$ 33,17;R$ 2.421,52;Barueri
50077905;20040942;"LUVA SEG;PP/PU;CZ;GG;20CM;DANNY/C";BRCQ;MR01;O.IMPORTED;3;R$ 43,66;R$ 130,98;Campinas
50077905;20040942;"LUVA SEG;PP/PU;CZ;GG;20CM;DANNY/C";BRCQ;MR01;O.PURCHASE;12;R$ 43,66;R$ 523,92;Campinas
50077905;20040942;"LUVA SEG;PP/PU;CZ;GG;20CM;DANNY/C";BRCR;MR01;O.PURCHASE;23;R$ 44,71;R$ 1.028,36;Diadema
50077905;20040942;"LUVA SEG;PP/PU;CZ;GG;20CM;DANNY/C";BRCT;MR01;O.IMPORTED;4;R$ 38,00;R$ 152,00;Guarulhos
50077905;20040942;"LUVA SEG;PP/PU;CZ;GG;20CM;DANNY/C";BRCX;MR01;O.IMPORTED;2;R$ 38,03;R$ 76,06;Mauá
50077905;20040942;"LUVA SEG;PP/PU;CZ;GG;20CM;DANNY/C";BRCX;MR01;O.PURCHASE;16;R$ 45,45;R$ 727,20;Mauá
50077905;20040942;"LUVA SEG;PP/PU;CZ;GG;20CM;DANNY/C";BRD0;MR01;O.PURCHASE;15;R$ 43,66;R$ 654,90;Presidente Prudente
50077905;20040942;"LUVA SEG;PP/PU;CZ;GG;20CM;DANNY/C";BRD1;MR01;O.IMPORTED;0;R$ 0,00;R$ 0,00;Ribeirão Preto
50077905;20040942;"LUVA SEG;PP/PU;CZ;GG;20CM;DANNY/C";BRD1;MR01;O.PURCHASE;0;R$ 0,00;R$ 0,00;Ribeirão Preto
50077905;20040942;"LUVA SEG;PP/PU;CZ;GG;20CM;DANNY/C";BRD2;MR01;O.IMPORTED;5;R$ 37,30;R$ 186,52;São José dos Campos
50077905;20040942;"LUVA SEG;PP/PU;CZ;GG;20CM;DANNY/C";BRD3;MR01;O.IMPORTED;4;R$ 43,66;R$ 174,64;Suzano
50077905;20040942;"LUVA SEG;PP/PU;CZ;GG;20CM;DANNY/C";BRD3;MR01;O.PURCHASE;11;R$ 43,66;R$ 480,26;Suzano
50077905;20040942;"LUVA SEG;PP/PU;CZ;GG;20CM;DANNY/C";BRD4;MR01;O.IMPORTED;0;R$ 0,00;R$ 0,00;Votorantim (SALTO)
50077905;20040942;"LUVA SEG;PP/PU;CZ;GG;20CM;DANNY/C";BRD5;MR01;O.PURCHASE;0;R$ 0,00;R$ 0,00;Taubaté
50077905;20040942;"LUVA SEG;PP/PU;CZ;GG;20CM;DANNY/C";BRD7;MR01;O.PURCHASE;0;R$ 0,00;R$ 0,00;Litoral - Praia Grande
50078218;20041859;"CAMISETA;FEM;CT;50 ALG/50 PES;PT;TAM G";BRCM;MR01;O.PURCHASE;15;R$ 60,54;R$ 908,15;Araçatuba
50078218;20041859;"CAMISETA;FEM;CT;50 ALG/50 PES;PT;TAM G";BRCN;MR01;O.PURCHASE;20;R$ 62,07;R$ 1.241,42;Araraquara
50078218;20041859;"CAMISETA;FEM;CT;50 ALG/50 PES;PT;TAM G";BRCO;MR01;O.PURCHASE;30;R$ 59,62;R$ 1.788,71;Barueri
50078218;20041859;"CAMISETA;FEM;CT;50 ALG/50 PES;PT;TAM G";BRCT;MR01;O.PURCHASE;18;R$ 63,55;R$ 1.143,81;Guarulhos
50078218;20041859;"CAMISETA;FEM;CT;50 ALG/50 PES;PT;TAM G";BRCV;MR01;O.PURCHASE;42;R$ 63,23;R$ 2.655,70;Jundiai (SALTO)
50078218;20041859;"CAMISETA;FEM;CT;50 ALG/50 PES;PT;TAM G";BRCX;MR01;O.PURCHASE;7;R$ 60,08;R$ 420,56;Mauá
50078218;20041859;"CAMISETA;FEM;CT;50 ALG/50 PES;PT;TAM G";BRCY;MR01;O.PURCHASE;15;R$ 59,83;R$ 897,49;Mogi Mirim
50078218;20041859;"CAMISETA;FEM;CT;50 ALG/50 PES;PT;TAM G";BRCZ;MR01;O.PURCHASE;8;R$ 59,74;R$ 477,88;Norte (Caieiras)
50078218;20041859;"CAMISETA;FEM;CT;50 ALG/50 PES;PT;TAM G";BRD0;MR01;O.PURCHASE;24;R$ 61,02;R$ 1.464,59;Presidente Prudente
50078218;20041859;"CAMISETA;FEM;CT;50 ALG/50 PES;PT;TAM G";BRD1;MR01;O.PURCHASE;14;R$ 58,58;R$ 820,10;Ribeirão Preto
50078218;20041859;"CAMISETA;FEM;CT;50 ALG/50 PES;PT;TAM G";BRD2;MR01;O.PURCHASE;12;R$ 59,10;R$ 709,14;São José dos Campos
50078218;20041859;"CAMISETA;FEM;CT;50 ALG/50 PES;PT;TAM G";BRD3;MR01;O.PURCHASE;4;R$ 59,95;R$ 239,79;Suzano
50078218;20041859;"CAMISETA;FEM;CT;50 ALG/50 PES;PT;TAM G";BRD4;MR01;O.PURCHASE;0;R$ 0,00;R$ 0,00;Votorantim (SALTO)
50078218;20041859;"CAMISETA;FEM;CT;50 ALG/50 PES;PT;TAM G";BRD5;MR01;O.PURCHASE;6;R$ 58,83;R$ 352,95;Taubaté
50078218;20041859;"CAMISETA;FEM;CT;50 ALG/50 PES;PT;TAM G";BRD7;MR01;O.PURCHASE;23;R$ 64,40;R$ 1.481,15;Litoral - Praia Grande
50078223;20041869;"CALCA SEG;JEANS;AZ MAR;TAM 36;S/FORR;FEM";BRCM;MR01;O.PURCHASE;26;R$ 221,33;R$ 5.754,47;Araçatuba
50078223;20041869;"CALCA SEG;JEANS;AZ MAR;TAM 36;S/FORR;FEM";BRCN;MR01;O.PURCHASE;30;R$ 259,35;R$ 7.780,43;Araraquara
50078223;20041869;"CALCA SEG;JEANS;AZ MAR;TAM 36;S/FORR;FEM";BRCO;MR01;O.PURCHASE;30;R$ 223,22;R$ 6.696,54;Barueri
50078223;20041869;"CALCA SEG;JEANS;AZ MAR;TAM 36;S/FORR;FEM";BRCR;MR01;O.PURCHASE;29;R$ 225,32;R$ 6.534,41;Diadema
50078223;20041869;"CALCA SEG;JEANS;AZ MAR;TAM 36;S/FORR;FEM";BRCS;MR01;O.PURCHASE;60;R$ 229,77;R$ 13.786,46;Embu (SUL)
50078223;20041869;"CALCA SEG;JEANS;AZ MAR;TAM 36;S/FORR;FEM";BRCT;MR01;O.PURCHASE;25;R$ 222,89;R$ 5.572,35;Guarulhos
50078223;20041869;"CALCA SEG;JEANS;AZ MAR;TAM 36;S/FORR;FEM";BRCU;MR01;O.PURCHASE;29;R$ 253,02;R$ 7.337,56;Jaú
50078223;20041869;"CALCA SEG;JEANS;AZ MAR;TAM 36;S/FORR;FEM";BRCV;MR01;O.PURCHASE;30;R$ 225,32;R$ 6.759,72;Jundiai (SALTO)
50078223;20041869;"CALCA SEG;JEANS;AZ MAR;TAM 36;S/FORR;FEM";BRCX;MR01;O.PURCHASE;24;R$ 219,87;R$ 5.276,98;Mauá
50078223;20041869;"CALCA SEG;JEANS;AZ MAR;TAM 36;S/FORR;FEM";BRCY;MR01;O.PURCHASE;10;R$ 236,98;R$ 2.369,77;Mogi Mirim
50078223;20041869;"CALCA SEG;JEANS;AZ MAR;TAM 36;S/FORR;FEM";BRCZ;MR01;O.PURCHASE;30;R$ 239,74;R$ 7.192,09;Norte (Caieiras)
50078223;20041869;"CALCA SEG;JEANS;AZ MAR;TAM 36;S/FORR;FEM";BRD0;MR01;O.PURCHASE;60;R$ 248,37;R$ 14.902,01;Presidente Prudente
50078223;20041869;"CALCA SEG;JEANS;AZ MAR;TAM 36;S/FORR;FEM";BRD1;MR01;O.PURCHASE;55;R$ 247,87;R$ 13.632,98;Ribeirão Preto
50078223;20041869;"CALCA SEG;JEANS;AZ MAR;TAM 36;S/FORR;FEM";BRD4;MR01;O.PURCHASE;50;R$ 229,26;R$ 11.462,84;Votorantim (SALTO)
50078223;20041869;"CALCA SEG;JEANS;AZ MAR;TAM 36;S/FORR;FEM";BRD7;MR01;O.PURCHASE;28;R$ 229,70;R$ 6.431,70;Litoral - Praia Grande
50078227;20041890;"CAMISETA;FEM;CT;50 ALG/50 PES;PT;TAM GG";BRCM;MR01;O.PURCHASE;19;R$ 60,54;R$ 1.150,32;Araçatuba
50078227;20041890;"CAMISETA;FEM;CT;50 ALG/50 PES;PT;TAM GG";BRCN;MR01;O.PURCHASE;6;R$ 63,23;R$ 379,40;Araraquara
50078227;20041890;"CAMISETA;FEM;CT;50 ALG/50 PES;PT;TAM GG";BRCO;MR01;O.PURCHASE;46;R$ 58,54;R$ 2.692,86;Barueri
50078227;20041890;"CAMISETA;FEM;CT;50 ALG/50 PES;PT;TAM GG";BRCR;MR01;O.PURCHASE;16;R$ 59,40;R$ 950,41;Diadema
50078227;20041890;"CAMISETA;FEM;CT;50 ALG/50 PES;PT;TAM GG";BRCT;MR01;O.PURCHASE;13;R$ 66,86;R$ 869,17;Guarulhos
50078227;20041890;"CAMISETA;FEM;CT;50 ALG/50 PES;PT;TAM GG";BRCU;MR01;O.PURCHASE;13;R$ 62,42;R$ 811,44;Jaú
50078227;20041890;"CAMISETA;FEM;CT;50 ALG/50 PES;PT;TAM GG";BRCV;MR01;O.PURCHASE;32;R$ 48,34;R$ 1.546,76;Jundiai (SALTO)
50078227;20041890;"CAMISETA;FEM;CT;50 ALG/50 PES;PT;TAM GG";BRCX;MR01;O.PURCHASE;9;R$ 58,43;R$ 525,88;Mauá
50078227;20041890;"CAMISETA;FEM;CT;50 ALG/50 PES;PT;TAM GG";BRCY;MR01;O.PURCHASE;15;R$ 59,83;R$ 897,49;Mogi Mirim
50078227;20041890;"CAMISETA;FEM;CT;50 ALG/50 PES;PT;TAM GG";BRCZ;MR01;O.PURCHASE;11;R$ 59,73;R$ 657,08;Norte (Caieiras)
50078227;20041890;"CAMISETA;FEM;CT;50 ALG/50 PES;PT;TAM GG";BRD0;MR01;O.PURCHASE;19;R$ 61,02;R$ 1.159,47;Presidente Prudente
50078227;20041890;"CAMISETA;FEM;CT;50 ALG/50 PES;PT;TAM GG";BRD1;MR01;O.PURCHASE;17;R$ 58,58;R$ 995,84;Ribeirão Preto
50078227;20041890;"CAMISETA;FEM;CT;50 ALG/50 PES;PT;TAM GG";BRD2;MR01;O.PURCHASE;11;R$ 59,09;R$ 650,04;São José dos Campos
50078227;20041890;"CAMISETA;FEM;CT;50 ALG/50 PES;PT;TAM GG";BRD3;MR01;O.PURCHASE;9;R$ 59,22;R$ 532,95;Suzano
50078227;20041890;"CAMISETA;FEM;CT;50 ALG/50 PES;PT;TAM GG";BRD4;MR01;O.PURCHASE;20;R$ 61,26;R$ 1.225,27;Votorantim (SALTO)
50078227;20041890;"CAMISETA;FEM;CT;50 ALG/50 PES;PT;TAM GG";BRD7;MR01;O.PURCHASE;27;R$ 64,40;R$ 1.738,75;Litoral - Praia Grande
50078228;20041891;"CAMISETA;FEM;CT;50 ALG/50 PES;PT;TAM M";BRCM;MR01;O.PURCHASE;27;R$ 52,14;R$ 1.407,86;Araçatuba
50078228;20041891;"CAMISETA;FEM;CT;50 ALG/50 PES;PT;TAM M";BRCN;MR01;O.PURCHASE;0;R$ 0,00;R$ 0,00;Araraquara
50078228;20041891;"CAMISETA;FEM;CT;50 ALG/50 PES;PT;TAM M";BRCO;MR01;O.PURCHASE;30;R$ 55,03;R$ 1.650,76;Barueri
50078228;20041891;"CAMISETA;FEM;CT;50 ALG/50 PES;PT;TAM M";BRCR;MR01;O.PURCHASE;0;R$ 0,00;R$ 0,00;Diadema
50078228;20041891;"CAMISETA;FEM;CT;50 ALG/50 PES;PT;TAM M";BRCS;MR01;O.PURCHASE;4;R$ 59,93;R$ 239,73;Embu (SUL)
50078228;20041891;"CAMISETA;FEM;CT;50 ALG/50 PES;PT;TAM M";BRCT;MR01;O.PURCHASE;19;R$ 63,67;R$ 1.209,74;Guarulhos
50078228;20041891;"CAMISETA;FEM;CT;50 ALG/50 PES;PT;TAM M";BRCU;MR01;O.PURCHASE;22;R$ 62,42;R$ 1.373,21;Jaú
50078228;20041891;"CAMISETA;FEM;CT;50 ALG/50 PES;PT;TAM M";BRCV;MR01;O.PURCHASE;42;R$ 66,65;R$ 2.799,36;Jundiai (SALTO)
50078228;20041891;"CAMISETA;FEM;CT;50 ALG/50 PES;PT;TAM M";BRCX;MR01;O.PURCHASE;55;R$ 70,46;R$ 3.875,53;Mauá
50078228;20041891;"CAMISETA;FEM;CT;50 ALG/50 PES;PT;TAM M";BRCY;MR01;O.PURCHASE;10;R$ 42,13;R$ 421,27;Mogi Mirim
50078228;20041891;"CAMISETA;FEM;CT;50 ALG/50 PES;PT;TAM M";BRCZ;MR01;O.PURCHASE;17;R$ 59,73;R$ 1.015,49;Norte (Caieiras)
50078228;20041891;"CAMISETA;FEM;CT;50 ALG/50 PES;PT;TAM M";BRD0;MR01;O.PURCHASE;6;R$ 61,03;R$ 366,15;Presidente Prudente
50078228;20041891;"CAMISETA;FEM;CT;50 ALG/50 PES;PT;TAM M";BRD1;MR01;O.PURCHASE;0;R$ 0,00;R$ 0,00;Ribeirão Preto
50078228;20041891;"CAMISETA;FEM;CT;50 ALG/50 PES;PT;TAM M";BRD2;MR01;O.PURCHASE;13;R$ 59,10;R$ 768,24;São José dos Campos
50078228;20041891;"CAMISETA;FEM;CT;50 ALG/50 PES;PT;TAM M";BRD3;MR01;O.PURCHASE;1;R$ 58,91;R$ 58,91;Suzano
50078228;20041891;"CAMISETA;FEM;CT;50 ALG/50 PES;PT;TAM M";BRD4;MR01;O.PURCHASE;0;R$ 0,00;R$ 0,00;Votorantim (SALTO)
50078228;20041891;"CAMISETA;FEM;CT;50 ALG/50 PES;PT;TAM M";BRD5;MR01;O.PURCHASE;17;R$ 58,82;R$ 1.000,02;Taubaté
50078228;20041891;"CAMISETA;FEM;CT;50 ALG/50 PES;PT;TAM M";BRD7;MR01;O.PURCHASE;14;R$ 57,46;R$ 804,50;Litoral - Praia Grande
50078229;20041892;"CAMISETA;FEM;CT;50 ALG/50 PES;PT;TAM P";BRCM;MR01;O.PURCHASE;24;R$ 60,54;R$ 1.453,04;Araçatuba
50078229;20041892;"CAMISETA;FEM;CT;50 ALG/50 PES;PT;TAM P";BRCN;MR01;O.PURCHASE;9;R$ 63,23;R$ 569,09;Araraquara
50078229;20041892;"CAMISETA;FEM;CT;50 ALG/50 PES;PT;TAM P";BRCO;MR01;O.PURCHASE;25;R$ 62,52;R$ 1.563,07;Barueri
50078229;20041892;"CAMISETA;FEM;CT;50 ALG/50 PES;PT;TAM P";BRCR;MR01;O.PURCHASE;0;R$ 0,00;R$ 0,00;Diadema
50078229;20041892;"CAMISETA;FEM;CT;50 ALG/50 PES;PT;TAM P";BRCS;MR01;O.PURCHASE;3;R$ 59,93;R$ 179,80;Embu (SUL)
50078229;20041892;"CAMISETA;FEM;CT;50 ALG/50 PES;PT;TAM P";BRCT;MR01;O.PURCHASE;25;R$ 61,88;R$ 1.546,97;Guarulhos
50078229;20041892;"CAMISETA;FEM;CT;50 ALG/50 PES;PT;TAM P";BRCU;MR01;O.PURCHASE;20;R$ 62,42;R$ 1.248,38;Jaú
50078229;20041892;"CAMISETA;FEM;CT;50 ALG/50 PES;PT;TAM P";BRCV;MR01;O.PURCHASE;43;R$ 64,18;R$ 2.759,64;Jundiai (SALTO)
50078229;20041892;"CAMISETA;FEM;CT;50 ALG/50 PES;PT;TAM P";BRCX;MR01;O.PURCHASE;13;R$ 69,72;R$ 906,38;Mauá
50078229;20041892;"CAMISETA;FEM;CT;50 ALG/50 PES;PT;TAM P";BRCZ;MR01;O.PURCHASE;22;R$ 59,74;R$ 1.314,17;Norte (Caieiras)
50078229;20041892;"CAMISETA;FEM;CT;50 ALG/50 PES;PT;TAM P";BRD0;MR01;O.PURCHASE;29;R$ 61,02;R$ 1.769,72;Presidente Prudente
50078229;20041892;"CAMISETA;FEM;CT;50 ALG/50 PES;PT;TAM P";BRD1;MR01;O.PURCHASE;9;R$ 58,58;R$ 527,21;Ribeirão Preto
50078229;20041892;"CAMISETA;FEM;CT;50 ALG/50 PES;PT;TAM P";BRD2;MR01;O.PURCHASE;17;R$ 59,10;R$ 1.004,63;São José dos Campos
50078229;20041892;"CAMISETA;FEM;CT;50 ALG/50 PES;PT;TAM P";BRD3;MR01;O.PURCHASE;14;R$ 59,65;R$ 835,11;Suzano
50078229;20041892;"CAMISETA;FEM;CT;50 ALG/50 PES;PT;TAM P";BRD4;MR01;O.PURCHASE;16;R$ 62,31;R$ 996,90;Votorantim (SALTO)
50078229;20041892;"CAMISETA;FEM;CT;50 ALG/50 PES;PT;TAM P";BRD5;MR01;O.PURCHASE;9;R$ 58,82;R$ 529,42;Taubaté
50078229;20041892;"CAMISETA;FEM;CT;50 ALG/50 PES;PT;TAM P";BRD7;MR01;O.PURCHASE;13;R$ 65,27;R$ 848,52;Litoral - Praia Grande
50078230;20041893;"CAMISETA;FEM;CT;50 ALG/50 PES;PT;TAM PP";BRCR;MR01;O.PURCHASE;8;R$ 89,97;R$ 719,77;Diadema
50078230;20041893;"CAMISETA;FEM;CT;50 ALG/50 PES;PT;TAM PP";BRD3;MR01;O.PURCHASE;9;R$ 50,30;R$ 452,74;Suzano
50078231;20041894;"CAMISETA;FEM;CT;50 ALG/50 PES;PT;TAM XG";BRCM;MR01;O.PURCHASE;19;R$ 68,67;R$ 1.304,70;Araçatuba
50078231;20041894;"CAMISETA;FEM;CT;50 ALG/50 PES;PT;TAM XG";BRCN;MR01;O.PURCHASE;25;R$ 109,25;R$ 2.731,32;Araraquara
50078231;20041894;"CAMISETA;FEM;CT;50 ALG/50 PES;PT;TAM XG";BRCO;MR01;O.PURCHASE;25;R$ 56,77;R$ 1.419,37;Barueri
50078231;20041894;"CAMISETA;FEM;CT;50 ALG/50 PES;PT;TAM XG";BRCR;MR01;O.PURCHASE;9;R$ 122,46;R$ 1.102,15;Diadema
50078231;20041894;"CAMISETA;FEM;CT;50 ALG/50 PES;PT;TAM XG";BRCS;MR01;O.PURCHASE;38;R$ 77,57;R$ 2.947,82;Embu (SUL)
50078231;20041894;"CAMISETA;FEM;CT;50 ALG/50 PES;PT;TAM XG";BRCT;MR01;O.PURCHASE;11;R$ 112,61;R$ 1.238,74;Guarulhos
50078231;20041894;"CAMISETA;FEM;CT;50 ALG/50 PES;PT;TAM XG";BRCU;MR01;O.PURCHASE;30;R$ 65,97;R$ 1.979,10;Jaú
50078231;20041894;"CAMISETA;FEM;CT;50 ALG/50 PES;PT;TAM XG";BRCV;MR01;O.PURCHASE;22;R$ 80,32;R$ 1.767,06;Jundiai (SALTO)
50078231;20041894;"CAMISETA;FEM;CT;50 ALG/50 PES;PT;TAM XG";BRCX;MR01;O.PURCHASE;10;R$ 61,50;R$ 614,98;Mauá
50078231;20041894;"CAMISETA;FEM;CT;50 ALG/50 PES;PT;TAM XG";BRCY;MR01;O.PURCHASE;21;R$ 63,26;R$ 1.328,37;Mogi Mirim
50078231;20041894;"CAMISETA;FEM;CT;50 ALG/50 PES;PT;TAM XG";BRCZ;MR01;O.PURCHASE;8;R$ 68,06;R$ 544,50;Norte (Caieiras)
50078231;20041894;"CAMISETA;FEM;CT;50 ALG/50 PES;PT;TAM XG";BRD0;MR01;O.PURCHASE;37;R$ 63,81;R$ 2.360,87;Presidente Prudente
50078231;20041894;"CAMISETA;FEM;CT;50 ALG/50 PES;PT;TAM XG";BRD1;MR01;O.PURCHASE;24;R$ 66,44;R$ 1.594,56;Ribeirão Preto
50078231;20041894;"CAMISETA;FEM;CT;50 ALG/50 PES;PT;TAM XG";BRD2;MR01;O.PURCHASE;17;R$ 57,46;R$ 976,86;São José dos Campos
50078231;20041894;"CAMISETA;FEM;CT;50 ALG/50 PES;PT;TAM XG";BRD3;MR01;O.PURCHASE;21;R$ 74,04;R$ 1.554,91;Suzano
50078231;20041894;"CAMISETA;FEM;CT;50 ALG/50 PES;PT;TAM XG";BRD4;MR01;O.PURCHASE;0;R$ 0,00;R$ 0,00;Votorantim (SALTO)
50078231;20041894;"CAMISETA;FEM;CT;50 ALG/50 PES;PT;TAM XG";BRD5;MR01;O.PURCHASE;9;R$ 65,11;R$ 586,03;Taubaté
50078231;20041894;"CAMISETA;FEM;CT;50 ALG/50 PES;PT;TAM XG";BRD7;MR01;O.PURCHASE;20;R$ 57,46;R$ 1.149,25;Litoral - Praia Grande
50078234;20041897;"CAMISETA;FEM;CT;50 ALG/50 PES;PT;TAM G";BRCN;MR01;O.PURCHASE;0;R$ 0,00;R$ 0,00;Araraquara
50078234;20041897;"CAMISETA;FEM;CT;50 ALG/50 PES;PT;TAM G";BRCO;MR01;O.PURCHASE;19;R$ 40,96;R$ 778,33;Barueri
50078234;20041897;"CAMISETA;FEM;CT;50 ALG/50 PES;PT;TAM G";BRCX;MR01;O.PURCHASE;1;R$ 57,47;R$ 57,47;Mauá
50078235;20041898;"CAMISETA;FEM;CT;50 ALG/50 PES;PT;TAM GG";BRCO;MR01;O.PURCHASE;15;R$ 40,96;R$ 614,47;Barueri
50078236;20041899;"CAMISETA;FEM;CT;50 ALG/50 PES;PT;TAM M";BRCN;MR01;O.PURCHASE;12;R$ 53,80;R$ 645,58;Araraquara
50078236;20041899;"CAMISETA;FEM;CT;50 ALG/50 PES;PT;TAM M";BRCO;MR01;O.PURCHASE;30;R$ 53,56;R$ 1.606,76;Barueri
50078237;20041900;"CAMISETA;FEM;CT;50 ALG/50 PES;PT;TAM P";BRCO;MR01;O.PURCHASE;30;R$ 57,22;R$ 1.716,45;Barueri
50078237;20041900;"CAMISETA;FEM;CT;50 ALG/50 PES;PT;TAM P";BRCQ;MR01;O.PURCHASE;0;R$ 0,00;R$ 0,00;Campinas
50078237;20041900;"CAMISETA;FEM;CT;50 ALG/50 PES;PT;TAM P";BRD4;MR01;O.PURCHASE;0;R$ 0,00;R$ 0,00;Votorantim (SALTO)
50078239;20041902;"CAMISETA;FEM;CT;50 ALG/50 PES;PT;TAM XG";BRCX;MR01;O.PURCHASE;7;R$ 50,15;R$ 351,07;Mauá
50078242;20041905;"CAMISETA;MASC;CT;50 ALG/50 PES;PT;TAM G";BRCM;MR01;O.PURCHASE;12;R$ 44,52;R$ 534,18;Araçatuba
50078242;20041905;"CAMISETA;MASC;CT;50 ALG/50 PES;PT;TAM G";BRCO;MR01;O.PURCHASE;18;R$ 44,52;R$ 801,27;Barueri
50078242;20041905;"CAMISETA;MASC;CT;50 ALG/50 PES;PT;TAM G";BRCR;MR01;O.PURCHASE;6;R$ 44,32;R$ 265,89;Diadema
50078242;20041905;"CAMISETA;MASC;CT;50 ALG/50 PES;PT;TAM G";BRCT;MR01;O.PURCHASE;1;R$ 43,97;R$ 43,97;Guarulhos
50078242;20041905;"CAMISETA;MASC;CT;50 ALG/50 PES;PT;TAM G";BRCV;MR01;O.PURCHASE;14;R$ 44,52;R$ 623,21;Jundiai (SALTO)
50078242;20041905;"CAMISETA;MASC;CT;50 ALG/50 PES;PT;TAM G";BRCX;MR01;O.PURCHASE;14;R$ 46,02;R$ 644,31;Mauá
50078242;20041905;"CAMISETA;MASC;CT;50 ALG/50 PES;PT;TAM G";BRCY;MR01;O.PURCHASE;0;R$ 0,00;R$ 0,00;Mogi Mirim
50078242;20041905;"CAMISETA;MASC;CT;50 ALG/50 PES;PT;TAM G";BRD1;MR01;O.PURCHASE;0;R$ 0,00;R$ 0,00;Ribeirão Preto
50078242;20041905;"CAMISETA;MASC;CT;50 ALG/50 PES;PT;TAM G";BRD2;MR01;O.PURCHASE;16;R$ 44,52;R$ 712,26;São José dos Campos
50078242;20041905;"CAMISETA;MASC;CT;50 ALG/50 PES;PT;TAM G";BRD3;MR01;O.PURCHASE;3;R$ 44,51;R$ 133,54;Suzano
50078242;20041905;"CAMISETA;MASC;CT;50 ALG/50 PES;PT;TAM G";BRD5;MR01;O.PURCHASE;0;R$ 0,00;R$ 0,00;Taubaté
50078242;20041905;"CAMISETA;MASC;CT;50 ALG/50 PES;PT;TAM G";BRD7;MR01;O.PURCHASE;2;R$ 44,52;R$ 89,03;Litoral - Praia Grande
50078243;20041906;"CAMISETA;MASC;CT;50 ALG/50 PES;PT;TAM GG";BRCM;MR01;O.PURCHASE;18;R$ 61,81;R$ 1.112,59;Araçatuba
50078243;20041906;"CAMISETA;MASC;CT;50 ALG/50 PES;PT;TAM GG";BRCO;MR01;O.PURCHASE;13;R$ 44,52;R$ 578,70;Barueri
50078243;20041906;"CAMISETA;MASC;CT;50 ALG/50 PES;PT;TAM GG";BRCT;MR01;O.PURCHASE;3;R$ 43,97;R$ 131,90;Guarulhos
50078243;20041906;"CAMISETA;MASC;CT;50 ALG/50 PES;PT;TAM GG";BRCU;MR01;O.PURCHASE;0;R$ 0,00;R$ 0,00;Jaú
50078243;20041906;"CAMISETA;MASC;CT;50 ALG/50 PES;PT;TAM GG";BRCV;MR01;O.PURCHASE;0;R$ 0,00;R$ 0,00;Jundiai (SALTO)
50078243;20041906;"CAMISETA;MASC;CT;50 ALG/50 PES;PT;TAM GG";BRCX;MR01;O.PURCHASE;4;R$ 54,78;R$ 219,13;Mauá
50078243;20041906;"CAMISETA;MASC;CT;50 ALG/50 PES;PT;TAM GG";BRCY;MR01;O.PURCHASE;0;R$ 0,00;R$ 0,00;Mogi Mirim
50078243;20041906;"CAMISETA;MASC;CT;50 ALG/50 PES;PT;TAM GG";BRCZ;MR01;O.PURCHASE;4;R$ 44,29;R$ 177,15;Norte (Caieiras)
50078243;20041906;"CAMISETA;MASC;CT;50 ALG/50 PES;PT;TAM GG";BRD0;MR01;O.PURCHASE;13;R$ 57,46;R$ 747,02;Presidente Prudente
50078243;20041906;"CAMISETA;MASC;CT;50 ALG/50 PES;PT;TAM GG";BRD2;MR01;O.PURCHASE;8;R$ 57,46;R$ 459,70;São José dos Campos
50078243;20041906;"CAMISETA;MASC;CT;50 ALG/50 PES;PT;TAM GG";BRD3;MR01;O.PURCHASE;6;R$ 67,87;R$ 407,19;Suzano
50078243;20041906;"CAMISETA;MASC;CT;50 ALG/50 PES;PT;TAM GG";BRD4;MR01;O.PURCHASE;20;R$ 61,17;R$ 1.223,40;Votorantim (SALTO)
50078244;20041910;"CALCA SEG;JEANS;AZ MAR;TAM 38;S/FORR;FEM";BRCM;MR01;O.PURCHASE;4;R$ 231,32;R$ 925,28;Araçatuba
50078244;20041910;"CALCA SEG;JEANS;AZ MAR;TAM 38;S/FORR;FEM";BRCN;MR01;O.PURCHASE;60;R$ 237,68;R$ 14.260,68;Araraquara
50078244;20041910;"CALCA SEG;JEANS;AZ MAR;TAM 38;S/FORR;FEM";BRCO;MR01;O.PURCHASE;21;R$ 224,88;R$ 4.722,54;Barueri
50078244;20041910;"CALCA SEG;JEANS;AZ MAR;TAM 38;S/FORR;FEM";BRCQ;MR01;O.PURCHASE;14;R$ 232,78;R$ 3.258,93;Campinas
50078244;20041910;"CALCA SEG;JEANS;AZ MAR;TAM 38;S/FORR;FEM";BRCR;MR01;O.PURCHASE;10;R$ 225,32;R$ 2.253,24;Diadema
50078244;20041910;"CALCA SEG;JEANS;AZ MAR;TAM 38;S/FORR;FEM";BRCS;MR01;O.PURCHASE;38;R$ 229,77;R$ 8.731,43;Embu (SUL)
50078244;20041910;"CALCA SEG;JEANS;AZ MAR;TAM 38;S/FORR;FEM";BRCT;MR01;O.PURCHASE;27;R$ 225,32;R$ 6.083,76;Guarulhos
50078244;20041910;"CALCA SEG;JEANS;AZ MAR;TAM 38;S/FORR;FEM";BRCU;MR01;O.PURCHASE;24;R$ 253,02;R$ 6.072,46;Jaú
50078244;20041910;"CALCA SEG;JEANS;AZ MAR;TAM 38;S/FORR;FEM";BRCV;MR01;O.PURCHASE;11;R$ 249,53;R$ 2.744,84;Jundiai (SALTO)
50078244;20041910;"CALCA SEG;JEANS;AZ MAR;TAM 38;S/FORR;FEM";BRCX;MR01;O.PURCHASE;10;R$ 216,44;R$ 2.164,35;Mauá
50078244;20041910;"CALCA SEG;JEANS;AZ MAR;TAM 38;S/FORR;FEM";BRCY;MR01;O.PURCHASE;27;R$ 243,97;R$ 6.587,10;Mogi Mirim
50078244;20041910;"CALCA SEG;JEANS;AZ MAR;TAM 38;S/FORR;FEM";BRCZ;MR01;O.PURCHASE;30;R$ 231,88;R$ 6.956,25;Norte (Caieiras)
50078244;20041910;"CALCA SEG;JEANS;AZ MAR;TAM 38;S/FORR;FEM";BRD0;MR01;O.PURCHASE;59;R$ 259,93;R$ 15.335,69;Presidente Prudente
50078244;20041910;"CALCA SEG;JEANS;AZ MAR;TAM 38;S/FORR;FEM";BRD1;MR01;O.PURCHASE;53;R$ 228,55;R$ 12.113,05;Ribeirão Preto
50078244;20041910;"CALCA SEG;JEANS;AZ MAR;TAM 38;S/FORR;FEM";BRD2;MR01;O.PURCHASE;1;R$ 225,32;R$ 225,32;São José dos Campos
50078244;20041910;"CALCA SEG;JEANS;AZ MAR;TAM 38;S/FORR;FEM";BRD3;MR01;O.PURCHASE;26;R$ 230,42;R$ 5.990,79;Suzano
50078244;20041910;"CALCA SEG;JEANS;AZ MAR;TAM 38;S/FORR;FEM";BRD4;MR01;O.PURCHASE;30;R$ 228,09;R$ 6.842,81;Votorantim (SALTO)
50078244;20041910;"CALCA SEG;JEANS;AZ MAR;TAM 38;S/FORR;FEM";BRD5;MR01;O.PURCHASE;9;R$ 225,32;R$ 2.027,92;Taubaté
50078244;20041910;"CALCA SEG;JEANS;AZ MAR;TAM 38;S/FORR;FEM";BRD7;MR01;O.PURCHASE;2;R$ 229,67;R$ 459,33;Litoral - Praia Grande
50078245;20041911;"CALCA SEG;JEANS;AZ MAR;TAM 40;S/FORR;FEM";BRCM;MR01;O.PURCHASE;4;R$ 231,32;R$ 925,28;Araçatuba
50078245;20041911;"CALCA SEG;JEANS;AZ MAR;TAM 40;S/FORR;FEM";BRCN;MR01;O.PURCHASE;30;R$ 259,35;R$ 7.780,43;Araraquara
50078245;20041911;"CALCA SEG;JEANS;AZ MAR;TAM 40;S/FORR;FEM";BRCO;MR01;O.PURCHASE;22;R$ 224,88;R$ 4.947,43;Barueri
50078245;20041911;"CALCA SEG;JEANS;AZ MAR;TAM 40;S/FORR;FEM";BRCQ;MR01;O.PURCHASE;28;R$ 232,78;R$ 6.517,86;Campinas
50078245;20041911;"CALCA SEG;JEANS;AZ MAR;TAM 40;S/FORR;FEM";BRCR;MR01;O.PURCHASE;5;R$ 225,32;R$ 1.126,62;Diadema
50078245;20041911;"CALCA SEG;JEANS;AZ MAR;TAM 40;S/FORR;FEM";BRCT;MR01;O.PURCHASE;21;R$ 225,32;R$ 4.731,82;Guarulhos
50078245;20041911;"CALCA SEG;JEANS;AZ MAR;TAM 40;S/FORR;FEM";BRCU;MR01;O.PURCHASE;29;R$ 236,63;R$ 6.862,29;Jaú
50078245;20041911;"CALCA SEG;JEANS;AZ MAR;TAM 40;S/FORR;FEM";BRCV;MR01;O.PURCHASE;26;R$ 235,80;R$ 6.130,89;Jundiai (SALTO)
50078245;20041911;"CALCA SEG;JEANS;AZ MAR;TAM 40;S/FORR;FEM";BRCX;MR01;O.PURCHASE;28;R$ 220,58;R$ 6.176,20;Mauá
50078245;20041911;"CALCA SEG;JEANS;AZ MAR;TAM 40;S/FORR;FEM";BRCY;MR01;O.PURCHASE;19;R$ 236,98;R$ 4.502,56;Mogi Mirim
50078245;20041911;"CALCA SEG;JEANS;AZ MAR;TAM 40;S/FORR;FEM";BRCZ;MR01;O.PURCHASE;24;R$ 231,88;R$ 5.565,00;Norte (Caieiras)
50078245;20041911;"CALCA SEG;JEANS;AZ MAR;TAM 40;S/FORR;FEM";BRD0;MR01;O.PURCHASE;54;R$ 252,56;R$ 13.638,33;Presidente Prudente
50078245;20041911;"CALCA SEG;JEANS;AZ MAR;TAM 40;S/FORR;FEM";BRD1;MR01;O.PURCHASE;41;R$ 228,12;R$ 9.353,08;Ribeirão Preto
50078245;20041911;"CALCA SEG;JEANS;AZ MAR;TAM 40;S/FORR;FEM";BRD2;MR01;O.PURCHASE;21;R$ 194,28;R$ 4.079,81;São José dos Campos
50078245;20041911;"CALCA SEG;JEANS;AZ MAR;TAM 40;S/FORR;FEM";BRD3;MR01;O.PURCHASE;36;R$ 228,51;R$ 8.226,24;Suzano
50078245;20041911;"CALCA SEG;JEANS;AZ MAR;TAM 40;S/FORR;FEM";BRD4;MR01;O.PURCHASE;32;R$ 231,95;R$ 7.422,38;Votorantim (SALTO)
50078245;20041911;"CALCA SEG;JEANS;AZ MAR;TAM 40;S/FORR;FEM";BRD7;MR01;O.PURCHASE;30;R$ 228,53;R$ 6.856,03;Litoral - Praia Grande
50078246;20041912;"CALCA SEG;JEANS;AZ MAR;TAM 42;S/FORR;FEM";BRCM;MR01;O.PURCHASE;1;R$ 231,32;R$ 231,32;Araçatuba
50078246;20041912;"CALCA SEG;JEANS;AZ MAR;TAM 42;S/FORR;FEM";BRCN;MR01;O.PURCHASE;30;R$ 259,35;R$ 7.780,43;Araraquara
50078246;20041912;"CALCA SEG;JEANS;AZ MAR;TAM 42;S/FORR;FEM";BRCO;MR01;O.PURCHASE;8;R$ 253,34;R$ 2.026,70;Barueri
50078246;20041912;"CALCA SEG;JEANS;AZ MAR;TAM 42;S/FORR;FEM";BRCR;MR01;O.PURCHASE;19;R$ 225,32;R$ 4.281,17;Diadema
50078246;20041912;"CALCA SEG;JEANS;AZ MAR;TAM 42;S/FORR;FEM";BRCT;MR01;O.PURCHASE;22;R$ 225,32;R$ 4.957,14;Guarulhos
50078246;20041912;"CALCA SEG;JEANS;AZ MAR;TAM 42;S/FORR;FEM";BRCU;MR01;O.PURCHASE;21;R$ 226,41;R$ 4.754,69;Jaú
50078246;20041912;"CALCA SEG;JEANS;AZ MAR;TAM 42;S/FORR;FEM";BRCV;MR01;O.PURCHASE;23;R$ 235,14;R$ 5.408,12;Jundiai (SALTO)
50078246;20041912;"CALCA SEG;JEANS;AZ MAR;TAM 42;S/FORR;FEM";BRCX;MR01;O.PURCHASE;22;R$ 208,15;R$ 4.579,23;Mauá
50078246;20041912;"CALCA SEG;JEANS;AZ MAR;TAM 42;S/FORR;FEM";BRCY;MR01;O.PURCHASE;18;R$ 225,33;R$ 4.055,85;Mogi Mirim
50078246;20041912;"CALCA SEG;JEANS;AZ MAR;TAM 42;S/FORR;FEM";BRCZ;MR01;O.PURCHASE;12;R$ 233,27;R$ 2.799,18;Norte (Caieiras)
50078246;20041912;"CALCA SEG;JEANS;AZ MAR;TAM 42;S/FORR;FEM";BRD0;MR01;O.PURCHASE;56;R$ 243,35;R$ 13.627,80;Presidente Prudente
50078246;20041912;"CALCA SEG;JEANS;AZ MAR;TAM 42;S/FORR;FEM";BRD1;MR01;O.PURCHASE;24;R$ 228,12;R$ 5.474,97;Ribeirão Preto
50078246;20041912;"CALCA SEG;JEANS;AZ MAR;TAM 42;S/FORR;FEM";BRD2;MR01;O.PURCHASE;1;R$ 235,49;R$ 235,49;São José dos Campos
50078246;20041912;"CALCA SEG;JEANS;AZ MAR;TAM 42;S/FORR;FEM";BRD3;MR01;O.PURCHASE;22;R$ 229,59;R$ 5.051,04;Suzano
50078246;20041912;"CALCA SEG;JEANS;AZ MAR;TAM 42;S/FORR;FEM";BRD4;MR01;O.PURCHASE;42;R$ 231,01;R$ 9.702,37;Votorantim (SALTO)
50078246;20041912;"CALCA SEG;JEANS;AZ MAR;TAM 42;S/FORR;FEM";BRD5;MR01;O.PURCHASE;1;R$ 243,90;R$ 243,90;Taubaté
50078246;20041912;"CALCA SEG;JEANS;AZ MAR;TAM 42;S/FORR;FEM";BRD7;MR01;O.PURCHASE;20;R$ 234,95;R$ 4.698,98;Litoral - Praia Grande
50078247;20041913;"CALCA SEG;JEANS;AZ MAR;TAM 44;S/FORR;FEM";BRCM;MR01;O.PURCHASE;5;R$ 242,00;R$ 1.209,99;Araçatuba
50078247;20041913;"CALCA SEG;JEANS;AZ MAR;TAM 44;S/FORR;FEM";BRCN;MR01;O.PURCHASE;28;R$ 253,02;R$ 7.084,54;Araraquara
50078247;20041913;"CALCA SEG;JEANS;AZ MAR;TAM 44;S/FORR;FEM";BRCO;MR01;O.PURCHASE;10;R$ 211,98;R$ 2.119,75;Barueri
50078247;20041913;"CALCA SEG;JEANS;AZ MAR;TAM 44;S/FORR;FEM";BRCQ;MR01;O.PURCHASE;12;R$ 232,78;R$ 2.793,38;Campinas
50078247;20041913;"CALCA SEG;JEANS;AZ MAR;TAM 44;S/FORR;FEM";BRCR;MR01;O.PURCHASE;4;R$ 225,33;R$ 901,30;Diadema
50078247;20041913;"CALCA SEG;JEANS;AZ MAR;TAM 44;S/FORR;FEM";BRCT;MR01;O.PURCHASE;24;R$ 225,32;R$ 5.407,78;Guarulhos
50078247;20041913;"CALCA SEG;JEANS;AZ MAR;TAM 44;S/FORR;FEM";BRCU;MR01;O.PURCHASE;26;R$ 234,31;R$ 6.091,97;Jaú
50078247;20041913;"CALCA SEG;JEANS;AZ MAR;TAM 44;S/FORR;FEM";BRCV;MR01;O.PURCHASE;17;R$ 232,29;R$ 3.948,95;Jundiai (SALTO)
50078247;20041913;"CALCA SEG;JEANS;AZ MAR;TAM 44;S/FORR;FEM";BRCX;MR01;O.PURCHASE;30;R$ 216,43;R$ 6.493,04;Mauá
50078247;20041913;"CALCA SEG;JEANS;AZ MAR;TAM 44;S/FORR;FEM";BRCY;MR01;O.PURCHASE;10;R$ 225,32;R$ 2.253,24;Mogi Mirim
50078247;20041913;"CALCA SEG;JEANS;AZ MAR;TAM 44;S/FORR;FEM";BRCZ;MR01;O.PURCHASE;24;R$ 247,53;R$ 5.940,70;Norte (Caieiras)
50078247;20041913;"CALCA SEG;JEANS;AZ MAR;TAM 44;S/FORR;FEM";BRD0;MR01;O.PURCHASE;54;R$ 232,77;R$ 12.569,49;Presidente Prudente
50078247;20041913;"CALCA SEG;JEANS;AZ MAR;TAM 44;S/FORR;FEM";BRD1;MR01;O.PURCHASE;16;R$ 261,44;R$ 4.182,99;Ribeirão Preto
50078247;20041913;"CALCA SEG;JEANS;AZ MAR;TAM 44;S/FORR;FEM";BRD2;MR01;O.PURCHASE;0;R$ 0,00;R$ 0,00;São José dos Campos
50078247;20041913;"CALCA SEG;JEANS;AZ MAR;TAM 44;S/FORR;FEM";BRD3;MR01;O.PURCHASE;22;R$ 232,12;R$ 5.106,56;Suzano
50078247;20041913;"CALCA SEG;JEANS;AZ MAR;TAM 44;S/FORR;FEM";BRD4;MR01;O.PURCHASE;46;R$ 231,01;R$ 10.626,41;Votorantim (SALTO)
50078247;20041913;"CALCA SEG;JEANS;AZ MAR;TAM 44;S/FORR;FEM";BRD7;MR01;O.PURCHASE;16;R$ 227,35;R$ 3.637,52;Litoral - Praia Grande
50078248;20041914;"CALCA SEG;JEANS;AZ MAR;TAM 46;S/FORR;FEM";BRCM;MR01;O.PURCHASE;5;R$ 243,06;R$ 1.215,31;Araçatuba
50078248;20041914;"CALCA SEG;JEANS;AZ MAR;TAM 46;S/FORR;FEM";BRCN;MR01;O.PURCHASE;57;R$ 237,68;R$ 13.547,64;Araraquara
50078248;20041914;"CALCA SEG;JEANS;AZ MAR;TAM 46;S/FORR;FEM";BRCQ;MR01;O.PURCHASE;5;R$ 225,32;R$ 1.126,62;Campinas
50078248;20041914;"CALCA SEG;JEANS;AZ MAR;TAM 46;S/FORR;FEM";BRCR;MR01;O.PURCHASE;17;R$ 225,32;R$ 3.830,52;Diadema
50078248;20041914;"CALCA SEG;JEANS;AZ MAR;TAM 46;S/FORR;FEM";BRCS;MR01;O.PURCHASE;25;R$ 232,72;R$ 5.818,12;Embu (SUL)
50078248;20041914;"CALCA SEG;JEANS;AZ MAR;TAM 46;S/FORR;FEM";BRCT;MR01;O.PURCHASE;14;R$ 225,33;R$ 3.154,55;Guarulhos
50078248;20041914;"CALCA SEG;JEANS;AZ MAR;TAM 46;S/FORR;FEM";BRCV;MR01;O.PURCHASE;10;R$ 225,33;R$ 2.253,25;Jundiai (SALTO)
50078248;20041914;"CALCA SEG;JEANS;AZ MAR;TAM 46;S/FORR;FEM";BRCX;MR01;O.PURCHASE;3;R$ 225,32;R$ 675,97;Mauá
50078248;20041914;"CALCA SEG;JEANS;AZ MAR;TAM 46;S/FORR;FEM";BRCY;MR01;O.PURCHASE;22;R$ 225,32;R$ 4.957,14;Mogi Mirim
50078248;20041914;"CALCA SEG;JEANS;AZ MAR;TAM 46;S/FORR;FEM";BRCZ;MR01;O.PURCHASE;17;R$ 243,40;R$ 4.137,72;Norte (Caieiras)
50078248;20041914;"CALCA SEG;JEANS;AZ MAR;TAM 46;S/FORR;FEM";BRD1;MR01;O.PURCHASE;21;R$ 228,12;R$ 4.790,59;Ribeirão Preto
50078248;20041914;"CALCA SEG;JEANS;AZ MAR;TAM 46;S/FORR;FEM";BRD2;MR01;O.PURCHASE;10;R$ 225,32;R$ 2.253,24;São José dos Campos
50078248;20041914;"CALCA SEG;JEANS;AZ MAR;TAM 46;S/FORR;FEM";BRD3;MR01;O.PURCHASE;12;R$ 230,42;R$ 2.764,98;Suzano
50078248;20041914;"CALCA SEG;JEANS;AZ MAR;TAM 46;S/FORR;FEM";BRD4;MR01;O.PURCHASE;7;R$ 235,88;R$ 1.651,19;Votorantim (SALTO)
50078248;20041914;"CALCA SEG;JEANS;AZ MAR;TAM 46;S/FORR;FEM";BRD5;MR01;O.PURCHASE;21;R$ 225,32;R$ 4.731,81;Taubaté
50078248;20041914;"CALCA SEG;JEANS;AZ MAR;TAM 46;S/FORR;FEM";BRD7;MR01;O.PURCHASE;4;R$ 229,05;R$ 916,18;Litoral - Praia Grande
50078249;20041915;"CALCA SEG;JEANS;AZ MAR;TAM 48;S/FORR;FEM";BRCM;MR01;O.PURCHASE;5;R$ 231,32;R$ 1.156,60;Araçatuba
50078249;20041915;"CALCA SEG;JEANS;AZ MAR;TAM 48;S/FORR;FEM";BRCN;MR01;O.PURCHASE;53;R$ 237,68;R$ 12.596,93;Araraquara
50078249;20041915;"CALCA SEG;JEANS;AZ MAR;TAM 48;S/FORR;FEM";BRCQ;MR01;O.PURCHASE;7;R$ 225,32;R$ 1.577,27;Campinas
50078249;20041915;"CALCA SEG;JEANS;AZ MAR;TAM 48;S/FORR;FEM";BRCR;MR01;O.PURCHASE;11;R$ 225,32;R$ 2.478,57;Diadema
50078249;20041915;"CALCA SEG;JEANS;AZ MAR;TAM 48;S/FORR;FEM";BRCS;MR01;O.PURCHASE;37;R$ 232,72;R$ 8.610,82;Embu (SUL)
50078249;20041915;"CALCA SEG;JEANS;AZ MAR;TAM 48;S/FORR;FEM";BRCT;MR01;O.PURCHASE;10;R$ 225,32;R$ 2.253,24;Guarulhos
50078249;20041915;"CALCA SEG;JEANS;AZ MAR;TAM 48;S/FORR;FEM";BRCV;MR01;O.PURCHASE;26;R$ 225,32;R$ 5.858,44;Jundiai (SALTO)
50078249;20041915;"CALCA SEG;JEANS;AZ MAR;TAM 48;S/FORR;FEM";BRCX;MR01;O.PURCHASE;26;R$ 246,37;R$ 6.405,68;Mauá
50078249;20041915;"CALCA SEG;JEANS;AZ MAR;TAM 48;S/FORR;FEM";BRCY;MR01;O.PURCHASE;18;R$ 225,32;R$ 4.055,84;Mogi Mirim
50078249;20041915;"CALCA SEG;JEANS;AZ MAR;TAM 48;S/FORR;FEM";BRCZ;MR01;O.PURCHASE;26;R$ 243,40;R$ 6.328,28;Norte (Caieiras)
50078249;20041915;"CALCA SEG;JEANS;AZ MAR;TAM 48;S/FORR;FEM";BRD0;MR01;O.PURCHASE;19;R$ 225,32;R$ 4.281,16;Presidente Prudente
50078249;20041915;"CALCA SEG;JEANS;AZ MAR;TAM 48;S/FORR;FEM";BRD1;MR01;O.PURCHASE;48;R$ 230,54;R$ 11.065,87;Ribeirão Preto
50078249;20041915;"CALCA SEG;JEANS;AZ MAR;TAM 48;S/FORR;FEM";BRD2;MR01;O.PURCHASE;0;R$ 0,00;R$ 0,00;São José dos Campos
50078249;20041915;"CALCA SEG;JEANS;AZ MAR;TAM 48;S/FORR;FEM";BRD3;MR01;O.PURCHASE;15;R$ 245,81;R$ 3.687,14;Suzano
50078249;20041915;"CALCA SEG;JEANS;AZ MAR;TAM 48;S/FORR;FEM";BRD4;MR01;O.PURCHASE;1;R$ 243,80;R$ 243,80;Votorantim (SALTO)
50078249;20041915;"CALCA SEG;JEANS;AZ MAR;TAM 48;S/FORR;FEM";BRD5;MR01;O.PURCHASE;4;R$ 233,32;R$ 933,27;Taubaté
50078249;20041915;"CALCA SEG;JEANS;AZ MAR;TAM 48;S/FORR;FEM";BRD7;MR01;O.PURCHASE;3;R$ 229,66;R$ 688,99;Litoral - Praia Grande
50078250;20041916;"CALCA SEG;JEANS;AZ MAR;TAM 50;S/FORR;FEM";BRCM;MR01;O.PURCHASE;6;R$ 277,16;R$ 1.662,93;Araçatuba
50078250;20041916;"CALCA SEG;JEANS;AZ MAR;TAM 50;S/FORR;FEM";BRCN;MR01;O.PURCHASE;54;R$ 243,74;R$ 13.161,73;Araraquara
50078250;20041916;"CALCA SEG;JEANS;AZ MAR;TAM 50;S/FORR;FEM";BRCQ;MR01;O.PURCHASE;2;R$ 254,35;R$ 508,70;Campinas
50078250;20041916;"CALCA SEG;JEANS;AZ MAR;TAM 50;S/FORR;FEM";BRCR;MR01;O.PURCHASE;22;R$ 225,32;R$ 4.957,14;Diadema
50078250;20041916;"CALCA SEG;JEANS;AZ MAR;TAM 50;S/FORR;FEM";BRCS;MR01;O.PURCHASE;9;R$ 232,72;R$ 2.094,52;Embu (SUL)
50078250;20041916;"CALCA SEG;JEANS;AZ MAR;TAM 50;S/FORR;FEM";BRCT;MR01;O.PURCHASE;17;R$ 225,32;R$ 3.830,52;Guarulhos
50078250;20041916;"CALCA SEG;JEANS;AZ MAR;TAM 50;S/FORR;FEM";BRCV;MR01;O.PURCHASE;1;R$ 258,08;R$ 258,08;Jundiai (SALTO)
50078250;20041916;"CALCA SEG;JEANS;AZ MAR;TAM 50;S/FORR;FEM";BRCX;MR01;O.PURCHASE;1;R$ 244,75;R$ 244,75;Mauá
50078250;20041916;"CALCA SEG;JEANS;AZ MAR;TAM 50;S/FORR;FEM";BRCY;MR01;O.PURCHASE;15;R$ 225,32;R$ 3.379,87;Mogi Mirim
50078250;20041916;"CALCA SEG;JEANS;AZ MAR;TAM 50;S/FORR;FEM";BRCZ;MR01;O.PURCHASE;24;R$ 241,07;R$ 5.785,70;Norte (Caieiras)
50078250;20041916;"CALCA SEG;JEANS;AZ MAR;TAM 50;S/FORR;FEM";BRD1;MR01;O.PURCHASE;49;R$ 230,54;R$ 11.296,42;Ribeirão Preto
50078250;20041916;"CALCA SEG;JEANS;AZ MAR;TAM 50;S/FORR;FEM";BRD2;MR01;O.PURCHASE;0;R$ 0,00;R$ 0,00;São José dos Campos
50078250;20041916;"CALCA SEG;JEANS;AZ MAR;TAM 50;S/FORR;FEM";BRD3;MR01;O.PURCHASE;1;R$ 209,09;R$ 209,09;Suzano
50078250;20041916;"CALCA SEG;JEANS;AZ MAR;TAM 50;S/FORR;FEM";BRD4;MR01;O.PURCHASE;22;R$ 235,43;R$ 5.179,42;Votorantim (SALTO)
50078250;20041916;"CALCA SEG;JEANS;AZ MAR;TAM 50;S/FORR;FEM";BRD5;MR01;O.PURCHASE;20;R$ 225,32;R$ 4.506,49;Taubaté
50078250;20041916;"CALCA SEG;JEANS;AZ MAR;TAM 50;S/FORR;FEM";BRD7;MR01;O.PURCHASE;17;R$ 230,50;R$ 3.918,47;Litoral - Praia Grande
50078251;20041917;"CALCA SEG;JEANS;AZ MAR;TAM 52;S/FORR;FEM";BRCM;MR01;O.PURCHASE;2;R$ 243,35;R$ 486,70;Araçatuba
50078251;20041917;"CALCA SEG;JEANS;AZ MAR;TAM 52;S/FORR;FEM";BRCN;MR01;O.PURCHASE;48;R$ 243,74;R$ 11.699,31;Araraquara
50078251;20041917;"CALCA SEG;JEANS;AZ MAR;TAM 52;S/FORR;FEM";BRCQ;MR01;O.PURCHASE;2;R$ 225,33;R$ 450,65;Campinas
50078251;20041917;"CALCA SEG;JEANS;AZ MAR;TAM 52;S/FORR;FEM";BRCR;MR01;O.PURCHASE;7;R$ 225,32;R$ 1.577,27;Diadema
50078251;20041917;"CALCA SEG;JEANS;AZ MAR;TAM 52;S/FORR;FEM";BRCS;MR01;O.PURCHASE;38;R$ 232,73;R$ 8.843,55;Embu (SUL)
50078251;20041917;"CALCA SEG;JEANS;AZ MAR;TAM 52;S/FORR;FEM";BRCT;MR01;O.PURCHASE;20;R$ 225,32;R$ 4.506,49;Guarulhos
50078251;20041917;"CALCA SEG;JEANS;AZ MAR;TAM 52;S/FORR;FEM";BRCU;MR01;O.PURCHASE;24;R$ 259,35;R$ 6.224,33;Jaú
50078251;20041917;"CALCA SEG;JEANS;AZ MAR;TAM 52;S/FORR;FEM";BRCV;MR01;O.PURCHASE;0;R$ 0,00;R$ 0,00;Jundiai (SALTO)
50078251;20041917;"CALCA SEG;JEANS;AZ MAR;TAM 52;S/FORR;FEM";BRCX;MR01;O.PURCHASE;22;R$ 225,32;R$ 4.957,14;Mauá
50078251;20041917;"CALCA SEG;JEANS;AZ MAR;TAM 52;S/FORR;FEM";BRCY;MR01;O.PURCHASE;19;R$ 238,59;R$ 4.533,22;Mogi Mirim
50078251;20041917;"CALCA SEG;JEANS;AZ MAR;TAM 52;S/FORR;FEM";BRCZ;MR01;O.PURCHASE;24;R$ 241,07;R$ 5.785,71;Norte (Caieiras)
50078251;20041917;"CALCA SEG;JEANS;AZ MAR;TAM 52;S/FORR;FEM";BRD1;MR01;O.PURCHASE;47;R$ 231,53;R$ 10.881,84;Ribeirão Preto
50078251;20041917;"CALCA SEG;JEANS;AZ MAR;TAM 52;S/FORR;FEM";BRD2;MR01;O.PURCHASE;10;R$ 225,33;R$ 2.253,25;São José dos Campos
50078251;20041917;"CALCA SEG;JEANS;AZ MAR;TAM 52;S/FORR;FEM";BRD3;MR01;O.PURCHASE;14;R$ 259,35;R$ 3.630,87;Suzano
50078251;20041917;"CALCA SEG;JEANS;AZ MAR;TAM 52;S/FORR;FEM";BRD5;MR01;O.PURCHASE;20;R$ 230,45;R$ 4.609,09;Taubaté
50078251;20041917;"CALCA SEG;JEANS;AZ MAR;TAM 52;S/FORR;FEM";BRD7;MR01;O.PURCHASE;0;R$ 0,00;R$ 0,00;Litoral - Praia Grande
50078252;20041918;"CALCA SEG;JEANS;AZ MAR;TAM 54;S/FORR;FEM";BRCM;MR01;O.PURCHASE;3;R$ 231,32;R$ 693,96;Araçatuba
50078252;20041918;"CALCA SEG;JEANS;AZ MAR;TAM 54;S/FORR;FEM";BRCN;MR01;O.PURCHASE;60;R$ 235,99;R$ 14.159,29;Araraquara
50078252;20041918;"CALCA SEG;JEANS;AZ MAR;TAM 54;S/FORR;FEM";BRCQ;MR01;O.PURCHASE;0;R$ 0,00;R$ 0,00;Campinas
50078252;20041918;"CALCA SEG;JEANS;AZ MAR;TAM 54;S/FORR;FEM";BRCR;MR01;O.PURCHASE;11;R$ 230,24;R$ 2.532,69;Diadema
50078252;20041918;"CALCA SEG;JEANS;AZ MAR;TAM 54;S/FORR;FEM";BRCS;MR01;O.PURCHASE;36;R$ 230,07;R$ 8.282,64;Embu (SUL)
50078252;20041918;"CALCA SEG;JEANS;AZ MAR;TAM 54;S/FORR;FEM";BRCT;MR01;O.PURCHASE;29;R$ 225,32;R$ 6.534,41;Guarulhos
50078252;20041918;"CALCA SEG;JEANS;AZ MAR;TAM 54;S/FORR;FEM";BRCU;MR01;O.PURCHASE;30;R$ 259,35;R$ 7.780,43;Jaú
50078252;20041918;"CALCA SEG;JEANS;AZ MAR;TAM 54;S/FORR;FEM";BRCV;MR01;O.PURCHASE;20;R$ 225,32;R$ 4.506,49;Jundiai (SALTO)
50078252;20041918;"CALCA SEG;JEANS;AZ MAR;TAM 54;S/FORR;FEM";BRCX;MR01;O.PURCHASE;16;R$ 225,32;R$ 3.605,19;Mauá
50078252;20041918;"CALCA SEG;JEANS;AZ MAR;TAM 54;S/FORR;FEM";BRCY;MR01;O.PURCHASE;15;R$ 226,94;R$ 3.404,07;Mogi Mirim
50078252;20041918;"CALCA SEG;JEANS;AZ MAR;TAM 54;S/FORR;FEM";BRCZ;MR01;O.PURCHASE;24;R$ 241,07;R$ 5.785,71;Norte (Caieiras)
50078252;20041918;"CALCA SEG;JEANS;AZ MAR;TAM 54;S/FORR;FEM";BRD1;MR01;O.PURCHASE;24;R$ 230,25;R$ 5.525,88;Ribeirão Preto
50078252;20041918;"CALCA SEG;JEANS;AZ MAR;TAM 54;S/FORR;FEM";BRD2;MR01;O.PURCHASE;13;R$ 225,32;R$ 2.929,22;São José dos Campos
50078252;20041918;"CALCA SEG;JEANS;AZ MAR;TAM 54;S/FORR;FEM";BRD3;MR01;O.PURCHASE;5;R$ 259,35;R$ 1.296,74;Suzano
50078252;20041918;"CALCA SEG;JEANS;AZ MAR;TAM 54;S/FORR;FEM";BRD4;MR01;O.PURCHASE;27;R$ 232,66;R$ 6.281,79;Votorantim (SALTO)
50078252;20041918;"CALCA SEG;JEANS;AZ MAR;TAM 54;S/FORR;FEM";BRD5;MR01;O.PURCHASE;1;R$ 229,97;R$ 229,97;Taubaté
50078252;20041918;"CALCA SEG;JEANS;AZ MAR;TAM 54;S/FORR;FEM";BRD7;MR01;O.PURCHASE;29;R$ 228,62;R$ 6.629,97;Litoral - Praia Grande
50078253;20041919;"CALCA SEG;JEANS;AZ MAR;TAM 56;S/FORR;FEM";BRCM;MR01;O.PURCHASE;4;R$ 231,32;R$ 925,28;Araçatuba
50078253;20041919;"CALCA SEG;JEANS;AZ MAR;TAM 56;S/FORR;FEM";BRCN;MR01;O.PURCHASE;60;R$ 243,74;R$ 14.624,15;Araraquara
50078253;20041919;"CALCA SEG;JEANS;AZ MAR;TAM 56;S/FORR;FEM";BRCO;MR01;O.PURCHASE;20;R$ 236,77;R$ 4.735,31;Barueri
50078253;20041919;"CALCA SEG;JEANS;AZ MAR;TAM 56;S/FORR;FEM";BRCR;MR01;O.PURCHASE;10;R$ 230,25;R$ 2.302,45;Diadema
50078253;20041919;"CALCA SEG;JEANS;AZ MAR;TAM 56;S/FORR;FEM";BRCS;MR01;O.PURCHASE;40;R$ 232,73;R$ 9.309,00;Embu (SUL)
50078253;20041919;"CALCA SEG;JEANS;AZ MAR;TAM 56;S/FORR;FEM";BRCT;MR01;O.PURCHASE;30;R$ 225,32;R$ 6.759,73;Guarulhos
50078253;20041919;"CALCA SEG;JEANS;AZ MAR;TAM 56;S/FORR;FEM";BRCU;MR01;O.PURCHASE;29;R$ 259,35;R$ 7.521,08;Jaú
50078253;20041919;"CALCA SEG;JEANS;AZ MAR;TAM 56;S/FORR;FEM";BRCV;MR01;O.PURCHASE;20;R$ 225,32;R$ 4.506,49;Jundiai (SALTO)
50078253;20041919;"CALCA SEG;JEANS;AZ MAR;TAM 56;S/FORR;FEM";BRCX;MR01;O.PURCHASE;27;R$ 225,32;R$ 6.083,76;Mauá
50078253;20041919;"CALCA SEG;JEANS;AZ MAR;TAM 56;S/FORR;FEM";BRCY;MR01;O.PURCHASE;15;R$ 225,32;R$ 3.379,87;Mogi Mirim
50078253;20041919;"CALCA SEG;JEANS;AZ MAR;TAM 56;S/FORR;FEM";BRCZ;MR01;O.PURCHASE;28;R$ 246,17;R$ 6.892,70;Norte (Caieiras)
50078253;20041919;"CALCA SEG;JEANS;AZ MAR;TAM 56;S/FORR;FEM";BRD0;MR01;O.PURCHASE;56;R$ 226,39;R$ 12.677,92;Presidente Prudente
50078253;20041919;"CALCA SEG;JEANS;AZ MAR;TAM 56;S/FORR;FEM";BRD1;MR01;O.PURCHASE;29;R$ 230,24;R$ 6.677,10;Ribeirão Preto
50078253;20041919;"CALCA SEG;JEANS;AZ MAR;TAM 56;S/FORR;FEM";BRD2;MR01;O.PURCHASE;0;R$ 0,00;R$ 0,00;São José dos Campos
50078253;20041919;"CALCA SEG;JEANS;AZ MAR;TAM 56;S/FORR;FEM";BRD3;MR01;O.PURCHASE;22;R$ 259,35;R$ 5.705,65;Suzano
50078253;20041919;"CALCA SEG;JEANS;AZ MAR;TAM 56;S/FORR;FEM";BRD4;MR01;O.PURCHASE;27;R$ 232,66;R$ 6.281,79;Votorantim (SALTO)
50078253;20041919;"CALCA SEG;JEANS;AZ MAR;TAM 56;S/FORR;FEM";BRD5;MR01;O.PURCHASE;5;R$ 227,98;R$ 1.139,88;Taubaté
50078253;20041919;"CALCA SEG;JEANS;AZ MAR;TAM 56;S/FORR;FEM";BRD7;MR01;O.PURCHASE;15;R$ 233,79;R$ 3.506,91;Litoral - Praia Grande
50078259;20041925;"CALCA SEG;JEANS;AZ MAR;TAM 36;S/FORR";BRCR;MR01;O.PURCHASE;4;R$ 239,24;R$ 956,94;Diadema
50078259;20041925;"CALCA SEG;JEANS;AZ MAR;TAM 36;S/FORR";BRD0;MR01;O.PURCHASE;1;R$ 375,02;R$ 375,02;Presidente Prudente
50078259;20041925;"CALCA SEG;JEANS;AZ MAR;TAM 36;S/FORR";BRD1;MR01;O.PURCHASE;0;R$ 0,00;R$ 0,00;Ribeirão Preto
50078259;20041925;"CALCA SEG;JEANS;AZ MAR;TAM 36;S/FORR";BRD2;MR01;O.PURCHASE;1;R$ 251,41;R$ 251,41;São José dos Campos
50078259;20041925;"CALCA SEG;JEANS;AZ MAR;TAM 36;S/FORR";BRD4;MR01;O.PURCHASE;9;R$ 237,07;R$ 2.133,66;Votorantim (SALTO)
50078260;20041926;"CALCA SEG;JEANS;AZ MAR;TAM 38;S/FORR";BRCM;MR01;O.PURCHASE;29;R$ 225,32;R$ 6.534,41;Araçatuba
50078260;20041926;"CALCA SEG;JEANS;AZ MAR;TAM 38;S/FORR";BRCN;MR01;O.PURCHASE;60;R$ 229,11;R$ 13.746,85;Araraquara
50078260;20041926;"CALCA SEG;JEANS;AZ MAR;TAM 38;S/FORR";BRCO;MR01;O.PURCHASE;18;R$ 202,00;R$ 3.636,01;Barueri
50078260;20041926;"CALCA SEG;JEANS;AZ MAR;TAM 38;S/FORR";BRCR;MR01;O.PURCHASE;9;R$ 227,79;R$ 2.050,09;Diadema
50078260;20041926;"CALCA SEG;JEANS;AZ MAR;TAM 38;S/FORR";BRCT;MR01;O.PURCHASE;43;R$ 214,97;R$ 9.243,92;Guarulhos
50078260;20041926;"CALCA SEG;JEANS;AZ MAR;TAM 38;S/FORR";BRCU;MR01;O.PURCHASE;30;R$ 225,32;R$ 6.759,73;Jaú
50078260;20041926;"CALCA SEG;JEANS;AZ MAR;TAM 38;S/FORR";BRCV;MR01;O.PURCHASE;46;R$ 243,96;R$ 11.222,14;Jundiai (SALTO)
50078260;20041926;"CALCA SEG;JEANS;AZ MAR;TAM 38;S/FORR";BRCX;MR01;O.PURCHASE;7;R$ 225,32;R$ 1.577,27;Mauá
50078260;20041926;"CALCA SEG;JEANS;AZ MAR;TAM 38;S/FORR";BRCY;MR01;O.PURCHASE;24;R$ 226,94;R$ 5.446,50;Mogi Mirim
50078260;20041926;"CALCA SEG;JEANS;AZ MAR;TAM 38;S/FORR";BRCZ;MR01;O.PURCHASE;23;R$ 238,45;R$ 5.484,29;Norte (Caieiras)
50078260;20041926;"CALCA SEG;JEANS;AZ MAR;TAM 38;S/FORR";BRD0;MR01;O.PURCHASE;3;R$ 245,95;R$ 737,86;Presidente Prudente
50078260;20041926;"CALCA SEG;JEANS;AZ MAR;TAM 38;S/FORR";BRD1;MR01;O.PURCHASE;4;R$ 244,49;R$ 977,96;Ribeirão Preto
50078260;20041926;"CALCA SEG;JEANS;AZ MAR;TAM 38;S/FORR";BRD3;MR01;O.PURCHASE;30;R$ 253,02;R$ 7.590,58;Suzano
50078260;20041926;"CALCA SEG;JEANS;AZ MAR;TAM 38;S/FORR";BRD4;MR01;O.PURCHASE;3;R$ 237,64;R$ 712,93;Votorantim (SALTO)
50078260;20041926;"CALCA SEG;JEANS;AZ MAR;TAM 38;S/FORR";BRD5;MR01;O.PURCHASE;0;R$ 0,00;R$ 0,00;Taubaté
50078261;20041927;"CALCA SEG;JEANS;AZ MAR;40;S/FORR;MASC";BRCM;MR01;O.PURCHASE;18;R$ 225,33;R$ 4.055,85;Araçatuba
50078261;20041927;"CALCA SEG;JEANS;AZ MAR;40;S/FORR;MASC";BRCN;MR01;O.PURCHASE;30;R$ 229,84;R$ 6.895,30;Araraquara
50078261;20041927;"CALCA SEG;JEANS;AZ MAR;40;S/FORR;MASC";BRCO;MR01;O.PURCHASE;14;R$ 228,54;R$ 3.199,59;Barueri
50078261;20041927;"CALCA SEG;JEANS;AZ MAR;40;S/FORR;MASC";BRCT;MR01;O.PURCHASE;30;R$ 226,30;R$ 6.789,02;Guarulhos
50078261;20041927;"CALCA SEG;JEANS;AZ MAR;40;S/FORR;MASC";BRCU;MR01;O.PURCHASE;21;R$ 245,08;R$ 5.146,76;Jaú
50078261;20041927;"CALCA SEG;JEANS;AZ MAR;40;S/FORR;MASC";BRCV;MR01;O.PURCHASE;28;R$ 225,30;R$ 6.308,26;Jundiai (SALTO)
50078261;20041927;"CALCA SEG;JEANS;AZ MAR;40;S/FORR;MASC";BRCX;MR01;O.PURCHASE;8;R$ 217,35;R$ 1.738,76;Mauá
50078261;20041927;"CALCA SEG;JEANS;AZ MAR;40;S/FORR;MASC";BRCY;MR01;O.PURCHASE;16;R$ 225,32;R$ 3.605,19;Mogi Mirim
50078261;20041927;"CALCA SEG;JEANS;AZ MAR;40;S/FORR;MASC";BRCZ;MR01;O.PURCHASE;13;R$ 238,45;R$ 3.099,80;Norte (Caieiras)
50078261;20041927;"CALCA SEG;JEANS;AZ MAR;40;S/FORR;MASC";BRD0;MR01;O.PURCHASE;60;R$ 231,64;R$ 13.898,29;Presidente Prudente
50078261;20041927;"CALCA SEG;JEANS;AZ MAR;40;S/FORR;MASC";BRD1;MR01;O.PURCHASE;10;R$ 230,25;R$ 2.302,45;Ribeirão Preto
50078261;20041927;"CALCA SEG;JEANS;AZ MAR;40;S/FORR;MASC";BRD3;MR01;O.PURCHASE;28;R$ 240,52;R$ 6.734,52;Suzano
50078261;20041927;"CALCA SEG;JEANS;AZ MAR;40;S/FORR;MASC";BRD4;MR01;O.PURCHASE;22;R$ 223,70;R$ 4.921,41;Votorantim (SALTO)
50078261;20041927;"CALCA SEG;JEANS;AZ MAR;40;S/FORR;MASC";BRD7;MR01;O.PURCHASE;4;R$ 223,94;R$ 895,74;Litoral - Praia Grande
50078262;20041928;"CALCA SEG;JEANS;AZ MAR;42;S/FORR;MASC";BRCM;MR01;O.PURCHASE;4;R$ 238,31;R$ 953,22;Araçatuba
50078262;20041928;"CALCA SEG;JEANS;AZ MAR;42;S/FORR;MASC";BRCN;MR01;O.PURCHASE;30;R$ 229,84;R$ 6.895,30;Araraquara
50078262;20041928;"CALCA SEG;JEANS;AZ MAR;42;S/FORR;MASC";BRCO;MR01;O.PURCHASE;5;R$ 128,36;R$ 641,81;Barueri
50078262;20041928;"CALCA SEG;JEANS;AZ MAR;42;S/FORR;MASC";BRCQ;MR01;O.PURCHASE;16;R$ 128,36;R$ 2.053,79;Campinas
50078262;20041928;"CALCA SEG;JEANS;AZ MAR;42;S/FORR;MASC";BRCT;MR01;O.PURCHASE;3;R$ 239,59;R$ 718,78;Guarulhos
50078262;20041928;"CALCA SEG;JEANS;AZ MAR;42;S/FORR;MASC";BRCU;MR01;O.PURCHASE;7;R$ 236,84;R$ 1.657,90;Jaú
50078262;20041928;"CALCA SEG;JEANS;AZ MAR;42;S/FORR;MASC";BRCV;MR01;O.PURCHASE;3;R$ 225,66;R$ 676,99;Jundiai (SALTO)
50078262;20041928;"CALCA SEG;JEANS;AZ MAR;42;S/FORR;MASC";BRCX;MR01;O.PURCHASE;10;R$ 198,43;R$ 1.984,25;Mauá
50078262;20041928;"CALCA SEG;JEANS;AZ MAR;42;S/FORR;MASC";BRCY;MR01;O.PURCHASE;8;R$ 225,32;R$ 1.802,59;Mogi Mirim
50078262;20041928;"CALCA SEG;JEANS;AZ MAR;42;S/FORR;MASC";BRCZ;MR01;O.PURCHASE;11;R$ 129,31;R$ 1.422,41;Norte (Caieiras)
50078262;20041928;"CALCA SEG;JEANS;AZ MAR;42;S/FORR;MASC";BRD0;MR01;O.PURCHASE;4;R$ 231,51;R$ 926,05;Presidente Prudente
50078262;20041928;"CALCA SEG;JEANS;AZ MAR;42;S/FORR;MASC";BRD1;MR01;O.PURCHASE;2;R$ 225,33;R$ 450,65;Ribeirão Preto
50078262;20041928;"CALCA SEG;JEANS;AZ MAR;42;S/FORR;MASC";BRD3;MR01;O.PURCHASE;7;R$ 247,70;R$ 1.733,89;Suzano
50078262;20041928;"CALCA SEG;JEANS;AZ MAR;42;S/FORR;MASC";BRD4;MR01;O.PURCHASE;22;R$ 220,68;R$ 4.854,87;Votorantim (SALTO)
50078262;20041928;"CALCA SEG;JEANS;AZ MAR;42;S/FORR;MASC";BRD7;MR01;O.PURCHASE;4;R$ 131,92;R$ 527,69;Litoral - Praia Grande
50078263;20041929;"CALCA SEG;JEANS;AZ MAR;TAM 44;S/FORR";BRCN;MR01;O.PURCHASE;1;R$ 273,38;R$ 273,38;Araraquara
50078263;20041929;"CALCA SEG;JEANS;AZ MAR;TAM 44;S/FORR";BRCO;MR01;O.PURCHASE;21;R$ 128,36;R$ 2.695,59;Barueri
50078263;20041929;"CALCA SEG;JEANS;AZ MAR;TAM 44;S/FORR";BRCQ;MR01;O.PURCHASE;20;R$ 128,36;R$ 2.567,24;Campinas
50078263;20041929;"CALCA SEG;JEANS;AZ MAR;TAM 44;S/FORR";BRCR;MR01;O.PURCHASE;0;R$ 0,00;R$ 0,00;Diadema
50078263;20041929;"CALCA SEG;JEANS;AZ MAR;TAM 44;S/FORR";BRCT;MR01;O.PURCHASE;0;R$ 0,00;R$ 0,00;Guarulhos
50078263;20041929;"CALCA SEG;JEANS;AZ MAR;TAM 44;S/FORR";BRCU;MR01;O.PURCHASE;12;R$ 251,54;R$ 3.018,50;Jaú
50078263;20041929;"CALCA SEG;JEANS;AZ MAR;TAM 44;S/FORR";BRCV;MR01;O.PURCHASE;11;R$ 227,59;R$ 2.503,54;Jundiai (SALTO)
50078263;20041929;"CALCA SEG;JEANS;AZ MAR;TAM 44;S/FORR";BRCX;MR01;O.PURCHASE;6;R$ 181,53;R$ 1.089,16;Mauá
50078263;20041929;"CALCA SEG;JEANS;AZ MAR;TAM 44;S/FORR";BRCY;MR01;O.PURCHASE;12;R$ 225,32;R$ 2.703,89;Mogi Mirim
50078263;20041929;"CALCA SEG;JEANS;AZ MAR;TAM 44;S/FORR";BRD0;MR01;O.PURCHASE;4;R$ 276,84;R$ 1.107,34;Presidente Prudente
50078263;20041929;"CALCA SEG;JEANS;AZ MAR;TAM 44;S/FORR";BRD1;MR01;O.PURCHASE;3;R$ 230,24;R$ 690,73;Ribeirão Preto
50078263;20041929;"CALCA SEG;JEANS;AZ MAR;TAM 44;S/FORR";BRD3;MR01;O.PURCHASE;9;R$ 248,28;R$ 2.234,53;Suzano
50078263;20041929;"CALCA SEG;JEANS;AZ MAR;TAM 44;S/FORR";BRD4;MR01;O.PURCHASE;29;R$ 214,32;R$ 6.215,40;Votorantim (SALTO)
50078263;20041929;"CALCA SEG;JEANS;AZ MAR;TAM 44;S/FORR";BRD5;MR01;O.PURCHASE;0;R$ 0,00;R$ 0,00;Taubaté
50078263;20041929;"CALCA SEG;JEANS;AZ MAR;TAM 44;S/FORR";BRD7;MR01;O.PURCHASE;4;R$ 127,46;R$ 509,83;Litoral - Praia Grande
50078264;20041930;"CALCA SEG;JEANS;AZ MAR;TAM 46;S/FORR";BRCN;MR01;O.PURCHASE;20;R$ 227,42;R$ 4.548,33;Araraquara
50078264;20041930;"CALCA SEG;JEANS;AZ MAR;TAM 46;S/FORR";BRCO;MR01;O.PURCHASE;15;R$ 128,36;R$ 1.925,44;Barueri
50078264;20041930;"CALCA SEG;JEANS;AZ MAR;TAM 46;S/FORR";BRCQ;MR01;O.PURCHASE;4;R$ 128,36;R$ 513,45;Campinas
50078264;20041930;"CALCA SEG;JEANS;AZ MAR;TAM 46;S/FORR";BRCR;MR01;O.PURCHASE;0;R$ 0,00;R$ 0,00;Diadema
50078264;20041930;"CALCA SEG;JEANS;AZ MAR;TAM 46;S/FORR";BRCT;MR01;O.PURCHASE;6;R$ 189,58;R$ 1.137,48;Guarulhos
50078264;20041930;"CALCA SEG;JEANS;AZ MAR;TAM 46;S/FORR";BRCU;MR01;O.PURCHASE;6;R$ 245,24;R$ 1.471,45;Jaú
50078264;20041930;"CALCA SEG;JEANS;AZ MAR;TAM 46;S/FORR";BRCV;MR01;O.PURCHASE;24;R$ 226,76;R$ 5.442,24;Jundiai (SALTO)
50078264;20041930;"CALCA SEG;JEANS;AZ MAR;TAM 46;S/FORR";BRCX;MR01;O.PURCHASE;0;R$ 0,00;R$ 0,00;Mauá
50078264;20041930;"CALCA SEG;JEANS;AZ MAR;TAM 46;S/FORR";BRCY;MR01;O.PURCHASE;9;R$ 225,32;R$ 2.027,92;Mogi Mirim
50078264;20041930;"CALCA SEG;JEANS;AZ MAR;TAM 46;S/FORR";BRD0;MR01;O.PURCHASE;4;R$ 243,17;R$ 972,66;Presidente Prudente
50078264;20041930;"CALCA SEG;JEANS;AZ MAR;TAM 46;S/FORR";BRD2;MR01;O.PURCHASE;0;R$ 0,00;R$ 0,00;São José dos Campos
50078264;20041930;"CALCA SEG;JEANS;AZ MAR;TAM 46;S/FORR";BRD4;MR01;O.PURCHASE;2;R$ 217,28;R$ 434,55;Votorantim (SALTO)
50078264;20041930;"CALCA SEG;JEANS;AZ MAR;TAM 46;S/FORR";BRD7;MR01;O.PURCHASE;1;R$ 128,36;R$ 128,36;Litoral - Praia Grande
50078265;20041931;"CALCA SEG;JEANS;AZ MAR;TAM 48;S/FORR";BRCM;MR01;O.PURCHASE;8;R$ 142,11;R$ 1.136,84;Araçatuba
50078265;20041931;"CALCA SEG;JEANS;AZ MAR;TAM 48;S/FORR";BRCN;MR01;O.PURCHASE;30;R$ 226,17;R$ 6.785,20;Araraquara
50078265;20041931;"CALCA SEG;JEANS;AZ MAR;TAM 48;S/FORR";BRCO;MR01;O.PURCHASE;3;R$ 128,36;R$ 385,08;Barueri
50078265;20041931;"CALCA SEG;JEANS;AZ MAR;TAM 48;S/FORR";BRCR;MR01;O.PURCHASE;11;R$ 128,36;R$ 1.411,97;Diadema
50078265;20041931;"CALCA SEG;JEANS;AZ MAR;TAM 48;S/FORR";BRCU;MR01;O.PURCHASE;0;R$ 0,00;R$ 0,00;Jaú
50078265;20041931;"CALCA SEG;JEANS;AZ MAR;TAM 48;S/FORR";BRCV;MR01;O.PURCHASE;23;R$ 225,91;R$ 5.195,97;Jundiai (SALTO)
50078265;20041931;"CALCA SEG;JEANS;AZ MAR;TAM 48;S/FORR";BRCX;MR01;O.PURCHASE;14;R$ 189,08;R$ 2.647,17;Mauá
50078265;20041931;"CALCA SEG;JEANS;AZ MAR;TAM 48;S/FORR";BRCY;MR01;O.PURCHASE;14;R$ 226,94;R$ 3.177,13;Mogi Mirim
50078265;20041931;"CALCA SEG;JEANS;AZ MAR;TAM 48;S/FORR";BRCZ;MR01;O.PURCHASE;6;R$ 127,64;R$ 765,82;Norte (Caieiras)
50078265;20041931;"CALCA SEG;JEANS;AZ MAR;TAM 48;S/FORR";BRD0;MR01;O.PURCHASE;6;R$ 248,01;R$ 1.488,08;Presidente Prudente
50078265;20041931;"CALCA SEG;JEANS;AZ MAR;TAM 48;S/FORR";BRD1;MR01;O.PURCHASE;0;R$ 0,00;R$ 0,00;Ribeirão Preto
50078265;20041931;"CALCA SEG;JEANS;AZ MAR;TAM 48;S/FORR";BRD4;MR01;O.PURCHASE;26;R$ 215,86;R$ 5.612,24;Votorantim (SALTO)
50078265;20041931;"CALCA SEG;JEANS;AZ MAR;TAM 48;S/FORR";BRD5;MR01;O.PURCHASE;3;R$ 238,23;R$ 714,69;Taubaté
50078265;20041931;"CALCA SEG;JEANS;AZ MAR;TAM 48;S/FORR";BRD7;MR01;O.PURCHASE;1;R$ 128,36;R$ 128,36;Litoral - Praia Grande
50078266;20041932;"CALCA SEG;JEANS;AZ MAR;TAM 50;S/FORR";BRCM;MR01;O.PURCHASE;8;R$ 128,36;R$ 1.026,89;Araçatuba
50078266;20041932;"CALCA SEG;JEANS;AZ MAR;TAM 50;S/FORR";BRCO;MR01;O.PURCHASE;9;R$ 128,19;R$ 1.153,69;Barueri
50078266;20041932;"CALCA SEG;JEANS;AZ MAR;TAM 50;S/FORR";BRCU;MR01;O.PURCHASE;0;R$ 0,00;R$ 0,00;Jaú
50078266;20041932;"CALCA SEG;JEANS;AZ MAR;TAM 50;S/FORR";BRCV;MR01;O.PURCHASE;8;R$ 271,12;R$ 2.168,92;Jundiai (SALTO)
50078266;20041932;"CALCA SEG;JEANS;AZ MAR;TAM 50;S/FORR";BRCX;MR01;O.PURCHASE;4;R$ 217,05;R$ 868,21;Mauá
50078266;20041932;"CALCA SEG;JEANS;AZ MAR;TAM 50;S/FORR";BRCY;MR01;O.PURCHASE;5;R$ 225,32;R$ 1.126,62;Mogi Mirim
50078266;20041932;"CALCA SEG;JEANS;AZ MAR;TAM 50;S/FORR";BRCZ;MR01;O.PURCHASE;22;R$ 241,07;R$ 5.303,57;Norte (Caieiras)
50078266;20041932;"CALCA SEG;JEANS;AZ MAR;TAM 50;S/FORR";BRD4;MR01;O.PURCHASE;24;R$ 249,13;R$ 5.979,17;Votorantim (SALTO)
50078267;20041933;"CALCA SEG;JEANS;AZ MAR;TAM 52;S/FORR";BRCM;MR01;O.PURCHASE;2;R$ 185,60;R$ 371,20;Araçatuba
50078267;20041933;"CALCA SEG;JEANS;AZ MAR;TAM 52;S/FORR";BRCN;MR01;O.PURCHASE;26;R$ 225,03;R$ 5.850,77;Araraquara
50078267;20041933;"CALCA SEG;JEANS;AZ MAR;TAM 52;S/FORR";BRCO;MR01;O.PURCHASE;32;R$ 202,12;R$ 6.467,74;Barueri
50078267;20041933;"CALCA SEG;JEANS;AZ MAR;TAM 52;S/FORR";BRCQ;MR01;O.PURCHASE;4;R$ 128,36;R$ 513,45;Campinas
50078267;20041933;"CALCA SEG;JEANS;AZ MAR;TAM 52;S/FORR";BRCR;MR01;O.PURCHASE;2;R$ 231,10;R$ 462,20;Diadema
50078267;20041933;"CALCA SEG;JEANS;AZ MAR;TAM 52;S/FORR";BRCT;MR01;O.PURCHASE;6;R$ 225,33;R$ 1.351,95;Guarulhos
50078267;20041933;"CALCA SEG;JEANS;AZ MAR;TAM 52;S/FORR";BRCU;MR01;O.PURCHASE;20;R$ 247,38;R$ 4.947,64;Jaú
50078267;20041933;"CALCA SEG;JEANS;AZ MAR;TAM 52;S/FORR";BRCV;MR01;O.PURCHASE;49;R$ 224,92;R$ 11.021,29;Jundiai (SALTO)
50078267;20041933;"CALCA SEG;JEANS;AZ MAR;TAM 52;S/FORR";BRCX;MR01;O.PURCHASE;14;R$ 213,36;R$ 2.987,00;Mauá
50078267;20041933;"CALCA SEG;JEANS;AZ MAR;TAM 52;S/FORR";BRCY;MR01;O.PURCHASE;10;R$ 225,32;R$ 2.253,24;Mogi Mirim
50078267;20041933;"CALCA SEG;JEANS;AZ MAR;TAM 52;S/FORR";BRCZ;MR01;O.PURCHASE;23;R$ 240,55;R$ 5.532,72;Norte (Caieiras)
50078267;20041933;"CALCA SEG;JEANS;AZ MAR;TAM 52;S/FORR";BRD1;MR01;O.PURCHASE;0;R$ 0,00;R$ 0,00;Ribeirão Preto
50078267;20041933;"CALCA SEG;JEANS;AZ MAR;TAM 52;S/FORR";BRD3;MR01;O.PURCHASE;1;R$ 235,19;R$ 235,19;Suzano
50078267;20041933;"CALCA SEG;JEANS;AZ MAR;TAM 52;S/FORR";BRD4;MR01;O.PURCHASE;25;R$ 216,00;R$ 5.400,12;Votorantim (SALTO)
50078267;20041933;"CALCA SEG;JEANS;AZ MAR;TAM 52;S/FORR";BRD7;MR01;O.PURCHASE;6;R$ 219,30;R$ 1.315,82;Litoral - Praia Grande
50078268;20041934;"CALCA SEG;JEANS;AZ MAR;TAM 54;S/FORR";BRCM;MR01;O.PURCHASE;10;R$ 262,96;R$ 2.629,57;Araçatuba
50078268;20041934;"CALCA SEG;JEANS;AZ MAR;TAM 54;S/FORR";BRCN;MR01;O.PURCHASE;58;R$ 229,11;R$ 13.288,62;Araraquara
50078268;20041934;"CALCA SEG;JEANS;AZ MAR;TAM 54;S/FORR";BRCO;MR01;O.PURCHASE;14;R$ 228,54;R$ 3.199,54;Barueri
50078268;20041934;"CALCA SEG;JEANS;AZ MAR;TAM 54;S/FORR";BRCQ;MR01;O.PURCHASE;2;R$ 250,58;R$ 501,15;Campinas
50078268;20041934;"CALCA SEG;JEANS;AZ MAR;TAM 54;S/FORR";BRCT;MR01;O.PURCHASE;22;R$ 221,84;R$ 4.880,56;Guarulhos
50078268;20041934;"CALCA SEG;JEANS;AZ MAR;TAM 54;S/FORR";BRCU;MR01;O.PURCHASE;6;R$ 264,11;R$ 1.584,66;Jaú
50078268;20041934;"CALCA SEG;JEANS;AZ MAR;TAM 54;S/FORR";BRCV;MR01;O.PURCHASE;0;R$ 0,00;R$ 0,00;Jundiai (SALTO)
50078268;20041934;"CALCA SEG;JEANS;AZ MAR;TAM 54;S/FORR";BRCX;MR01;O.PURCHASE;17;R$ 214,09;R$ 3.639,48;Mauá
50078268;20041934;"CALCA SEG;JEANS;AZ MAR;TAM 54;S/FORR";BRCY;MR01;O.PURCHASE;26;R$ 225,32;R$ 5.858,44;Mogi Mirim
50078268;20041934;"CALCA SEG;JEANS;AZ MAR;TAM 54;S/FORR";BRCZ;MR01;O.PURCHASE;27;R$ 227,43;R$ 6.140,60;Norte (Caieiras)
50078268;20041934;"CALCA SEG;JEANS;AZ MAR;TAM 54;S/FORR";BRD0;MR01;O.PURCHASE;6;R$ 253,48;R$ 1.520,86;Presidente Prudente
50078268;20041934;"CALCA SEG;JEANS;AZ MAR;TAM 54;S/FORR";BRD1;MR01;O.PURCHASE;16;R$ 225,32;R$ 3.605,19;Ribeirão Preto
50078268;20041934;"CALCA SEG;JEANS;AZ MAR;TAM 54;S/FORR";BRD3;MR01;O.PURCHASE;3;R$ 251,84;R$ 755,51;Suzano
50078268;20041934;"CALCA SEG;JEANS;AZ MAR;TAM 54;S/FORR";BRD4;MR01;O.PURCHASE;46;R$ 226,86;R$ 10.435,75;Votorantim (SALTO)
50078268;20041934;"CALCA SEG;JEANS;AZ MAR;TAM 54;S/FORR";BRD7;MR01;O.PURCHASE;16;R$ 222,97;R$ 3.567,55;Litoral - Praia Grande
50078269;20041935;"CALCA SEG;JEANS;AZ MAR;TAM 56;S/FORR";BRCM;MR01;O.PURCHASE;26;R$ 225,32;R$ 5.858,44;Araçatuba
50078269;20041935;"CALCA SEG;JEANS;AZ MAR;TAM 56;S/FORR";BRCN;MR01;O.PURCHASE;60;R$ 229,11;R$ 13.746,85;Araraquara
50078269;20041935;"CALCA SEG;JEANS;AZ MAR;TAM 56;S/FORR";BRCO;MR01;O.PURCHASE;12;R$ 212,18;R$ 2.546,20;Barueri
50078269;20041935;"CALCA SEG;JEANS;AZ MAR;TAM 56;S/FORR";BRCQ;MR01;O.PURCHASE;13;R$ 251,76;R$ 3.272,92;Campinas
50078269;20041935;"CALCA SEG;JEANS;AZ MAR;TAM 56;S/FORR";BRCR;MR01;O.PURCHASE;3;R$ 257,00;R$ 770,99;Diadema
50078269;20041935;"CALCA SEG;JEANS;AZ MAR;TAM 56;S/FORR";BRCT;MR01;O.PURCHASE;56;R$ 226,40;R$ 12.678,51;Guarulhos
50078269;20041935;"CALCA SEG;JEANS;AZ MAR;TAM 56;S/FORR";BRCU;MR01;O.PURCHASE;7;R$ 235,78;R$ 1.650,47;Jaú
50078269;20041935;"CALCA SEG;JEANS;AZ MAR;TAM 56;S/FORR";BRCX;MR01;O.PURCHASE;9;R$ 214,09;R$ 1.926,78;Mauá
50078269;20041935;"CALCA SEG;JEANS;AZ MAR;TAM 56;S/FORR";BRCY;MR01;O.PURCHASE;10;R$ 225,32;R$ 2.253,24;Mogi Mirim
50078269;20041935;"CALCA SEG;JEANS;AZ MAR;TAM 56;S/FORR";BRCZ;MR01;O.PURCHASE;23;R$ 228,36;R$ 5.252,37;Norte (Caieiras)
50078269;20041935;"CALCA SEG;JEANS;AZ MAR;TAM 56;S/FORR";BRD1;MR01;O.PURCHASE;0;R$ 0,00;R$ 0,00;Ribeirão Preto
50078269;20041935;"CALCA SEG;JEANS;AZ MAR;TAM 56;S/FORR";BRD2;MR01;O.PURCHASE;1;R$ 225,32;R$ 225,32;São José dos Campos
50078269;20041935;"CALCA SEG;JEANS;AZ MAR;TAM 56;S/FORR";BRD4;MR01;O.PURCHASE;11;R$ 225,32;R$ 2.478,57;Votorantim (SALTO)
50078269;20041935;"CALCA SEG;JEANS;AZ MAR;TAM 56;S/FORR";BRD7;MR01;O.PURCHASE;18;R$ 225,32;R$ 4.055,84;Litoral - Praia Grande
50078270;20041936;"CALCA SEG;JEANS;AZ MAR;TAM 58;S/FORR";BRCM;MR01;O.PURCHASE;17;R$ 247,86;R$ 4.213,61;Araçatuba
50078270;20041936;"CALCA SEG;JEANS;AZ MAR;TAM 58;S/FORR";BRCN;MR01;O.PURCHASE;30;R$ 256,31;R$ 7.689,25;Araraquara
50078270;20041936;"CALCA SEG;JEANS;AZ MAR;TAM 58;S/FORR";BRCO;MR01;O.PURCHASE;13;R$ 270,46;R$ 3.516,03;Barueri
50078270;20041936;"CALCA SEG;JEANS;AZ MAR;TAM 58;S/FORR";BRCQ;MR01;O.PURCHASE;14;R$ 247,86;R$ 3.470,03;Campinas
50078270;20041936;"CALCA SEG;JEANS;AZ MAR;TAM 58;S/FORR";BRCR;MR01;O.PURCHASE;3;R$ 247,86;R$ 743,57;Diadema
50078270;20041936;"CALCA SEG;JEANS;AZ MAR;TAM 58;S/FORR";BRCS;MR01;O.PURCHASE;9;R$ 247,86;R$ 2.230,74;Embu (SUL)
50078270;20041936;"CALCA SEG;JEANS;AZ MAR;TAM 58;S/FORR";BRCT;MR01;O.PURCHASE;17;R$ 247,86;R$ 4.213,61;Guarulhos
50078270;20041936;"CALCA SEG;JEANS;AZ MAR;TAM 58;S/FORR";BRCU;MR01;O.PURCHASE;26;R$ 247,86;R$ 6.444,35;Jaú
50078270;20041936;"CALCA SEG;JEANS;AZ MAR;TAM 58;S/FORR";BRCV;MR01;O.PURCHASE;14;R$ 253,27;R$ 3.545,83;Jundiai (SALTO)
50078270;20041936;"CALCA SEG;JEANS;AZ MAR;TAM 58;S/FORR";BRCX;MR01;O.PURCHASE;10;R$ 258,80;R$ 2.587,98;Mauá
50078270;20041936;"CALCA SEG;JEANS;AZ MAR;TAM 58;S/FORR";BRCY;MR01;O.PURCHASE;29;R$ 249,47;R$ 7.234,74;Mogi Mirim
50078270;20041936;"CALCA SEG;JEANS;AZ MAR;TAM 58;S/FORR";BRCZ;MR01;O.PURCHASE;21;R$ 270,11;R$ 5.672,25;Norte (Caieiras)
50078270;20041936;"CALCA SEG;JEANS;AZ MAR;TAM 58;S/FORR";BRD0;MR01;O.PURCHASE;17;R$ 247,86;R$ 4.213,61;Presidente Prudente
50078270;20041936;"CALCA SEG;JEANS;AZ MAR;TAM 58;S/FORR";BRD1;MR01;O.PURCHASE;13;R$ 247,86;R$ 3.222,17;Ribeirão Preto
50078270;20041936;"CALCA SEG;JEANS;AZ MAR;TAM 58;S/FORR";BRD2;MR01;O.PURCHASE;17;R$ 247,86;R$ 4.213,61;São José dos Campos
50078270;20041936;"CALCA SEG;JEANS;AZ MAR;TAM 58;S/FORR";BRD3;MR01;O.PURCHASE;17;R$ 287,51;R$ 4.887,63;Suzano
50078270;20041936;"CALCA SEG;JEANS;AZ MAR;TAM 58;S/FORR";BRD4;MR01;O.PURCHASE;27;R$ 247,86;R$ 6.692,21;Votorantim (SALTO)
50078270;20041936;"CALCA SEG;JEANS;AZ MAR;TAM 58;S/FORR";BRD5;MR01;O.PURCHASE;15;R$ 247,86;R$ 3.717,89;Taubaté
50078270;20041936;"CALCA SEG;JEANS;AZ MAR;TAM 58;S/FORR";BRD7;MR01;O.PURCHASE;27;R$ 236,77;R$ 6.392,74;Litoral - Praia Grande
50078271;20041937;"CALCA SEG;JEANS;AZ MAR;TAM 60;S/FORR";BRD7;MR01;O.PURCHASE;1;R$ 285,40;R$ 285,40;Litoral - Praia Grande
50078272;20041938;"CALCA SEG;JEANS;AZ MAR;TAM 62;S/FORR";BRD7;MR01;O.PURCHASE;1;R$ 285,40;R$ 285,40;Litoral - Praia Grande
50078273;20041939;"CALCA SEG;JEANS;AZ MAR;TAM 64;S/FORR";BRD7;MR01;O.PURCHASE;1;R$ 285,40;R$ 285,40;Litoral - Praia Grande
50078275;20041941;"CAMISA;MASC;COLARINH;LG;AZ;TAM GG;C/LOGO";BRCO;MR01;O.PURCHASE;15;R$ 88,84;R$ 1.332,58;Barueri
50078275;20041941;"CAMISA;MASC;COLARINH;LG;AZ;TAM GG;C/LOGO";BRCX;MR01;O.PURCHASE;6;R$ 85,62;R$ 513,74;Mauá
50078276;20041942;"CAMISA;MASC;COLARINH;LG;AZ;TAM M;C/LOGO";BRCV;MR01;O.PURCHASE;0;R$ 0,00;R$ 0,00;Jundiai (SALTO)
50078276;20041942;"CAMISA;MASC;COLARINH;LG;AZ;TAM M;C/LOGO";BRCX;MR01;O.PURCHASE;1;R$ 93,12;R$ 93,12;Mauá
50078276;20041942;"CAMISA;MASC;COLARINH;LG;AZ;TAM M;C/LOGO";BRD4;MR01;O.PURCHASE;12;R$ 98,71;R$ 1.184,50;Votorantim (SALTO)
50078277;20041943;"CAMISA;MASC;COLARINH;LG;AZ;TAM P;C/LOGO";BRCO;MR01;O.PURCHASE;8;R$ 87,62;R$ 700,99;Barueri
50078277;20041943;"CAMISA;MASC;COLARINH;LG;AZ;TAM P;C/LOGO";BRCV;MR01;O.PURCHASE;0;R$ 0,00;R$ 0,00;Jundiai (SALTO)
50078277;20041943;"CAMISA;MASC;COLARINH;LG;AZ;TAM P;C/LOGO";BRCX;MR01;O.PURCHASE;3;R$ 98,11;R$ 294,34;Mauá
50078277;20041943;"CAMISA;MASC;COLARINH;LG;AZ;TAM P;C/LOGO";BRD4;MR01;O.PURCHASE;9;R$ 100,91;R$ 908,18;Votorantim (SALTO)
50078279;20041945;"CAMISA;MASC;COLARINH;LG;AZ;TAM XG;C/LOGO";BRCO;MR01;O.PURCHASE;24;R$ 89,87;R$ 2.156,79;Barueri
50078282;20041948;"CAMISETA;BABY LOOK FEM;CT;MALH PV;CZ/PT";BRCX;MR01;O.PURCHASE;5;R$ 40,77;R$ 203,84;Mauá
50078282;20041948;"CAMISETA;BABY LOOK FEM;CT;MALH PV;CZ/PT";BRD3;MR01;O.PURCHASE;0;R$ 0,00;R$ 0,00;Suzano
50078283;20041949;"CAMISETA;BABY LOOK FEM;CT;MALH PV;CZ/PT";BRCO;MR01;O.PURCHASE;35;R$ 40,96;R$ 1.433,77;Barueri
50078283;20041949;"CAMISETA;BABY LOOK FEM;CT;MALH PV;CZ/PT";BRCX;MR01;O.PURCHASE;7;R$ 43,46;R$ 304,19;Mauá
50078283;20041949;"CAMISETA;BABY LOOK FEM;CT;MALH PV;CZ/PT";BRD3;MR01;O.PURCHASE;1;R$ 40,93;R$ 40,93;Suzano
50078286;20041952;"CAMISETA;BABY LOOK FEM;CT;MALH PV;CZ/PT";BRCO;MR01;O.PURCHASE;23;R$ 46,96;R$ 1.080,15;Barueri
50078286;20041952;"CAMISETA;BABY LOOK FEM;CT;MALH PV;CZ/PT";BRCX;MR01;O.PURCHASE;9;R$ 40,77;R$ 366,92;Mauá
50078286;20041952;"CAMISETA;BABY LOOK FEM;CT;MALH PV;CZ/PT";BRD3;MR01;O.PURCHASE;1;R$ 40,86;R$ 40,86;Suzano
50078287;20041953;"CAMISETA;BABY LOOK FEM;CANOA;CT;CZ/PT;P";BRCO;MR01;O.PURCHASE;40;R$ 41,66;R$ 1.666,52;Barueri
50078287;20041953;"CAMISETA;BABY LOOK FEM;CANOA;CT;CZ/PT;P";BRCX;MR01;O.PURCHASE;5;R$ 44,30;R$ 221,49;Mauá
50078287;20041953;"CAMISETA;BABY LOOK FEM;CANOA;CT;CZ/PT;P";BRD3;MR01;O.PURCHASE;5;R$ 40,93;R$ 204,67;Suzano
50078288;20041954;"CAMISETA;BABY LOOK FEM;CT;MALH PV;CZ/PT";BRD3;MR01;O.PURCHASE;8;R$ 63,85;R$ 510,76;Suzano
50078290;20041956;"CAMISETA;MASC;CT;50 ALG/50 PES;PT;TAM M";BRCM;MR01;O.PURCHASE;11;R$ 44,52;R$ 489,67;Araçatuba
50078290;20041956;"CAMISETA;MASC;CT;50 ALG/50 PES;PT;TAM M";BRCO;MR01;O.PURCHASE;3;R$ 44,50;R$ 133,50;Barueri
50078290;20041956;"CAMISETA;MASC;CT;50 ALG/50 PES;PT;TAM M";BRCR;MR01;O.PURCHASE;11;R$ 44,51;R$ 489,66;Diadema
50078290;20041956;"CAMISETA;MASC;CT;50 ALG/50 PES;PT;TAM M";BRCT;MR01;O.PURCHASE;23;R$ 43,97;R$ 1.011,26;Guarulhos
50078290;20041956;"CAMISETA;MASC;CT;50 ALG/50 PES;PT;TAM M";BRCV;MR01;O.PURCHASE;4;R$ 44,52;R$ 178,06;Jundiai (SALTO)
50078290;20041956;"CAMISETA;MASC;CT;50 ALG/50 PES;PT;TAM M";BRCX;MR01;O.PURCHASE;8;R$ 58,14;R$ 465,11;Mauá
50078290;20041956;"CAMISETA;MASC;CT;50 ALG/50 PES;PT;TAM M";BRD1;MR01;O.PURCHASE;7;R$ 50,39;R$ 352,70;Ribeirão Preto
50078290;20041956;"CAMISETA;MASC;CT;50 ALG/50 PES;PT;TAM M";BRD2;MR01;O.PURCHASE;10;R$ 59,86;R$ 598,63;São José dos Campos
50078290;20041956;"CAMISETA;MASC;CT;50 ALG/50 PES;PT;TAM M";BRD3;MR01;O.PURCHASE;5;R$ 44,51;R$ 222,57;Suzano
50078290;20041956;"CAMISETA;MASC;CT;50 ALG/50 PES;PT;TAM M";BRD5;MR01;O.PURCHASE;1;R$ 58,95;R$ 58,95;Taubaté
50078290;20041956;"CAMISETA;MASC;CT;50 ALG/50 PES;PT;TAM M";BRD7;MR01;O.PURCHASE;3;R$ 43,97;R$ 131,91;Litoral - Praia Grande
50078291;20041957;"CAMISETA;MASC;CT;50 ALG/50 PES;PT;TAM P";BRCM;MR01;O.PURCHASE;7;R$ 46,26;R$ 323,80;Araçatuba
50078291;20041957;"CAMISETA;MASC;CT;50 ALG/50 PES;PT;TAM P";BRCT;MR01;O.PURCHASE;2;R$ 43,97;R$ 87,94;Guarulhos
50078291;20041957;"CAMISETA;MASC;CT;50 ALG/50 PES;PT;TAM P";BRD0;MR01;O.PURCHASE;39;R$ 44,28;R$ 1.726,80;Presidente Prudente
50078291;20041957;"CAMISETA;MASC;CT;50 ALG/50 PES;PT;TAM P";BRD1;MR01;O.PURCHASE;26;R$ 44,52;R$ 1.157,39;Ribeirão Preto
50078291;20041957;"CAMISETA;MASC;CT;50 ALG/50 PES;PT;TAM P";BRD2;MR01;O.PURCHASE;6;R$ 63,80;R$ 382,77;São José dos Campos
50078291;20041957;"CAMISETA;MASC;CT;50 ALG/50 PES;PT;TAM P";BRD3;MR01;O.PURCHASE;2;R$ 44,52;R$ 89,03;Suzano
50078291;20041957;"CAMISETA;MASC;CT;50 ALG/50 PES;PT;TAM P";BRD7;MR01;O.PURCHASE;6;R$ 44,52;R$ 267,09;Litoral - Praia Grande
50078292;20041958;"CAMISETA;MASC;CT;50 ALG/50 PES;PT;TAM PP";BRD3;MR01;O.PURCHASE;0;R$ 0,00;R$ 0,00;Suzano
50078293;20041959;"CAMISETA;MASC;CT;50 ALG/50 PES;PT;TAM XG";BRCM;MR01;O.PURCHASE;20;R$ 73,49;R$ 1.469,82;Araçatuba
50078293;20041959;"CAMISETA;MASC;CT;50 ALG/50 PES;PT;TAM XG";BRCN;MR01;O.PURCHASE;0;R$ 0,00;R$ 0,00;Araraquara
50078293;20041959;"CAMISETA;MASC;CT;50 ALG/50 PES;PT;TAM XG";BRCR;MR01;O.PURCHASE;0;R$ 0,00;R$ 0,00;Diadema
50078293;20041959;"CAMISETA;MASC;CT;50 ALG/50 PES;PT;TAM XG";BRCT;MR01;O.PURCHASE;26;R$ 61,74;R$ 1.605,20;Guarulhos
50078293;20041959;"CAMISETA;MASC;CT;50 ALG/50 PES;PT;TAM XG";BRCV;MR01;O.PURCHASE;18;R$ 66,14;R$ 1.190,43;Jundiai (SALTO)
50078293;20041959;"CAMISETA;MASC;CT;50 ALG/50 PES;PT;TAM XG";BRCX;MR01;O.PURCHASE;20;R$ 63,48;R$ 1.269,56;Mauá
50078293;20041959;"CAMISETA;MASC;CT;50 ALG/50 PES;PT;TAM XG";BRCZ;MR01;O.PURCHASE;6;R$ 61,93;R$ 371,60;Norte (Caieiras)
50078293;20041959;"CAMISETA;MASC;CT;50 ALG/50 PES;PT;TAM XG";BRD0;MR01;O.PURCHASE;24;R$ 57,46;R$ 1.379,10;Presidente Prudente
50078293;20041959;"CAMISETA;MASC;CT;50 ALG/50 PES;PT;TAM XG";BRD1;MR01;O.PURCHASE;15;R$ 63,37;R$ 950,61;Ribeirão Preto
50078293;20041959;"CAMISETA;MASC;CT;50 ALG/50 PES;PT;TAM XG";BRD2;MR01;O.PURCHASE;18;R$ 61,59;R$ 1.108,65;São José dos Campos
50078293;20041959;"CAMISETA;MASC;CT;50 ALG/50 PES;PT;TAM XG";BRD3;MR01;O.PURCHASE;30;R$ 59,33;R$ 1.779,78;Suzano
50078293;20041959;"CAMISETA;MASC;CT;50 ALG/50 PES;PT;TAM XG";BRD4;MR01;O.PURCHASE;23;R$ 57,46;R$ 1.321,64;Votorantim (SALTO)
50078293;20041959;"CAMISETA;MASC;CT;50 ALG/50 PES;PT;TAM XG";BRD7;MR01;O.PURCHASE;19;R$ 57,46;R$ 1.091,80;Litoral - Praia Grande
50078296;20041962;"CAMISETA;MASC;CT;50 ALG/50 PES;PT;TAM G";BRCX;MR01;O.PURCHASE;3;R$ 59,37;R$ 178,10;Mauá
50078297;20041963;"CAMISETA;MASC;CT;50 ALG/50 PES;PT;TAM GG";BRCO;MR01;O.PURCHASE;5;R$ 54,81;R$ 274,04;Barueri
50078299;20041965;"CAMISETA;MASC;CT;50 ALG/50 PES;PT;TAM P";BRD3;MR01;O.PURCHASE;0;R$ 0,00;R$ 0,00;Suzano
50078300;20041966;"CAMISETA;MASC;CT;50 ALG/50 PES;PT;TAM PP";BRD3;MR01;O.PURCHASE;2;R$ 62,10;R$ 124,20;Suzano
50078301;20041967;"CAMISETA;MASC;CT;50 ALG/50 PES;PT;TAM XG";BRCO;MR01;O.PURCHASE;25;R$ 50,62;R$ 1.265,38;Barueri
50078301;20041967;"CAMISETA;MASC;CT;50 ALG/50 PES;PT;TAM XG";BRCX;MR01;O.PURCHASE;6;R$ 50,15;R$ 300,92;Mauá
50078301;20041967;"CAMISETA;MASC;CT;50 ALG/50 PES;PT;TAM XG";BRD3;MR01;O.PURCHASE;4;R$ 50,30;R$ 201,21;Suzano
50078309;20041976;"CAMISA;MASC;COLARINH;LG;AZ;TAM M;C/LOGO";BRCV;MR01;O.PURCHASE;0;R$ 0,00;R$ 0,00;Jundiai (SALTO)
50078310;20041977;"CAMISA;MASC;COLARINH;LG;AZ;TAM P;C/LOGO";BRCO;MR01;O.PURCHASE;20;R$ 87,03;R$ 1.740,54;Barueri
50078310;20041977;"CAMISA;MASC;COLARINH;LG;AZ;TAM P;C/LOGO";BRCT;MR01;O.PURCHASE;0;R$ 0,00;R$ 0,00;Guarulhos
50078310;20041977;"CAMISA;MASC;COLARINH;LG;AZ;TAM P;C/LOGO";BRD4;MR01;O.PURCHASE;9;R$ 92,84;R$ 835,58;Votorantim (SALTO)
50078311;20041978;"CAMISA;MASC;COLARINH;LG;AZ;TAM PP;C/LOGO";BRCT;MR01;O.PURCHASE;1;R$ 174,69;R$ 174,69;Guarulhos
50078312;20041979;"CAMISA;MASC;COLARINH;LG;AZ;TAM XG;C/LOGO";BRCO;MR01;O.PURCHASE;23;R$ 95,20;R$ 2.189,63;Barueri
50078314;20041981;"CAMISA;MASC;COLARINH;LG;AZ;TAM EXG";BRCT;MR01;O.PURCHASE;0;R$ 0,00;R$ 0,00;Guarulhos
50078314;20041981;"CAMISA;MASC;COLARINH;LG;AZ;TAM EXG";BRCZ;MR01;O.PURCHASE;1;R$ 91,21;R$ 91,21;Norte (Caieiras)
50078315;20041982;"CAMISA;FEM;COLARINH;LG;AZ;TAM G;C/LOGO";BRCQ;MR01;O.PURCHASE;1;R$ 99,32;R$ 99,32;Campinas
50078315;20041982;"CAMISA;FEM;COLARINH;LG;AZ;TAM G;C/LOGO";BRCU;MR01;O.PURCHASE;3;R$ 107,48;R$ 322,45;Jaú
50078315;20041982;"CAMISA;FEM;COLARINH;LG;AZ;TAM G;C/LOGO";BRCX;MR01;O.PURCHASE;5;R$ 103,23;R$ 516,17;Mauá
50078315;20041982;"CAMISA;FEM;COLARINH;LG;AZ;TAM G;C/LOGO";BRD4;MR01;O.PURCHASE;11;R$ 98,26;R$ 1.080,90;Votorantim (SALTO)
50078315;20041982;"CAMISA;FEM;COLARINH;LG;AZ;TAM G;C/LOGO";BRD7;MR01;O.PURCHASE;2;R$ 86,65;R$ 173,30;Litoral - Praia Grande
50078316;20041983;"CAMISA;FEM;COLARINH;LG;AZ;TAM GG;C/LOGO";BRCO;MR01;O.PURCHASE;14;R$ 110,27;R$ 1.543,81;Barueri
50078316;20041983;"CAMISA;FEM;COLARINH;LG;AZ;TAM GG;C/LOGO";BRD7;MR01;O.PURCHASE;8;R$ 100,30;R$ 802,43;Litoral - Praia Grande
50078317;20041984;"CAMISA;FEM;COLARINH;LG;AZ;TAM M;C/LOGO";BRCO;MR01;O.PURCHASE;30;R$ 88,84;R$ 2.665,17;Barueri
50078317;20041984;"CAMISA;FEM;COLARINH;LG;AZ;TAM M;C/LOGO";BRCQ;MR01;O.PURCHASE;6;R$ 92,63;R$ 555,79;Campinas
50078317;20041984;"CAMISA;FEM;COLARINH;LG;AZ;TAM M;C/LOGO";BRCT;MR01;O.PURCHASE;1;R$ 106,65;R$ 106,65;Guarulhos
50078317;20041984;"CAMISA;FEM;COLARINH;LG;AZ;TAM M;C/LOGO";BRCU;MR01;O.PURCHASE;5;R$ 88,65;R$ 443,24;Jaú
50078317;20041984;"CAMISA;FEM;COLARINH;LG;AZ;TAM M;C/LOGO";BRCX;MR01;O.PURCHASE;5;R$ 91,06;R$ 455,31;Mauá
50078317;20041984;"CAMISA;FEM;COLARINH;LG;AZ;TAM M;C/LOGO";BRD4;MR01;O.PURCHASE;10;R$ 90,93;R$ 909,29;Votorantim (SALTO)
50078317;20041984;"CAMISA;FEM;COLARINH;LG;AZ;TAM M;C/LOGO";BRD7;MR01;O.PURCHASE;1;R$ 87,13;R$ 87,13;Litoral - Praia Grande
50078318;20041985;"CAMISA;FEM;COLARINH;LG;AZ;TAM P;C/LOGO";BRCO;MR01;O.PURCHASE;25;R$ 89,62;R$ 2.240,52;Barueri
50078318;20041985;"CAMISA;FEM;COLARINH;LG;AZ;TAM P;C/LOGO";BRCT;MR01;O.PURCHASE;5;R$ 135,85;R$ 679,27;Guarulhos
50078318;20041985;"CAMISA;FEM;COLARINH;LG;AZ;TAM P;C/LOGO";BRCU;MR01;O.PURCHASE;6;R$ 101,04;R$ 606,21;Jaú
50078318;20041985;"CAMISA;FEM;COLARINH;LG;AZ;TAM P;C/LOGO";BRD4;MR01;O.PURCHASE;12;R$ 90,93;R$ 1.091,15;Votorantim (SALTO)
50078318;20041985;"CAMISA;FEM;COLARINH;LG;AZ;TAM P;C/LOGO";BRD7;MR01;O.PURCHASE;5;R$ 86,16;R$ 430,82;Litoral - Praia Grande
50078319;20041986;"CAMISA;FEM;COLARINH;LG;AZ;TAM PP;C/LOGO";BRCQ;MR01;O.PURCHASE;1;R$ 77,12;R$ 77,12;Campinas
50078319;20041986;"CAMISA;FEM;COLARINH;LG;AZ;TAM PP;C/LOGO";BRCT;MR01;O.PURCHASE;8;R$ 85,19;R$ 681,54;Guarulhos
50078319;20041986;"CAMISA;FEM;COLARINH;LG;AZ;TAM PP;C/LOGO";BRD4;MR01;O.PURCHASE;9;R$ 94,14;R$ 847,23;Votorantim (SALTO)
50078320;20041987;"CAMISA;FEM;COLARINH;LG;AZ;TAM XG;C/LOGO";BRCO;MR01;O.PURCHASE;10;R$ 110,22;R$ 1.102,19;Barueri
50078323;20041990;"CAMISA;FEM;COLARINH;LG;AZ;TAM G;C/LOGO";BRCO;MR01;O.PURCHASE;27;R$ 96,62;R$ 2.608,81;Barueri
50078323;20041990;"CAMISA;FEM;COLARINH;LG;AZ;TAM G;C/LOGO";BRCU;MR01;O.PURCHASE;4;R$ 109,17;R$ 436,68;Jaú
50078323;20041990;"CAMISA;FEM;COLARINH;LG;AZ;TAM G;C/LOGO";BRCX;MR01;O.PURCHASE;5;R$ 87,40;R$ 436,98;Mauá
50078323;20041990;"CAMISA;FEM;COLARINH;LG;AZ;TAM G;C/LOGO";BRD7;MR01;O.PURCHASE;3;R$ 86,65;R$ 259,95;Litoral - Praia Grande
50078324;20041991;"CAMISA;FEM;COLARINH;LG;AZ;TAM GG;C/LOGO";BRCO;MR01;O.PURCHASE;14;R$ 87,05;R$ 1.218,73;Barueri
50078324;20041991;"CAMISA;FEM;COLARINH;LG;AZ;TAM GG;C/LOGO";BRCX;MR01;O.PURCHASE;5;R$ 91,06;R$ 455,31;Mauá
50078324;20041991;"CAMISA;FEM;COLARINH;LG;AZ;TAM GG;C/LOGO";BRD4;MR01;O.PURCHASE;1;R$ 90,93;R$ 90,93;Votorantim (SALTO)
50078324;20041991;"CAMISA;FEM;COLARINH;LG;AZ;TAM GG;C/LOGO";BRD7;MR01;O.PURCHASE;8;R$ 89,94;R$ 719,50;Litoral - Praia Grande
50078325;20041992;"CAMISA;FEM;COLARINH;LG;AZ;TAM M;C/LOGO";BRCO;MR01;O.PURCHASE;28;R$ 101,78;R$ 2.849,83;Barueri
50078325;20041992;"CAMISA;FEM;COLARINH;LG;AZ;TAM M;C/LOGO";BRCQ;MR01;O.PURCHASE;5;R$ 92,61;R$ 463,07;Campinas
50078325;20041992;"CAMISA;FEM;COLARINH;LG;AZ;TAM M;C/LOGO";BRCT;MR01;O.PURCHASE;0;R$ 0,00;R$ 0,00;Guarulhos
50078325;20041992;"CAMISA;FEM;COLARINH;LG;AZ;TAM M;C/LOGO";BRCU;MR01;O.PURCHASE;5;R$ 88,65;R$ 443,24;Jaú
50078325;20041992;"CAMISA;FEM;COLARINH;LG;AZ;TAM M;C/LOGO";BRCX;MR01;O.PURCHASE;6;R$ 87,40;R$ 524,38;Mauá
50078325;20041992;"CAMISA;FEM;COLARINH;LG;AZ;TAM M;C/LOGO";BRD4;MR01;O.PURCHASE;12;R$ 90,93;R$ 1.091,15;Votorantim (SALTO)
50078325;20041992;"CAMISA;FEM;COLARINH;LG;AZ;TAM M;C/LOGO";BRD7;MR01;O.PURCHASE;2;R$ 87,14;R$ 174,27;Litoral - Praia Grande
50078326;20041993;"CAMISA;FEM;COLARINH;LG;AZ;TAM P;C/LOGO";BRCO;MR01;O.PURCHASE;13;R$ 90,04;R$ 1.170,56;Barueri
50078326;20041993;"CAMISA;FEM;COLARINH;LG;AZ;TAM P;C/LOGO";BRCQ;MR01;O.PURCHASE;1;R$ 96,32;R$ 96,32;Campinas
50078326;20041993;"CAMISA;FEM;COLARINH;LG;AZ;TAM P;C/LOGO";BRCU;MR01;O.PURCHASE;6;R$ 90,81;R$ 544,86;Jaú
50078326;20041993;"CAMISA;FEM;COLARINH;LG;AZ;TAM P;C/LOGO";BRD4;MR01;O.PURCHASE;12;R$ 113,68;R$ 1.364,14;Votorantim (SALTO)
50078326;20041993;"CAMISA;FEM;COLARINH;LG;AZ;TAM P;C/LOGO";BRD7;MR01;O.PURCHASE;5;R$ 86,16;R$ 430,82;Litoral - Praia Grande
50078327;20041994;"CAMISA;FEM;COLARINH;LG;AZ;TAM PP;C/LOGO";BRCQ;MR01;O.PURCHASE;6;R$ 96,32;R$ 577,94;Campinas
50078327;20041994;"CAMISA;FEM;COLARINH;LG;AZ;TAM PP;C/LOGO";BRCT;MR01;O.PURCHASE;0;R$ 0,00;R$ 0,00;Guarulhos
50078327;20041994;"CAMISA;FEM;COLARINH;LG;AZ;TAM PP;C/LOGO";BRD4;MR01;O.PURCHASE;9;R$ 94,14;R$ 847,23;Votorantim (SALTO)
50078328;20041995;"CAMISA;FEM;COLARINH;LG;AZ;TAM XG;C/LOGO";BRCO;MR01;O.PURCHASE;20;R$ 87,05;R$ 1.741,05;Barueri
50078331;20042030;"CAMISETA;BABY LOOK FEM;CT;MALH PV;CZ/PT";BRCO;MR01;O.PURCHASE;19;R$ 43,65;R$ 829,29;Barueri
50078331;20042030;"CAMISETA;BABY LOOK FEM;CT;MALH PV;CZ/PT";BRCV;MR01;O.PURCHASE;10;R$ 73,86;R$ 738,59;Jundiai (SALTO)
50078331;20042030;"CAMISETA;BABY LOOK FEM;CT;MALH PV;CZ/PT";BRCX;MR01;O.PURCHASE;9;R$ 40,77;R$ 366,92;Mauá
50078331;20042030;"CAMISETA;BABY LOOK FEM;CT;MALH PV;CZ/PT";BRD3;MR01;O.PURCHASE;0;R$ 0,00;R$ 0,00;Suzano
50078332;20042031;"CAMISETA;BABY LOOK FEM;CT;MALH PV;CZ/PT";BRCO;MR01;O.PURCHASE;38;R$ 42,04;R$ 1.597,61;Barueri
50078332;20042031;"CAMISETA;BABY LOOK FEM;CT;MALH PV;CZ/PT";BRCV;MR01;O.PURCHASE;0;R$ 0,00;R$ 0,00;Jundiai (SALTO)
50078332;20042031;"CAMISETA;BABY LOOK FEM;CT;MALH PV;CZ/PT";BRD3;MR01;O.PURCHASE;6;R$ 41,03;R$ 246,18;Suzano
50078333;20042032;"CAMISETA;BABY LOOK FEM;CT;MALH PV;CZ/PT";BRD3;MR01;O.PURCHASE;10;R$ 68,72;R$ 687,20;Suzano
50078334;20042033;"CAMISETA;BABY LOOK FEM;CT;MALH PV;CZ/PT";BRCV;MR01;O.PURCHASE;0;R$ 0,00;R$ 0,00;Jundiai (SALTO)
50078335;20042034;"CAMISETA;BABY LOOK FEM;CT;MALH PV;CZ/PT";BRCO;MR01;O.PURCHASE;15;R$ 43,80;R$ 656,94;Barueri
50078335;20042034;"CAMISETA;BABY LOOK FEM;CT;MALH PV;CZ/PT";BRCX;MR01;O.PURCHASE;5;R$ 40,94;R$ 204,69;Mauá
50078335;20042034;"CAMISETA;BABY LOOK FEM;CT;MALH PV;CZ/PT";BRD3;MR01;O.PURCHASE;0;R$ 0,00;R$ 0,00;Suzano
50078336;20042035;"CAMISETA;BABY LOOK FEM;CT;MALH PV;CZ/PT";BRCO;MR01;O.PURCHASE;4;R$ 35,32;R$ 141,26;Barueri
50078336;20042035;"CAMISETA;BABY LOOK FEM;CT;MALH PV;CZ/PT";BRCX;MR01;O.PURCHASE;5;R$ 40,77;R$ 203,84;Mauá
50078336;20042035;"CAMISETA;BABY LOOK FEM;CT;MALH PV;CZ/PT";BRD3;MR01;O.PURCHASE;5;R$ 40,86;R$ 204,29;Suzano
50078339;20042038;"CAMISETA;MASC;CT;MALH PV;CZ/PT;TAM G";BRD3;MR01;O.PURCHASE;0;R$ 0,00;R$ 0,00;Suzano
50078340;20042039;"CAMISETA;MASC;CT;MALH PV;CZ/PT;TAM GG";BRCV;MR01;O.PURCHASE;0;R$ 0,00;R$ 0,00;Jundiai (SALTO)
50078340;20042039;"CAMISETA;MASC;CT;MALH PV;CZ/PT;TAM GG";BRD3;MR01;O.PURCHASE;7;R$ 32,33;R$ 226,34;Suzano
50078341;20042040;"CAMISETA;MASC;CT;MALH PV;CZ/PT;TAM M";BRCV;MR01;O.PURCHASE;0;R$ 0,00;R$ 0,00;Jundiai (SALTO)
50078342;20042041;"CAMISETA;MASC;CT;MALH PV;CZ/PT;TAM P";BRCO;MR01;O.PURCHASE;14;R$ 32,34;R$ 452,70;Barueri
50078342;20042041;"CAMISETA;MASC;CT;MALH PV;CZ/PT;TAM P";BRCX;MR01;O.PURCHASE;3;R$ 70,51;R$ 211,53;Mauá
50078343;20042042;"CAMISETA;MASC;CT;MALH PV;CZ/PT;TAM PP";BRD3;MR01;O.PURCHASE;0;R$ 0,00;R$ 0,00;Suzano
50078344;20042043;"CAMISETA;MASC;CT;MALH PV;CZ/PT;TAM XG";BRCO;MR01;O.PURCHASE;17;R$ 43,02;R$ 731,32;Barueri
50078344;20042043;"CAMISETA;MASC;CT;MALH PV;CZ/PT;TAM XG";BRCQ;MR01;O.PURCHASE;0;R$ 0,00;R$ 0,00;Campinas
50078350;20042049;"CAMISETA;MASC;CT;MALH PV;CZ/PT;TAM P";BRCO;MR01;O.PURCHASE;11;R$ 38,11;R$ 419,19;Barueri
50078350;20042049;"CAMISETA;MASC;CT;MALH PV;CZ/PT;TAM P";BRCX;MR01;O.PURCHASE;1;R$ 71,12;R$ 71,12;Mauá
50078352;20042051;"CAMISETA;MASC;CT;MALH PV;CZ/PT;TAM XG";BRD3;MR01;O.PURCHASE;5;R$ 41,92;R$ 209,58;Suzano
50078469;0;"PAPEL SULF;A4;210X297MM;BR;75G/M2";BRCT;MR01;O.IMPORTED;24;R$ 143,50;R$ 3.444,00;Guarulhos
50078469;0;"PAPEL SULF;A4;210X297MM;BR;75G/M2";BRCT;MR01;O.PURCHASE;88;R$ 146,23;R$ 12.868,63;Guarulhos
50078469;0;"PAPEL SULF;A4;210X297MM;BR;75G/M2";BRD5;MR01;O.PURCHASE;15;R$ 167,90;R$ 2.518,49;Taubaté
50078550;20035408;"CAMISA;MASC;ML;AZ MAR;P;LOGO;BORD AMBEV";BRCV;MR01;O.PURCHASE;4;R$ 68,71;R$ 274,82;Jundiai (SALTO)
50078550;20035408;"CAMISA;MASC;ML;AZ MAR;P;LOGO;BORD AMBEV";BRCX;MR01;O.PURCHASE;2;R$ 79,32;R$ 158,64;Mauá
50078550;20035408;"CAMISA;MASC;ML;AZ MAR;P;LOGO;BORD AMBEV";BRD3;MR01;O.PURCHASE;10;R$ 125,46;R$ 1.254,63;Suzano
50078551;20035409;"CAMISA;MASC;ML;AZ MAR;M;LOGO;BORD AMBEV";BRCM;MR01;O.PURCHASE;1;R$ 64,81;R$ 64,81;Araçatuba
50078551;20035409;"CAMISA;MASC;ML;AZ MAR;M;LOGO;BORD AMBEV";BRCV;MR01;O.PURCHASE;1;R$ 68,70;R$ 68,70;Jundiai (SALTO)
50078551;20035409;"CAMISA;MASC;ML;AZ MAR;M;LOGO;BORD AMBEV";BRD0;MR01;O.PURCHASE;4;R$ 78,93;R$ 315,70;Presidente Prudente
50078552;20035410;"CAMISA;MASC;ML;AZ MAR;G;LOGO;BORD AMBEV";BRCV;MR01;O.PURCHASE;5;R$ 80,98;R$ 404,90;Jundiai (SALTO)
50078552;20035410;"CAMISA;MASC;ML;AZ MAR;G;LOGO;BORD AMBEV";BRD0;MR01;O.PURCHASE;6;R$ 133,54;R$ 801,22;Presidente Prudente
50078553;20035411;"CAMISA;MASC;ML;AZ MAR;GG;LOGO;BORD AMBEV";BRCM;MR01;O.PURCHASE;2;R$ 135,39;R$ 270,77;Araçatuba
50078553;20035411;"CAMISA;MASC;ML;AZ MAR;GG;LOGO;BORD AMBEV";BRCX;MR01;O.PURCHASE;0;R$ 0,00;R$ 0,00;Mauá
50078553;20035411;"CAMISA;MASC;ML;AZ MAR;GG;LOGO;BORD AMBEV";BRCY;MR01;O.PURCHASE;4;R$ 67,10;R$ 268,41;Mogi Mirim
50078553;20035411;"CAMISA;MASC;ML;AZ MAR;GG;LOGO;BORD AMBEV";BRD7;MR01;O.PURCHASE;8;R$ 68,86;R$ 550,85;Litoral - Praia Grande
50078554;20035412;"CAMISA;MASC;ML;AZ MAR;XG;LOGO;BORD AMBEV";BRD0;MR01;O.PURCHASE;3;R$ 229,23;R$ 687,70;Presidente Prudente
50078555;20035413;"CAMISETA;FEM;MC;AZ MAR;PP;BORD AMBEV";BRCR;MR01;O.PURCHASE;10;R$ 79,65;R$ 796,45;Diadema
50078556;20035414;"CAMISETA;FEM;MC;AZ MAR;P;BORD AMBEV";BRCV;MR01;O.PURCHASE;7;R$ 68,57;R$ 480,01;Jundiai (SALTO)
50078556;20035414;"CAMISETA;FEM;MC;AZ MAR;P;BORD AMBEV";BRD1;MR01;O.PURCHASE;0;R$ 0,00;R$ 0,00;Ribeirão Preto
50078556;20035414;"CAMISETA;FEM;MC;AZ MAR;P;BORD AMBEV";BRD4;MR01;O.PURCHASE;0;R$ 0,00;R$ 0,00;Votorantim (SALTO)
50078557;20035415;"CAMISETA;FEM;MC;AZ MAR;M;BORD AMBEV";BRD0;MR01;O.PURCHASE;7;R$ 55,37;R$ 387,56;Presidente Prudente
50078558;20035416;"CAMISETA;FEM;MC;AZ MAR;G;BORD AMBEV";BRCM;MR01;O.PURCHASE;2;R$ 45,36;R$ 90,71;Araçatuba
50078558;20035416;"CAMISETA;FEM;MC;AZ MAR;G;BORD AMBEV";BRD0;MR01;O.PURCHASE;1;R$ 150,01;R$ 150,01;Presidente Prudente
50078558;20035416;"CAMISETA;FEM;MC;AZ MAR;G;BORD AMBEV";BRD1;MR01;O.PURCHASE;11;R$ 69,45;R$ 763,93;Ribeirão Preto
50078559;20035418;"CAMISETA;FEM;MC;AZ MAR;GG;BORD AMBEV";BRD1;MR01;O.PURCHASE;34;R$ 61,38;R$ 2.086,76;Ribeirão Preto
50078561;20035420;"CAMISETA;MASC;MC;AZ MAR;PP;BORD AMBEV";BRCR;MR01;O.PURCHASE;0;R$ 0,00;R$ 0,00;Diadema
50078562;20035421;"CAMISETA;MASC;MC;AZ MAR;P;BORD AMBEV";BRD0;MR01;O.PURCHASE;1;R$ 83,20;R$ 83,20;Presidente Prudente
50078563;20035422;"CAMISETA;MASC;MC;AZ MAR;M;BORD AMBEV";BRCM;MR01;O.PURCHASE;1;R$ 123,10;R$ 123,10;Araçatuba
50078563;20035422;"CAMISETA;MASC;MC;AZ MAR;M;BORD AMBEV";BRD0;MR01;O.PURCHASE;10;R$ 92,55;R$ 925,50;Presidente Prudente
50078563;20035422;"CAMISETA;MASC;MC;AZ MAR;M;BORD AMBEV";BRD1;MR01;O.PURCHASE;0;R$ 0,00;R$ 0,00;Ribeirão Preto
50078564;20035423;"CAMISETA;MASC;MC;AZ MAR;G;BORD AMBEV";BRCM;MR01;O.PURCHASE;1;R$ 75,95;R$ 75,95;Araçatuba
50078564;20035423;"CAMISETA;MASC;MC;AZ MAR;G;BORD AMBEV";BRD0;MR01;O.PURCHASE;4;R$ 62,76;R$ 251,03;Presidente Prudente
50078566;20035425;"CAMISETA;MASC;MC;AZ MAR;XG;BORD AMBEV";BRCR;MR01;O.PURCHASE;0;R$ 0,00;R$ 0,00;Diadema
50078605;20036409;"CAMISA;MASC;C/COLAR;MC;UNIOFFICE;CZ;P";BRCR;MR01;O.PURCHASE;49;R$ 45,11;R$ 2.210,61;Diadema
50078605;20036409;"CAMISA;MASC;C/COLAR;MC;UNIOFFICE;CZ;P";BRCY;MR01;O.PURCHASE;1;R$ 79,18;R$ 79,18;Mogi Mirim
50078605;20036409;"CAMISA;MASC;C/COLAR;MC;UNIOFFICE;CZ;P";BRD0;MR01;O.PURCHASE;4;R$ 90,70;R$ 362,81;Presidente Prudente
50078605;20036409;"CAMISA;MASC;C/COLAR;MC;UNIOFFICE;CZ;P";BRD4;MR01;O.PURCHASE;2;R$ 56,57;R$ 113,13;Votorantim (SALTO)
50078606;20036410;"CAMISA;MASC;C/COLAR;MC;UNIOFFICE;CZ;PP";BRCS;MR01;O.PURCHASE;2;R$ 240,51;R$ 481,01;Embu (SUL)
50078606;20036410;"CAMISA;MASC;C/COLAR;MC;UNIOFFICE;CZ;PP";BRCU;MR01;O.PURCHASE;0;R$ 0,00;R$ 0,00;Jaú
50078606;20036410;"CAMISA;MASC;C/COLAR;MC;UNIOFFICE;CZ;PP";BRCV;MR01;O.PURCHASE;32;R$ 45,55;R$ 1.457,52;Jundiai (SALTO)
50078606;20036410;"CAMISA;MASC;C/COLAR;MC;UNIOFFICE;CZ;PP";BRD0;MR01;O.PURCHASE;7;R$ 48,37;R$ 338,62;Presidente Prudente
50078607;20036411;"CAMISA;MASC;C/COLAR;MC;UNIOFFICE;CZ;M";BRD0;MR01;O.PURCHASE;11;R$ 73,80;R$ 811,85;Presidente Prudente
50078608;20036412;"CAMISA;MASC;C/COLAR;MC;UNIOFFICE;CZ;G";BRCM;MR01;O.PURCHASE;1;R$ 64,97;R$ 64,97;Araçatuba
50078608;20036412;"CAMISA;MASC;C/COLAR;MC;UNIOFFICE;CZ;G";BRD0;MR01;O.PURCHASE;11;R$ 68,48;R$ 753,33;Presidente Prudente
50078609;20036413;"CAMISA;MASC;MC;UNIOFFICE;CZ;GG;C/BOLS";BRCM;MR01;O.PURCHASE;3;R$ 70,84;R$ 212,53;Araçatuba
50078609;20036413;"CAMISA;MASC;MC;UNIOFFICE;CZ;GG;C/BOLS";BRCQ;MR01;O.PURCHASE;2;R$ 61,86;R$ 123,71;Campinas
50078609;20036413;"CAMISA;MASC;MC;UNIOFFICE;CZ;GG;C/BOLS";BRD0;MR01;O.PURCHASE;2;R$ 93,61;R$ 187,22;Presidente Prudente
50078609;20036413;"CAMISA;MASC;MC;UNIOFFICE;CZ;GG;C/BOLS";BRD1;MR01;O.PURCHASE;3;R$ 59,29;R$ 177,87;Ribeirão Preto
50078609;20036413;"CAMISA;MASC;MC;UNIOFFICE;CZ;GG;C/BOLS";BRD4;MR01;O.PURCHASE;24;R$ 51,46;R$ 1.235,04;Votorantim (SALTO)
50078610;20036414;"CAMISA;MASC;C/COLAR;MC;UNIOFFICE;CZ;XG";BRCM;MR01;O.PURCHASE;10;R$ 59,12;R$ 591,22;Araçatuba
50078610;20036414;"CAMISA;MASC;C/COLAR;MC;UNIOFFICE;CZ;XG";BRCQ;MR01;O.PURCHASE;3;R$ 65,99;R$ 197,98;Campinas
50078610;20036414;"CAMISA;MASC;C/COLAR;MC;UNIOFFICE;CZ;XG";BRCV;MR01;O.PURCHASE;0;R$ 0,00;R$ 0,00;Jundiai (SALTO)
50078610;20036414;"CAMISA;MASC;C/COLAR;MC;UNIOFFICE;CZ;XG";BRCY;MR01;O.PURCHASE;11;R$ 40,83;R$ 449,15;Mogi Mirim
50078610;20036414;"CAMISA;MASC;C/COLAR;MC;UNIOFFICE;CZ;XG";BRD0;MR01;O.PURCHASE;2;R$ 75,81;R$ 151,62;Presidente Prudente
50078610;20036414;"CAMISA;MASC;C/COLAR;MC;UNIOFFICE;CZ;XG";BRD4;MR01;O.PURCHASE;19;R$ 40,52;R$ 769,85;Votorantim (SALTO)
50078610;20036414;"CAMISA;MASC;C/COLAR;MC;UNIOFFICE;CZ;XG";BRD7;MR01;O.PURCHASE;12;R$ 56,28;R$ 675,35;Litoral - Praia Grande
50078611;20036416;"CAMISA;FEM;MC;UNIOFFICE;CZ;PP;C/BOLS";BRCM;MR01;O.PURCHASE;3;R$ 60,33;R$ 180,99;Araçatuba
50078611;20036416;"CAMISA;FEM;MC;UNIOFFICE;CZ;PP;C/BOLS";BRCV;MR01;O.PURCHASE;14;R$ 43,15;R$ 604,04;Jundiai (SALTO)
50078611;20036416;"CAMISA;FEM;MC;UNIOFFICE;CZ;PP;C/BOLS";BRD1;MR01;O.PURCHASE;4;R$ 43,49;R$ 173,95;Ribeirão Preto
50078611;20036416;"CAMISA;FEM;MC;UNIOFFICE;CZ;PP;C/BOLS";BRD4;MR01;O.PURCHASE;8;R$ 46,20;R$ 369,56;Votorantim (SALTO)
50078612;20036417;"CAMISA;FEM;MC;UNIOFFICE;CZ;P;C/BOLS";BRCM;MR01;O.PURCHASE;1;R$ 60,33;R$ 60,33;Araçatuba
50078612;20036417;"CAMISA;FEM;MC;UNIOFFICE;CZ;P;C/BOLS";BRCR;MR01;O.PURCHASE;0;R$ 0,00;R$ 0,00;Diadema
50078612;20036417;"CAMISA;FEM;MC;UNIOFFICE;CZ;P;C/BOLS";BRCV;MR01;O.PURCHASE;38;R$ 43,32;R$ 1.646,22;Jundiai (SALTO)
50078612;20036417;"CAMISA;FEM;MC;UNIOFFICE;CZ;P;C/BOLS";BRD1;MR01;O.PURCHASE;5;R$ 50,51;R$ 252,54;Ribeirão Preto
50078612;20036417;"CAMISA;FEM;MC;UNIOFFICE;CZ;P;C/BOLS";BRD4;MR01;O.PURCHASE;16;R$ 43,94;R$ 702,98;Votorantim (SALTO)
50078612;20036417;"CAMISA;FEM;MC;UNIOFFICE;CZ;P;C/BOLS";BRD7;MR01;O.PURCHASE;12;R$ 48,41;R$ 580,97;Litoral - Praia Grande
50078613;20036418;"CAMISA;FEM;MC;UNIOFFICE;CZ;M;C/BOLS";BRCM;MR01;O.PURCHASE;2;R$ 65,18;R$ 130,36;Araçatuba
50078613;20036418;"CAMISA;FEM;MC;UNIOFFICE;CZ;M;C/BOLS";BRCV;MR01;O.PURCHASE;23;R$ 43,26;R$ 994,95;Jundiai (SALTO)
50078613;20036418;"CAMISA;FEM;MC;UNIOFFICE;CZ;M;C/BOLS";BRD4;MR01;O.PURCHASE;15;R$ 32,81;R$ 492,10;Votorantim (SALTO)
50078613;20036418;"CAMISA;FEM;MC;UNIOFFICE;CZ;M;C/BOLS";BRD7;MR01;O.PURCHASE;3;R$ 76,42;R$ 229,27;Litoral - Praia Grande
50078614;20036419;"CAMISA;FEM;MC;UNIOFFICE;CZ;G;C/BOLS";BRCM;MR01;O.PURCHASE;6;R$ 106,22;R$ 637,33;Araçatuba
50078614;20036419;"CAMISA;FEM;MC;UNIOFFICE;CZ;G;C/BOLS";BRCV;MR01;O.PURCHASE;8;R$ 48,92;R$ 391,33;Jundiai (SALTO)
50078614;20036419;"CAMISA;FEM;MC;UNIOFFICE;CZ;G;C/BOLS";BRD1;MR01;O.PURCHASE;3;R$ 46,20;R$ 138,61;Ribeirão Preto
50078614;20036419;"CAMISA;FEM;MC;UNIOFFICE;CZ;G;C/BOLS";BRD4;MR01;O.PURCHASE;7;R$ 50,09;R$ 350,64;Votorantim (SALTO)
50078614;20036419;"CAMISA;FEM;MC;UNIOFFICE;CZ;G;C/BOLS";BRD7;MR01;O.PURCHASE;3;R$ 52,38;R$ 157,15;Litoral - Praia Grande
50078615;20036420;"CAMISA;FEM;MC;UNIOFFICE;CZ;GG;C/BOLS";BRCM;MR01;O.PURCHASE;4;R$ 79,56;R$ 318,23;Araçatuba
50078615;20036420;"CAMISA;FEM;MC;UNIOFFICE;CZ;GG;C/BOLS";BRCV;MR01;O.PURCHASE;22;R$ 44,31;R$ 974,86;Jundiai (SALTO)
50078615;20036420;"CAMISA;FEM;MC;UNIOFFICE;CZ;GG;C/BOLS";BRD4;MR01;O.PURCHASE;9;R$ 44,52;R$ 400,71;Votorantim (SALTO)
50078615;20036420;"CAMISA;FEM;MC;UNIOFFICE;CZ;GG;C/BOLS";BRD7;MR01;O.PURCHASE;6;R$ 58,95;R$ 353,67;Litoral - Praia Grande
50078616;20036421;"CAMISA;FEM;MC;UNIOFFICE;CZ;XG;C/BOLS";BRCM;MR01;O.PURCHASE;4;R$ 61,74;R$ 246,95;Araçatuba
50078616;20036421;"CAMISA;FEM;MC;UNIOFFICE;CZ;XG;C/BOLS";BRD4;MR01;O.PURCHASE;3;R$ 59,15;R$ 177,46;Votorantim (SALTO)
50078704;0;"PAPEL SULF;A4;210X297MM;BR;75G/M2";BRCO;MR01;O.PURCHASE;30;R$ 11,42;R$ 342,60;Barueri
50078740;0;"RESPIRADOR DESCART;C/;MALH PP;BR;3M/8212";BRCN;MR01;O.PURCHASE;1.010;R$ 1,90;R$ 1.915,67;Araraquara
50078740;0;"RESPIRADOR DESCART;C/;MALH PP;BR;3M/8212";BRCO;MR01;O.IMPORTED;500;R$ 1,87;R$ 935,00;Barueri
50078740;0;"RESPIRADOR DESCART;C/;MALH PP;BR;3M/8212";BRCO;MR01;O.PURCHASE;30;R$ 5,23;R$ 156,75;Barueri
50078740;0;"RESPIRADOR DESCART;C/;MALH PP;BR;3M/8212";BRCR;MR01;O.PURCHASE;80;R$ 2,53;R$ 202,43;Diadema
50078740;0;"RESPIRADOR DESCART;C/;MALH PP;BR;3M/8212";BRCT;MR01;O.PURCHASE;800;R$ 1,87;R$ 1.496,00;Guarulhos
50078740;0;"RESPIRADOR DESCART;C/;MALH PP;BR;3M/8212";BRCU;MR01;O.PURCHASE;1.010;R$ 1,99;R$ 2.009,94;Jaú
50078740;0;"RESPIRADOR DESCART;C/;MALH PP;BR;3M/8212";BRCV;MR01;O.PURCHASE;30;R$ 5,53;R$ 165,79;Jundiai (SALTO)
50078740;0;"RESPIRADOR DESCART;C/;MALH PP;BR;3M/8212";BRCX;MR01;O.PURCHASE;1.002;R$ 1,88;R$ 1.881,77;Mauá
50078740;0;"RESPIRADOR DESCART;C/;MALH PP;BR;3M/8212";BRCY;MR01;O.IMPORTED;1.000;R$ 1,87;R$ 1.870,00;Mogi Mirim
50078740;0;"RESPIRADOR DESCART;C/;MALH PP;BR;3M/8212";BRCZ;MR01;O.IMPORTED;1.000;R$ 1,87;R$ 1.870,00;Norte (Caieiras)
50078740;0;"RESPIRADOR DESCART;C/;MALH PP;BR;3M/8212";BRCZ;MR01;O.PURCHASE;20;R$ 5,88;R$ 117,66;Norte (Caieiras)
50078740;0;"RESPIRADOR DESCART;C/;MALH PP;BR;3M/8212";BRD0;MR01;O.PURCHASE;1.050;R$ 1,95;R$ 2.046,11;Presidente Prudente
50078740;0;"RESPIRADOR DESCART;C/;MALH PP;BR;3M/8212";BRD3;MR01;O.PURCHASE;1.030;R$ 1,97;R$ 2.026,75;Suzano
50078740;0;"RESPIRADOR DESCART;C/;MALH PP;BR;3M/8212";BRD4;MR01;O.PURCHASE;0;R$ 0,00;R$ 0,00;Votorantim (SALTO)
50078740;0;"RESPIRADOR DESCART;C/;MALH PP;BR;3M/8212";BRD7;MR01;O.PURCHASE;1.000;R$ 1,87;R$ 1.870,00;Litoral - Praia Grande
50079093;20039874;"LUVA SEG;MOTOCICL;PES;PT;XL;TEXX/1442402";BRD0;MR01;O.PURCHASE;2;R$ 111,61;R$ 223,21;Presidente Prudente
50079097;20039878;"LUVA SEG;MOTOCICL;PES;5XL;TEXX/1442406";BRD0;MR01;O.PURCHASE;2;R$ 332,88;R$ 665,75;Presidente Prudente
50079103;0;"OXIMETRO DIG;30-250BPM;MONTSERRAT/6286";BRCR;MR01;O.IMPORTED;0;R$ 0,00;R$ 0,00;Diadema
50079103;0;"OXIMETRO DIG;30-250BPM;MONTSERRAT/6286";BRCS;MR01;O.IMPORTED;3;R$ 232,03;R$ 696,09;Embu (SUL)
50079103;0;"OXIMETRO DIG;30-250BPM;MONTSERRAT/6286";BRD3;MR01;O.PURCHASE;2;R$ 251,17;R$ 502,34;Suzano
50079194;0;"RESPIRADOR DESCART;PP;MOLDEX/4200TAMM";BRCX;MR01;O.IMPORTED;133;R$ 18,00;R$ 2.394,00;Mauá
50079313;0;"LAMPADA LED;110/220V;6W;BR;E27";BRD4;MR01;O.PURCHASE;6;R$ 14,01;R$ 84,04;Votorantim (SALTO)
50079340;0;"ADESIVO;PAP;RET;11X8CM;BR;08007250009";BRCQ;MR01;O.PURCHASE;1.000;R$ 0,90;R$ 899,47;Campinas
50079577;20032526;"CINTA LOMB SEG;NY;PT;VICSA/VIC41110TAMP";BRCM;MR01;O.IMPORTED;29;R$ 36,93;R$ 1.071,03;Araçatuba
50079577;20032526;"CINTA LOMB SEG;NY;PT;VICSA/VIC41110TAMP";BRCO;MR01;O.IMPORTED;14;R$ 46,15;R$ 646,15;Barueri
50079577;20032526;"CINTA LOMB SEG;NY;PT;VICSA/VIC41110TAMP";BRCO;MR01;O.PURCHASE;8;R$ 42,38;R$ 339,05;Barueri
50079577;20032526;"CINTA LOMB SEG;NY;PT;VICSA/VIC41110TAMP";BRCQ;MR01;O.IMPORTED;2;R$ 53,01;R$ 106,01;Campinas
50079577;20032526;"CINTA LOMB SEG;NY;PT;VICSA/VIC41110TAMP";BRCT;MR01;O.IMPORTED;1;R$ 54,45;R$ 54,45;Guarulhos
50079577;20032526;"CINTA LOMB SEG;NY;PT;VICSA/VIC41110TAMP";BRCU;MR01;O.IMPORTED;9;R$ 48,55;R$ 436,99;Jaú
50079577;20032526;"CINTA LOMB SEG;NY;PT;VICSA/VIC41110TAMP";BRCV;MR01;O.IMPORTED;11;R$ 44,50;R$ 489,47;Jundiai (SALTO)
50079577;20032526;"CINTA LOMB SEG;NY;PT;VICSA/VIC41110TAMP";BRCX;MR01;O.PURCHASE;5;R$ 40,29;R$ 201,45;Mauá
50079577;20032526;"CINTA LOMB SEG;NY;PT;VICSA/VIC41110TAMP";BRCY;MR01;O.IMPORTED;8;R$ 48,72;R$ 389,74;Mogi Mirim
50079577;20032526;"CINTA LOMB SEG;NY;PT;VICSA/VIC41110TAMP";BRCZ;MR01;O.IMPORTED;0;R$ 0,00;R$ 0,00;Norte (Caieiras)
50079577;20032526;"CINTA LOMB SEG;NY;PT;VICSA/VIC41110TAMP";BRCZ;MR01;O.PURCHASE;0;R$ 0,00;R$ 0,00;Norte (Caieiras)
50079577;20032526;"CINTA LOMB SEG;NY;PT;VICSA/VIC41110TAMP";BRD0;MR01;O.IMPORTED;28;R$ 30,25;R$ 847,04;Presidente Prudente
50079577;20032526;"CINTA LOMB SEG;NY;PT;VICSA/VIC41110TAMP";BRD0;MR01;O.PURCHASE;34;R$ 0,00;R$ 0,00;Presidente Prudente
50079577;20032526;"CINTA LOMB SEG;NY;PT;VICSA/VIC41110TAMP";BRD3;MR01;O.IMPORTED;15;R$ 51,97;R$ 779,48;Suzano
50079577;20032526;"CINTA LOMB SEG;NY;PT;VICSA/VIC41110TAMP";BRD4;MR01;O.IMPORTED;19;R$ 48,35;R$ 918,64;Votorantim (SALTO)
50079577;20032526;"CINTA LOMB SEG;NY;PT;VICSA/VIC41110TAMP";BRD5;MR01;O.IMPORTED;23;R$ 46,30;R$ 1.064,92;Taubaté
50079577;20032526;"CINTA LOMB SEG;NY;PT;VICSA/VIC41110TAMP";BRD7;MR01;O.IMPORTED;13;R$ 40,89;R$ 531,57;Litoral - Praia Grande
50079577;20032526;"CINTA LOMB SEG;NY;PT;VICSA/VIC41110TAMP";BRD7;MR01;O.PURCHASE;21;R$ 40,29;R$ 846,09;Litoral - Praia Grande
50079599;20032560;"CINTA LOMB SEG;PT;VICSA/VIC41110TAMM";BRCM;MR01;O.IMPORTED;11;R$ 52,39;R$ 576,24;Araçatuba
50079599;20032560;"CINTA LOMB SEG;PT;VICSA/VIC41110TAMM";BRCN;MR01;O.IMPORTED;11;R$ 54,45;R$ 598,95;Araraquara
50079599;20032560;"CINTA LOMB SEG;PT;VICSA/VIC41110TAMM";BRCO;MR01;O.IMPORTED;2;R$ 56,27;R$ 112,53;Barueri
50079599;20032560;"CINTA LOMB SEG;PT;VICSA/VIC41110TAMM";BRCQ;MR01;O.IMPORTED;1;R$ 54,90;R$ 54,90;Campinas
50079599;20032560;"CINTA LOMB SEG;PT;VICSA/VIC41110TAMM";BRCV;MR01;O.IMPORTED;1;R$ 50,24;R$ 50,24;Jundiai (SALTO)
50079599;20032560;"CINTA LOMB SEG;PT;VICSA/VIC41110TAMM";BRD0;MR01;O.IMPORTED;9;R$ 53,49;R$ 481,37;Presidente Prudente
50079599;20032560;"CINTA LOMB SEG;PT;VICSA/VIC41110TAMM";BRD1;MR01;O.PURCHASE;4;R$ 59,41;R$ 237,63;Ribeirão Preto
50079599;20032560;"CINTA LOMB SEG;PT;VICSA/VIC41110TAMM";BRD3;MR01;O.IMPORTED;7;R$ 54,29;R$ 380,00;Suzano
50079599;20032560;"CINTA LOMB SEG;PT;VICSA/VIC41110TAMM";BRD4;MR01;O.IMPORTED;3;R$ 46,93;R$ 140,78;Votorantim (SALTO)
50079599;20032560;"CINTA LOMB SEG;PT;VICSA/VIC41110TAMM";BRD5;MR01;O.IMPORTED;0;R$ 0,00;R$ 0,00;Taubaté
50079599;20032560;"CINTA LOMB SEG;PT;VICSA/VIC41110TAMM";BRD7;MR01;O.IMPORTED;4;R$ 54,52;R$ 218,08;Litoral - Praia Grande
50079646;0;"FIBRA LIMP;FIBR SINTET;VD;120X250MM";BRCX;MR01;O.PURCHASE;6;R$ 26,14;R$ 156,84;Mauá
50079698;20032860;"CINTA LOMB SEG;NYLON/PVC;VIC41110TAMXG";BRCM;MR01;O.IMPORTED;7;R$ 53,23;R$ 372,63;Araçatuba
50079698;20032860;"CINTA LOMB SEG;NYLON/PVC;VIC41110TAMXG";BRCO;MR01;O.IMPORTED;1;R$ 47,65;R$ 47,65;Barueri
50079698;20032860;"CINTA LOMB SEG;NYLON/PVC;VIC41110TAMXG";BRCQ;MR01;O.IMPORTED;6;R$ 54,91;R$ 329,43;Campinas
50079698;20032860;"CINTA LOMB SEG;NYLON/PVC;VIC41110TAMXG";BRCR;MR01;O.PURCHASE;4;R$ 59,41;R$ 237,65;Diadema
50079698;20032860;"CINTA LOMB SEG;NYLON/PVC;VIC41110TAMXG";BRCU;MR01;O.IMPORTED;6;R$ 54,45;R$ 326,70;Jaú
50079698;20032860;"CINTA LOMB SEG;NYLON/PVC;VIC41110TAMXG";BRCV;MR01;O.IMPORTED;10;R$ 42,99;R$ 429,85;Jundiai (SALTO)
50079698;20032860;"CINTA LOMB SEG;NYLON/PVC;VIC41110TAMXG";BRD0;MR01;O.IMPORTED;1;R$ 40,84;R$ 40,84;Presidente Prudente
50079698;20032860;"CINTA LOMB SEG;NYLON/PVC;VIC41110TAMXG";BRD0;MR01;O.PURCHASE;3;R$ 33,93;R$ 101,80;Presidente Prudente
50079698;20032860;"CINTA LOMB SEG;NYLON/PVC;VIC41110TAMXG";BRD1;MR01;O.IMPORTED;0;R$ 0,00;R$ 0,00;Ribeirão Preto
50079698;20032860;"CINTA LOMB SEG;NYLON/PVC;VIC41110TAMXG";BRD3;MR01;O.IMPORTED;17;R$ 54,30;R$ 923,15;Suzano
50079698;20032860;"CINTA LOMB SEG;NYLON/PVC;VIC41110TAMXG";BRD5;MR01;O.IMPORTED;0;R$ 0,00;R$ 0,00;Taubaté
50079698;20032860;"CINTA LOMB SEG;NYLON/PVC;VIC41110TAMXG";BRD7;MR01;O.IMPORTED;1;R$ 54,90;R$ 54,90;Litoral - Praia Grande
50079698;20032860;"CINTA LOMB SEG;NYLON/PVC;VIC41110TAMXG";BRD7;MR01;O.PURCHASE;12;R$ 61,44;R$ 737,22;Litoral - Praia Grande
50079878;0;"PANO P/LIMP;POLIEST/POLIAM;AM;300X300MM";BRD2;MR01;O.IMPORTED;12;R$ 6,94;R$ 83,22;São José dos Campos
50079879;0;"PANO P/LIMP;POLIEST/POLIAM;AZ;300X300MM";BRD2;MR01;O.IMPORTED;12;R$ 6,94;R$ 83,22;São José dos Campos
50079884;0;"PANO P/LIMP;POLIEST/POLIAM;AZ;500X600MM";BRD2;MR01;O.IMPORTED;12;R$ 12,42;R$ 148,98;São José dos Campos
50079885;0;"PANO P/LIMP;POLIEST/POLIAM;AM;500X600MM";BRD2;MR01;O.IMPORTED;12;R$ 12,42;R$ 148,98;São José dos Campos
50079889;0;"PANO P/LIMP;POLIEST/POLIAM;VM;500X600MM";BRD2;MR01;O.IMPORTED;12;R$ 12,42;R$ 148,98;São José dos Campos
50079943;20035402;"CAMISA;FEM;ML;AZ MAR;P;LOGO;BORD AMBEV";BRCQ;MR01;O.PURCHASE;5;R$ 34,16;R$ 170,81;Campinas
50079943;20035402;"CAMISA;FEM;ML;AZ MAR;P;LOGO;BORD AMBEV";BRCT;MR01;O.PURCHASE;7;R$ 70,13;R$ 490,94;Guarulhos
50079943;20035402;"CAMISA;FEM;ML;AZ MAR;P;LOGO;BORD AMBEV";BRCV;MR01;O.PURCHASE;5;R$ 97,41;R$ 487,06;Jundiai (SALTO)
50079943;20035402;"CAMISA;FEM;ML;AZ MAR;P;LOGO;BORD AMBEV";BRD7;MR01;O.PURCHASE;8;R$ 66,72;R$ 533,74;Litoral - Praia Grande
50079944;20035403;"CAMISA;FEM;ML;AZ MAR;M;LOGO;BORD AMBEV";BRCQ;MR01;O.PURCHASE;12;R$ 93,77;R$ 1.125,28;Campinas
50079945;20035404;"CAMISA;FEM;ML;AZ MAR;G;LOGO;BORD AMBEV";BRCQ;MR01;O.PURCHASE;7;R$ 65,96;R$ 461,74;Campinas
50079945;20035404;"CAMISA;FEM;ML;AZ MAR;G;LOGO;BORD AMBEV";BRCX;MR01;O.PURCHASE;0;R$ 0,00;R$ 0,00;Mauá
50079945;20035404;"CAMISA;FEM;ML;AZ MAR;G;LOGO;BORD AMBEV";BRD3;MR01;O.PURCHASE;0;R$ 0,00;R$ 0,00;Suzano
50079945;20035404;"CAMISA;FEM;ML;AZ MAR;G;LOGO;BORD AMBEV";BRD7;MR01;O.PURCHASE;7;R$ 70,99;R$ 496,91;Litoral - Praia Grande
50079946;20035405;"CAMISA;FEM;ML;AZ MAR;GG;LOGO;BORD AMBEV";BRCR;MR01;O.PURCHASE;2;R$ 81,23;R$ 162,46;Diadema
50079946;20035405;"CAMISA;FEM;ML;AZ MAR;GG;LOGO;BORD AMBEV";BRD7;MR01;O.PURCHASE;7;R$ 70,99;R$ 496,91;Litoral - Praia Grande
50079947;20035406;"CAMISA;FEM;ML;AZ MAR;XG;C/LOG;BORD AMBEV";BRCQ;MR01;O.PURCHASE;5;R$ 65,96;R$ 329,81;Campinas
50080230;20026165;"COLETE SINAL;FORMAT BLUS;ALG;AM FLUOR";BRCM;MR01;O.IMPORTED;39;R$ 19,55;R$ 762,36;Araçatuba
50080230;20026165;"COLETE SINAL;FORMAT BLUS;ALG;AM FLUOR";BRD1;MR01;O.PURCHASE;0;R$ 0,00;R$ 0,00;Ribeirão Preto
50080230;20026165;"COLETE SINAL;FORMAT BLUS;ALG;AM FLUOR";BRD3;MR01;O.IMPORTED;73;R$ 21,79;R$ 1.590,31;Suzano
50080231;20026166;"COLETE SINAL;FORMAT BLUS;ALG;AM FLUOR";BRCM;MR01;O.IMPORTED;11;R$ 19,55;R$ 215,02;Araçatuba
50080231;20026166;"COLETE SINAL;FORMAT BLUS;ALG;AM FLUOR";BRD1;MR01;O.IMPORTED;0;R$ 0,00;R$ 0,00;Ribeirão Preto
50080231;20026166;"COLETE SINAL;FORMAT BLUS;ALG;AM FLUOR";BRD1;MR01;O.PURCHASE;0;R$ 0,00;R$ 0,00;Ribeirão Preto
50080232;20026167;"COLETE SINAL;FORMAT BLUS;ALG;AM FLUOR";BRD1;MR01;O.IMPORTED;99;R$ 21,74;R$ 2.151,85;Ribeirão Preto
50080232;20026167;"COLETE SINAL;FORMAT BLUS;ALG;AM FLUOR";BRD1;MR01;O.PURCHASE;5;R$ 17,33;R$ 86,65;Ribeirão Preto
50080234;20026180;"COLETE SINAL;FORMAT BLUS;ALG;AM FLUOR";BRD1;MR01;O.IMPORTED;0;R$ 0,00;R$ 0,00;Ribeirão Preto
50080234;20026180;"COLETE SINAL;FORMAT BLUS;ALG;AM FLUOR";BRD1;MR01;O.PURCHASE;0;R$ 0,00;R$ 0,00;Ribeirão Preto
50080251;20026366;"COLETE SINAL;FORMAT BLUS;ALG;VD FLUOR";BRCM;MR01;O.PURCHASE;35;R$ 27,38;R$ 958,32;Araçatuba
50080251;20026366;"COLETE SINAL;FORMAT BLUS;ALG;VD FLUOR";BRCR;MR01;O.PURCHASE;0;R$ 0,00;R$ 0,00;Diadema
50080251;20026366;"COLETE SINAL;FORMAT BLUS;ALG;VD FLUOR";BRD1;MR01;O.IMPORTED;1;R$ 21,78;R$ 21,78;Ribeirão Preto
50080251;20026366;"COLETE SINAL;FORMAT BLUS;ALG;VD FLUOR";BRD1;MR01;O.PURCHASE;0;R$ 0,00;R$ 0,00;Ribeirão Preto
50080251;20026366;"COLETE SINAL;FORMAT BLUS;ALG;VD FLUOR";BRD7;MR01;O.PURCHASE;0;R$ 0,00;R$ 0,00;Litoral - Praia Grande
50080252;20026367;"COLETE SINAL;FORMAT BLUS;ALG;VD FLUOR";BRCM;MR01;O.IMPORTED;5;R$ 58,78;R$ 293,92;Araçatuba
50080252;20026367;"COLETE SINAL;FORMAT BLUS;ALG;VD FLUOR";BRCR;MR01;O.PURCHASE;0;R$ 0,00;R$ 0,00;Diadema
50080252;20026367;"COLETE SINAL;FORMAT BLUS;ALG;VD FLUOR";BRD1;MR01;O.IMPORTED;0;R$ 0,00;R$ 0,00;Ribeirão Preto
50080252;20026367;"COLETE SINAL;FORMAT BLUS;ALG;VD FLUOR";BRD1;MR01;O.PURCHASE;0;R$ 0,00;R$ 0,00;Ribeirão Preto
50080252;20026367;"COLETE SINAL;FORMAT BLUS;ALG;VD FLUOR";BRD5;MR01;O.PURCHASE;2;R$ 33,91;R$ 67,82;Taubaté
50080252;20026367;"COLETE SINAL;FORMAT BLUS;ALG;VD FLUOR";BRD7;MR01;O.PURCHASE;0;R$ 0,00;R$ 0,00;Litoral - Praia Grande
50080253;20026368;"COLETE SINAL;FORMAT BLUS;ALG;VD FLUOR";BRCM;MR01;O.IMPORTED;15;R$ 57,15;R$ 857,26;Araçatuba
50080253;20026368;"COLETE SINAL;FORMAT BLUS;ALG;VD FLUOR";BRD1;MR01;O.IMPORTED;28;R$ 28,40;R$ 795,33;Ribeirão Preto
50080253;20026368;"COLETE SINAL;FORMAT BLUS;ALG;VD FLUOR";BRD1;MR01;O.PURCHASE;5;R$ 29,32;R$ 146,62;Ribeirão Preto
50080254;20026369;"COLETE SINAL;FORMAT BLUS;ALG;VD FLUOR";BRCQ;MR01;O.PURCHASE;40;R$ 21,11;R$ 844,21;Campinas
50080254;20026369;"COLETE SINAL;FORMAT BLUS;ALG;VD FLUOR";BRD1;MR01;O.IMPORTED;82;R$ 28,40;R$ 2.329,20;Ribeirão Preto
50080254;20026369;"COLETE SINAL;FORMAT BLUS;ALG;VD FLUOR";BRD1;MR01;O.PURCHASE;5;R$ 29,34;R$ 146,68;Ribeirão Preto
50080254;20026369;"COLETE SINAL;FORMAT BLUS;ALG;VD FLUOR";BRD2;MR01;O.PURCHASE;0;R$ 0,00;R$ 0,00;São José dos Campos
50080256;20026371;"COLETE SINAL;FORMAT BLUS;ALG;LJ;TAM M";BRCM;MR01;O.IMPORTED;15;R$ 19,46;R$ 291,86;Araçatuba
50080256;20026371;"COLETE SINAL;FORMAT BLUS;ALG;LJ;TAM M";BRCN;MR01;O.IMPORTED;0;R$ 0,00;R$ 0,00;Araraquara
50080256;20026371;"COLETE SINAL;FORMAT BLUS;ALG;LJ;TAM M";BRCQ;MR01;O.IMPORTED;5;R$ 20,36;R$ 101,79;Campinas
50080256;20026371;"COLETE SINAL;FORMAT BLUS;ALG;LJ;TAM M";BRD0;MR01;O.IMPORTED;4;R$ 20,75;R$ 83,01;Presidente Prudente
50080256;20026371;"COLETE SINAL;FORMAT BLUS;ALG;LJ;TAM M";BRD1;MR01;O.IMPORTED;90;R$ 20,23;R$ 1.820,93;Ribeirão Preto
50080256;20026371;"COLETE SINAL;FORMAT BLUS;ALG;LJ;TAM M";BRD2;MR01;O.IMPORTED;1;R$ 19,54;R$ 19,54;São José dos Campos
50080256;20026371;"COLETE SINAL;FORMAT BLUS;ALG;LJ;TAM M";BRD5;MR01;O.IMPORTED;5;R$ 20,24;R$ 101,18;Taubaté
50080257;20026372;"COLETE SINAL;FORMAT BLUS;ALG;LJ;TAM G";BRCM;MR01;O.IMPORTED;3;R$ 19,73;R$ 59,19;Araçatuba
50080257;20026372;"COLETE SINAL;FORMAT BLUS;ALG;LJ;TAM G";BRCN;MR01;O.IMPORTED;0;R$ 0,00;R$ 0,00;Araraquara
50080257;20026372;"COLETE SINAL;FORMAT BLUS;ALG;LJ;TAM G";BRCU;MR01;O.IMPORTED;9;R$ 17,24;R$ 155,19;Jaú
50080257;20026372;"COLETE SINAL;FORMAT BLUS;ALG;LJ;TAM G";BRCY;MR01;O.IMPORTED;30;R$ 20,36;R$ 610,78;Mogi Mirim
50080257;20026372;"COLETE SINAL;FORMAT BLUS;ALG;LJ;TAM G";BRD0;MR01;O.IMPORTED;10;R$ 20,77;R$ 207,71;Presidente Prudente
50080257;20026372;"COLETE SINAL;FORMAT BLUS;ALG;LJ;TAM G";BRD1;MR01;O.IMPORTED;30;R$ 20,06;R$ 601,85;Ribeirão Preto
50080257;20026372;"COLETE SINAL;FORMAT BLUS;ALG;LJ;TAM G";BRD2;MR01;O.IMPORTED;2;R$ 19,55;R$ 39,09;São José dos Campos
50080257;20026372;"COLETE SINAL;FORMAT BLUS;ALG;LJ;TAM G";BRD5;MR01;O.IMPORTED;3;R$ 20,23;R$ 60,70;Taubaté
50080258;20026373;"COLETE SINAL;FORMAT BLUS;ALG;LJ;TAM GG";BRCM;MR01;O.IMPORTED;19;R$ 17,24;R$ 327,62;Araçatuba
50080258;20026373;"COLETE SINAL;FORMAT BLUS;ALG;LJ;TAM GG";BRD0;MR01;O.IMPORTED;3;R$ 20,59;R$ 61,78;Presidente Prudente
50080258;20026373;"COLETE SINAL;FORMAT BLUS;ALG;LJ;TAM GG";BRD1;MR01;O.IMPORTED;0;R$ 0,00;R$ 0,00;Ribeirão Preto
50080259;20026374;"COLETE SINAL;FORMAT BLUS;ALG;LJ;TAM XG";BRCN;MR01;O.IMPORTED;0;R$ 0,00;R$ 0,00;Araraquara
50080259;20026374;"COLETE SINAL;FORMAT BLUS;ALG;LJ;TAM XG";BRD1;MR01;O.IMPORTED;0;R$ 0,00;R$ 0,00;Ribeirão Preto
50080259;20026374;"COLETE SINAL;FORMAT BLUS;ALG;LJ;TAM XG";BRD1;MR01;O.PURCHASE;0;R$ 0,00;R$ 0,00;Ribeirão Preto
50080259;20026374;"COLETE SINAL;FORMAT BLUS;ALG;LJ;TAM XG";BRD5;MR01;O.IMPORTED;4;R$ 20,24;R$ 80,96;Taubaté
50080418;0;"AVENTAL DESCART;PP;BR;135X100CM;S/LOG";BRCV;MR01;O.PURCHASE;120;R$ 13,86;R$ 1.662,86;Jundiai (SALTO)
50080680;20016592;"JAQUETA;MUNOZ/JAQUETANYLONAZROYALPP";BRCS;MR01;O.PURCHASE;2;R$ 286,74;R$ 573,48;Embu (SUL)
50080680;20016592;"JAQUETA;MUNOZ/JAQUETANYLONAZROYALPP";BRCU;MR01;O.PURCHASE;4;R$ 312,21;R$ 1.248,84;Jaú
50080680;20016592;"JAQUETA;MUNOZ/JAQUETANYLONAZROYALPP";BRCV;MR01;O.PURCHASE;8;R$ 298,51;R$ 2.388,07;Jundiai (SALTO)
50080680;20016592;"JAQUETA;MUNOZ/JAQUETANYLONAZROYALPP";BRCX;MR01;O.PURCHASE;1;R$ 312,27;R$ 312,27;Mauá
50080680;20016592;"JAQUETA;MUNOZ/JAQUETANYLONAZROYALPP";BRD2;MR01;O.PURCHASE;1;R$ 333,82;R$ 333,82;São José dos Campos
50080680;20016592;"JAQUETA;MUNOZ/JAQUETANYLONAZROYALPP";BRD3;MR01;O.PURCHASE;5;R$ 353,36;R$ 1.766,81;Suzano
50080680;20016592;"JAQUETA;MUNOZ/JAQUETANYLONAZROYALPP";BRD4;MR01;O.PURCHASE;3;R$ 306,36;R$ 919,07;Votorantim (SALTO)
50080680;20016592;"JAQUETA;MUNOZ/JAQUETANYLONAZROYALPP";BRD5;MR01;O.PURCHASE;0;R$ 0,00;R$ 0,00;Taubaté
50080681;20016593;"JAQUETA;MUNOZ/JAQUETANYLONAZROYALEXG";BRCM;MR01;O.PURCHASE;0;R$ 0,00;R$ 0,00;Araçatuba
50080681;20016593;"JAQUETA;MUNOZ/JAQUETANYLONAZROYALEXG";BRCN;MR01;O.PURCHASE;7;R$ 463,45;R$ 3.244,16;Araraquara
50080681;20016593;"JAQUETA;MUNOZ/JAQUETANYLONAZROYALEXG";BRCO;MR01;O.PURCHASE;6;R$ 446,80;R$ 2.680,80;Barueri
50080681;20016593;"JAQUETA;MUNOZ/JAQUETANYLONAZROYALEXG";BRCQ;MR01;O.PURCHASE;7;R$ 457,28;R$ 3.200,99;Campinas
50080681;20016593;"JAQUETA;MUNOZ/JAQUETANYLONAZROYALEXG";BRCR;MR01;O.PURCHASE;15;R$ 450,52;R$ 6.757,75;Diadema
50080681;20016593;"JAQUETA;MUNOZ/JAQUETANYLONAZROYALEXG";BRCT;MR01;O.PURCHASE;3;R$ 468,99;R$ 1.406,98;Guarulhos
50080681;20016593;"JAQUETA;MUNOZ/JAQUETANYLONAZROYALEXG";BRCU;MR01;O.PURCHASE;1;R$ 453,85;R$ 453,85;Jaú
50080681;20016593;"JAQUETA;MUNOZ/JAQUETANYLONAZROYALEXG";BRCV;MR01;O.PURCHASE;4;R$ 492,63;R$ 1.970,53;Jundiai (SALTO)
50080681;20016593;"JAQUETA;MUNOZ/JAQUETANYLONAZROYALEXG";BRCX;MR01;O.PURCHASE;6;R$ 449,93;R$ 2.699,59;Mauá
50080681;20016593;"JAQUETA;MUNOZ/JAQUETANYLONAZROYALEXG";BRCY;MR01;O.PURCHASE;4;R$ 418,73;R$ 1.674,93;Mogi Mirim
50080681;20016593;"JAQUETA;MUNOZ/JAQUETANYLONAZROYALEXG";BRD0;MR01;O.PURCHASE;0;R$ 0,00;R$ 0,00;Presidente Prudente
50080681;20016593;"JAQUETA;MUNOZ/JAQUETANYLONAZROYALEXG";BRD2;MR01;O.PURCHASE;2;R$ 416,27;R$ 832,53;São José dos Campos
50080681;20016593;"JAQUETA;MUNOZ/JAQUETANYLONAZROYALEXG";BRD3;MR01;O.PURCHASE;7;R$ 469,51;R$ 3.286,58;Suzano
50080681;20016593;"JAQUETA;MUNOZ/JAQUETANYLONAZROYALEXG";BRD5;MR01;O.PURCHASE;0;R$ 0,00;R$ 0,00;Taubaté
50080681;20016593;"JAQUETA;MUNOZ/JAQUETANYLONAZROYALEXG";BRD7;MR01;O.PURCHASE;3;R$ 434,80;R$ 1.304,41;Litoral - Praia Grande
50080696;20016705;"JAQUETA;TAM P;MUNOZ/JAQUETANYLONAZROYALP";BRCN;MR01;O.PURCHASE;2;R$ 413,54;R$ 827,07;Araraquara
50080696;20016705;"JAQUETA;TAM P;MUNOZ/JAQUETANYLONAZROYALP";BRCO;MR01;O.PURCHASE;11;R$ 456,03;R$ 5.016,35;Barueri
50080696;20016705;"JAQUETA;TAM P;MUNOZ/JAQUETANYLONAZROYALP";BRCR;MR01;O.PURCHASE;1;R$ 322,06;R$ 322,06;Diadema
50080696;20016705;"JAQUETA;TAM P;MUNOZ/JAQUETANYLONAZROYALP";BRCT;MR01;O.PURCHASE;1;R$ 384,55;R$ 384,55;Guarulhos
50080696;20016705;"JAQUETA;TAM P;MUNOZ/JAQUETANYLONAZROYALP";BRCU;MR01;O.PURCHASE;6;R$ 323,50;R$ 1.941,02;Jaú
50080696;20016705;"JAQUETA;TAM P;MUNOZ/JAQUETANYLONAZROYALP";BRCV;MR01;O.PURCHASE;1;R$ 332,04;R$ 332,04;Jundiai (SALTO)
50080696;20016705;"JAQUETA;TAM P;MUNOZ/JAQUETANYLONAZROYALP";BRCX;MR01;O.PURCHASE;4;R$ 351,80;R$ 1.407,21;Mauá
50080696;20016705;"JAQUETA;TAM P;MUNOZ/JAQUETANYLONAZROYALP";BRD0;MR01;O.PURCHASE;1;R$ 313,53;R$ 313,53;Presidente Prudente
50080696;20016705;"JAQUETA;TAM P;MUNOZ/JAQUETANYLONAZROYALP";BRD7;MR01;O.PURCHASE;5;R$ 409,01;R$ 2.045,05;Litoral - Praia Grande
50080697;20016706;"JAQUETA;TAM M;MUNOZ/JAQUETANYLONAZROYALM";BRCM;MR01;O.PURCHASE;4;R$ 453,45;R$ 1.813,80;Araçatuba
50080697;20016706;"JAQUETA;TAM M;MUNOZ/JAQUETANYLONAZROYALM";BRCN;MR01;O.PURCHASE;9;R$ 337,15;R$ 3.034,34;Araraquara
50080697;20016706;"JAQUETA;TAM M;MUNOZ/JAQUETANYLONAZROYALM";BRCO;MR01;O.PURCHASE;18;R$ 395,88;R$ 7.125,77;Barueri
50080697;20016706;"JAQUETA;TAM M;MUNOZ/JAQUETANYLONAZROYALM";BRCQ;MR01;O.PURCHASE;2;R$ 437,17;R$ 874,33;Campinas
50080697;20016706;"JAQUETA;TAM M;MUNOZ/JAQUETANYLONAZROYALM";BRCT;MR01;O.PURCHASE;0;R$ 0,00;R$ 0,00;Guarulhos
50080697;20016706;"JAQUETA;TAM M;MUNOZ/JAQUETANYLONAZROYALM";BRCU;MR01;O.PURCHASE;0;R$ 0,00;R$ 0,00;Jaú
50080697;20016706;"JAQUETA;TAM M;MUNOZ/JAQUETANYLONAZROYALM";BRCV;MR01;O.PURCHASE;2;R$ 470,12;R$ 940,23;Jundiai (SALTO)
50080697;20016706;"JAQUETA;TAM M;MUNOZ/JAQUETANYLONAZROYALM";BRCX;MR01;O.PURCHASE;0;R$ 0,00;R$ 0,00;Mauá
50080697;20016706;"JAQUETA;TAM M;MUNOZ/JAQUETANYLONAZROYALM";BRCY;MR01;O.PURCHASE;8;R$ 451,45;R$ 3.611,56;Mogi Mirim
50080697;20016706;"JAQUETA;TAM M;MUNOZ/JAQUETANYLONAZROYALM";BRD0;MR01;O.PURCHASE;9;R$ 380,44;R$ 3.423,95;Presidente Prudente
50080697;20016706;"JAQUETA;TAM M;MUNOZ/JAQUETANYLONAZROYALM";BRD2;MR01;O.PURCHASE;2;R$ 323,54;R$ 647,07;São José dos Campos
50080697;20016706;"JAQUETA;TAM M;MUNOZ/JAQUETANYLONAZROYALM";BRD4;MR01;O.PURCHASE;0;R$ 0,00;R$ 0,00;Votorantim (SALTO)
50080697;20016706;"JAQUETA;TAM M;MUNOZ/JAQUETANYLONAZROYALM";BRD5;MR01;O.PURCHASE;3;R$ 332,05;R$ 996,15;Taubaté
50080697;20016706;"JAQUETA;TAM M;MUNOZ/JAQUETANYLONAZROYALM";BRD7;MR01;O.PURCHASE;4;R$ 426,13;R$ 1.704,50;Litoral - Praia Grande
50080698;20016707;"JAQUETA;TAM G;MUNOZ/JAQUETANYLONAZROYALG";BRCO;MR01;O.PURCHASE;14;R$ 457,06;R$ 6.398,77;Barueri
50080698;20016707;"JAQUETA;TAM G;MUNOZ/JAQUETANYLONAZROYALG";BRCQ;MR01;O.PURCHASE;4;R$ 381,49;R$ 1.525,94;Campinas
50080698;20016707;"JAQUETA;TAM G;MUNOZ/JAQUETANYLONAZROYALG";BRCR;MR01;O.PURCHASE;2;R$ 453,27;R$ 906,54;Diadema
50080698;20016707;"JAQUETA;TAM G;MUNOZ/JAQUETANYLONAZROYALG";BRCV;MR01;O.PURCHASE;7;R$ 460,84;R$ 3.225,90;Jundiai (SALTO)
50080698;20016707;"JAQUETA;TAM G;MUNOZ/JAQUETANYLONAZROYALG";BRCX;MR01;O.PURCHASE;6;R$ 447,54;R$ 2.685,26;Mauá
50080698;20016707;"JAQUETA;TAM G;MUNOZ/JAQUETANYLONAZROYALG";BRD0;MR01;O.PURCHASE;18;R$ 403,19;R$ 7.257,39;Presidente Prudente
50080698;20016707;"JAQUETA;TAM G;MUNOZ/JAQUETANYLONAZROYALG";BRD1;MR01;O.PURCHASE;3;R$ 548,92;R$ 1.646,76;Ribeirão Preto
50080698;20016707;"JAQUETA;TAM G;MUNOZ/JAQUETANYLONAZROYALG";BRD2;MR01;O.PURCHASE;0;R$ 0,00;R$ 0,00;São José dos Campos
50080698;20016707;"JAQUETA;TAM G;MUNOZ/JAQUETANYLONAZROYALG";BRD4;MR01;O.PURCHASE;3;R$ 345,90;R$ 1.037,71;Votorantim (SALTO)
50080698;20016707;"JAQUETA;TAM G;MUNOZ/JAQUETANYLONAZROYALG";BRD7;MR01;O.PURCHASE;6;R$ 454,70;R$ 2.728,17;Litoral - Praia Grande
50080699;20016708;"JAQUETA;MUNOZ/JAQUETANYLONAZROYALGG";BRCM;MR01;O.PURCHASE;4;R$ 409,19;R$ 1.636,75;Araçatuba
50080699;20016708;"JAQUETA;MUNOZ/JAQUETANYLONAZROYALGG";BRCN;MR01;O.PURCHASE;13;R$ 337,53;R$ 4.387,95;Araraquara
50080699;20016708;"JAQUETA;MUNOZ/JAQUETANYLONAZROYALGG";BRCT;MR01;O.PURCHASE;6;R$ 462,35;R$ 2.774,07;Guarulhos
50080699;20016708;"JAQUETA;MUNOZ/JAQUETANYLONAZROYALGG";BRCU;MR01;O.PURCHASE;1;R$ 453,85;R$ 453,85;Jaú
50080699;20016708;"JAQUETA;MUNOZ/JAQUETANYLONAZROYALGG";BRCV;MR01;O.PURCHASE;4;R$ 480,71;R$ 1.922,84;Jundiai (SALTO)
50080699;20016708;"JAQUETA;MUNOZ/JAQUETANYLONAZROYALGG";BRCX;MR01;O.PURCHASE;5;R$ 473,18;R$ 2.365,90;Mauá
50080699;20016708;"JAQUETA;MUNOZ/JAQUETANYLONAZROYALGG";BRCY;MR01;O.PURCHASE;8;R$ 476,86;R$ 3.814,91;Mogi Mirim
50080699;20016708;"JAQUETA;MUNOZ/JAQUETANYLONAZROYALGG";BRD0;MR01;O.PURCHASE;0;R$ 0,00;R$ 0,00;Presidente Prudente
50080699;20016708;"JAQUETA;MUNOZ/JAQUETANYLONAZROYALGG";BRD1;MR01;O.PURCHASE;10;R$ 464,76;R$ 4.647,63;Ribeirão Preto
50080699;20016708;"JAQUETA;MUNOZ/JAQUETANYLONAZROYALGG";BRD2;MR01;O.PURCHASE;0;R$ 0,00;R$ 0,00;São José dos Campos
50080699;20016708;"JAQUETA;MUNOZ/JAQUETANYLONAZROYALGG";BRD5;MR01;O.PURCHASE;2;R$ 332,06;R$ 664,11;Taubaté
50080699;20016708;"JAQUETA;MUNOZ/JAQUETANYLONAZROYALGG";BRD7;MR01;O.PURCHASE;6;R$ 479,82;R$ 2.878,90;Litoral - Praia Grande
50080847;0;"PAPEL HIGIEN;FL DUPLA/INTERFOLHADO;BR";BRD7;MR01;O.PURCHASE;80,000;R$ 58,14;R$ 4.651,43;Litoral - Praia Grande
50080946;20020212;"VISEIRA P/CAPAC;MAT PC;VISEIRACRISTAL2MM";BRCN;MR01;O.IMPORTED;0;R$ 0,00;R$ 0,00;Araraquara
50080946;20020212;"VISEIRA P/CAPAC;MAT PC;VISEIRACRISTAL2MM";BRCO;MR01;O.IMPORTED;4;R$ 41,55;R$ 166,18;Barueri
50080946;20020212;"VISEIRA P/CAPAC;MAT PC;VISEIRACRISTAL2MM";BRCO;MR01;O.PURCHASE;28;R$ 42,13;R$ 1.179,53;Barueri
50080946;20020212;"VISEIRA P/CAPAC;MAT PC;VISEIRACRISTAL2MM";BRCQ;MR01;O.PURCHASE;21;R$ 39,86;R$ 837,14;Campinas
50080946;20020212;"VISEIRA P/CAPAC;MAT PC;VISEIRACRISTAL2MM";BRCR;MR01;O.IMPORTED;12;R$ 37,45;R$ 449,39;Diadema
50080946;20020212;"VISEIRA P/CAPAC;MAT PC;VISEIRACRISTAL2MM";BRCS;MR01;O.IMPORTED;4;R$ 37,12;R$ 148,47;Embu (SUL)
50080946;20020212;"VISEIRA P/CAPAC;MAT PC;VISEIRACRISTAL2MM";BRCT;MR01;O.PURCHASE;8;R$ 38,57;R$ 308,52;Guarulhos
50080946;20020212;"VISEIRA P/CAPAC;MAT PC;VISEIRACRISTAL2MM";BRCV;MR01;O.IMPORTED;0;R$ 0,00;R$ 0,00;Jundiai (SALTO)
50080946;20020212;"VISEIRA P/CAPAC;MAT PC;VISEIRACRISTAL2MM";BRCV;MR01;O.PURCHASE;12;R$ 42,20;R$ 506,37;Jundiai (SALTO)
50080946;20020212;"VISEIRA P/CAPAC;MAT PC;VISEIRACRISTAL2MM";BRCX;MR01;O.PURCHASE;10;R$ 34,90;R$ 349,02;Mauá
50080946;20020212;"VISEIRA P/CAPAC;MAT PC;VISEIRACRISTAL2MM";BRCY;MR01;O.IMPORTED;0;R$ 0,00;R$ 0,00;Mogi Mirim
50080946;20020212;"VISEIRA P/CAPAC;MAT PC;VISEIRACRISTAL2MM";BRCY;MR01;O.PURCHASE;14;R$ 38,02;R$ 532,33;Mogi Mirim
50080946;20020212;"VISEIRA P/CAPAC;MAT PC;VISEIRACRISTAL2MM";BRD0;MR01;O.IMPORTED;13;R$ 44,02;R$ 572,32;Presidente Prudente
50080946;20020212;"VISEIRA P/CAPAC;MAT PC;VISEIRACRISTAL2MM";BRD1;MR01;O.IMPORTED;17;R$ 39,53;R$ 672,09;Ribeirão Preto
50080946;20020212;"VISEIRA P/CAPAC;MAT PC;VISEIRACRISTAL2MM";BRD2;MR01;O.IMPORTED;0;R$ 0,00;R$ 0,00;São José dos Campos
50080946;20020212;"VISEIRA P/CAPAC;MAT PC;VISEIRACRISTAL2MM";BRD3;MR01;O.IMPORTED;15;R$ 33,70;R$ 505,48;Suzano
50080946;20020212;"VISEIRA P/CAPAC;MAT PC;VISEIRACRISTAL2MM";BRD3;MR01;O.PURCHASE;5;R$ 38,05;R$ 190,27;Suzano
50080946;20020212;"VISEIRA P/CAPAC;MAT PC;VISEIRACRISTAL2MM";BRD5;MR01;O.IMPORTED;1;R$ 34,60;R$ 34,60;Taubaté
50080946;20020212;"VISEIRA P/CAPAC;MAT PC;VISEIRACRISTAL2MM";BRD7;MR01;O.IMPORTED;0;R$ 0,00;R$ 0,00;Litoral - Praia Grande
50080946;20020212;"VISEIRA P/CAPAC;MAT PC;VISEIRACRISTAL2MM";BRD7;MR01;O.PURCHASE;19;R$ 40,60;R$ 771,40;Litoral - Praia Grande
50080980;20020396;"FIXADOR VISEIRA P/CAPACETE;PC";BRCM;MR01;O.PURCHASE;80;R$ 13,32;R$ 1.065,86;Araçatuba
50080980;20020396;"FIXADOR VISEIRA P/CAPACETE;PC";BRCN;MR01;O.PURCHASE;26;R$ 14,55;R$ 378,36;Araraquara
50080980;20020396;"FIXADOR VISEIRA P/CAPACETE;PC";BRCO;MR01;O.PURCHASE;41;R$ 13,20;R$ 541,10;Barueri
50080980;20020396;"FIXADOR VISEIRA P/CAPACETE;PC";BRCQ;MR01;O.IMPORTED;2;R$ 20,04;R$ 40,07;Campinas
50080980;20020396;"FIXADOR VISEIRA P/CAPACETE;PC";BRCQ;MR01;O.PURCHASE;2;R$ 20,85;R$ 41,70;Campinas
50080980;20020396;"FIXADOR VISEIRA P/CAPACETE;PC";BRCR;MR01;O.PURCHASE;12;R$ 27,28;R$ 327,40;Diadema
50080980;20020396;"FIXADOR VISEIRA P/CAPACETE;PC";BRCS;MR01;O.IMPORTED;7;R$ 17,88;R$ 125,17;Embu (SUL)
50080980;20020396;"FIXADOR VISEIRA P/CAPACETE;PC";BRCT;MR01;O.IMPORTED;28;R$ 20,71;R$ 579,74;Guarulhos
50080980;20020396;"FIXADOR VISEIRA P/CAPACETE;PC";BRCT;MR01;O.PURCHASE;3;R$ 18,66;R$ 55,97;Guarulhos
50080980;20020396;"FIXADOR VISEIRA P/CAPACETE;PC";BRCV;MR01;O.PURCHASE;6;R$ 22,77;R$ 136,60;Jundiai (SALTO)
50080980;20020396;"FIXADOR VISEIRA P/CAPACETE;PC";BRCX;MR01;O.IMPORTED;4;R$ 17,03;R$ 68,12;Mauá
50080980;20020396;"FIXADOR VISEIRA P/CAPACETE;PC";BRCX;MR01;O.PURCHASE;6;R$ 26,31;R$ 157,86;Mauá
50080980;20020396;"FIXADOR VISEIRA P/CAPACETE;PC";BRCY;MR01;O.IMPORTED;25;R$ 28,20;R$ 704,96;Mogi Mirim
50080980;20020396;"FIXADOR VISEIRA P/CAPACETE;PC";BRCZ;MR01;O.PURCHASE;30;R$ 13,65;R$ 409,49;Norte (Caieiras)
50080980;20020396;"FIXADOR VISEIRA P/CAPACETE;PC";BRD0;MR01;O.PURCHASE;1;R$ 14,60;R$ 14,60;Presidente Prudente
50080980;20020396;"FIXADOR VISEIRA P/CAPACETE;PC";BRD1;MR01;O.IMPORTED;24;R$ 15,97;R$ 383,38;Ribeirão Preto
50080980;20020396;"FIXADOR VISEIRA P/CAPACETE;PC";BRD2;MR01;O.PURCHASE;5;R$ 30,67;R$ 153,37;São José dos Campos
50080980;20020396;"FIXADOR VISEIRA P/CAPACETE;PC";BRD3;MR01;O.IMPORTED;50;R$ 17,56;R$ 878,14;Suzano
50080980;20020396;"FIXADOR VISEIRA P/CAPACETE;PC";BRD5;MR01;O.PURCHASE;31;R$ 15,14;R$ 469,28;Taubaté
50080980;20020396;"FIXADOR VISEIRA P/CAPACETE;PC";BRD7;MR01;O.IMPORTED;7;R$ 16,36;R$ 114,50;Litoral - Praia Grande
50080980;20020396;"FIXADOR VISEIRA P/CAPACETE;PC";BRD7;MR01;O.PURCHASE;64;R$ 25,72;R$ 1.646,04;Litoral - Praia Grande
50081482;20008912;"CALCA/JAQUETA CJ SEG;NY;AM;1000AMARELOP";BRCM;MR01;O.PURCHASE;2,000;R$ 154,91;R$ 309,82;Araçatuba
50081482;20008912;"CALCA/JAQUETA CJ SEG;NY;AM;1000AMARELOP";BRCO;MR01;O.PURCHASE;8,000;R$ 188,68;R$ 1.509,44;Barueri
50081482;20008912;"CALCA/JAQUETA CJ SEG;NY;AM;1000AMARELOP";BRCQ;MR01;O.PURCHASE;8,000;R$ 159,92;R$ 1.279,38;Campinas
50081482;20008912;"CALCA/JAQUETA CJ SEG;NY;AM;1000AMARELOP";BRCR;MR01;O.PURCHASE;2,000;R$ 149,81;R$ 299,61;Diadema
50081482;20008912;"CALCA/JAQUETA CJ SEG;NY;AM;1000AMARELOP";BRCT;MR01;O.PURCHASE;3,000;R$ 206,46;R$ 619,39;Guarulhos
50081482;20008912;"CALCA/JAQUETA CJ SEG;NY;AM;1000AMARELOP";BRCU;MR01;O.PURCHASE;6,000;R$ 155,28;R$ 931,69;Jaú
50081482;20008912;"CALCA/JAQUETA CJ SEG;NY;AM;1000AMARELOP";BRCV;MR01;O.PURCHASE;5,000;R$ 176,71;R$ 883,57;Jundiai (SALTO)
50081482;20008912;"CALCA/JAQUETA CJ SEG;NY;AM;1000AMARELOP";BRCY;MR01;O.PURCHASE;9,000;R$ 144,71;R$ 1.302,35;Mogi Mirim
50081482;20008912;"CALCA/JAQUETA CJ SEG;NY;AM;1000AMARELOP";BRCZ;MR01;O.PURCHASE;1,000;R$ 98,69;R$ 98,69;Norte (Caieiras)
50081482;20008912;"CALCA/JAQUETA CJ SEG;NY;AM;1000AMARELOP";BRD4;MR01;O.PURCHASE;0;R$ 0,00;R$ 0,00;Votorantim (SALTO)
50081482;20008912;"CALCA/JAQUETA CJ SEG;NY;AM;1000AMARELOP";BRD5;MR01;O.PURCHASE;7,000;R$ 135,01;R$ 945,09;Taubaté
50081483;20008913;"CALCA/JAQUETA CJ SEG;NY;AM;1000AMARELOM";BRCM;MR01;O.PURCHASE;1,000;R$ 176,61;R$ 176,61;Araçatuba
50081483;20008913;"CALCA/JAQUETA CJ SEG;NY;AM;1000AMARELOM";BRCO;MR01;O.PURCHASE;11,000;R$ 182,17;R$ 2.003,82;Barueri
50081483;20008913;"CALCA/JAQUETA CJ SEG;NY;AM;1000AMARELOM";BRCR;MR01;O.PURCHASE;0;R$ 0,00;R$ 0,00;Diadema
50081483;20008913;"CALCA/JAQUETA CJ SEG;NY;AM;1000AMARELOM";BRCS;MR01;O.PURCHASE;5,000;R$ 225,12;R$ 1.125,58;Embu (SUL)
50081483;20008913;"CALCA/JAQUETA CJ SEG;NY;AM;1000AMARELOM";BRCT;MR01;O.PURCHASE;5,000;R$ 184,47;R$ 922,36;Guarulhos
50081483;20008913;"CALCA/JAQUETA CJ SEG;NY;AM;1000AMARELOM";BRCU;MR01;O.PURCHASE;4,000;R$ 189,97;R$ 759,86;Jaú
50081483;20008913;"CALCA/JAQUETA CJ SEG;NY;AM;1000AMARELOM";BRCV;MR01;O.PURCHASE;2,000;R$ 225,48;R$ 450,95;Jundiai (SALTO)
50081483;20008913;"CALCA/JAQUETA CJ SEG;NY;AM;1000AMARELOM";BRCX;MR01;O.PURCHASE;3,000;R$ 169,95;R$ 509,86;Mauá
50081483;20008913;"CALCA/JAQUETA CJ SEG;NY;AM;1000AMARELOM";BRCY;MR01;O.PURCHASE;10,000;R$ 179,40;R$ 1.793,96;Mogi Mirim
50081483;20008913;"CALCA/JAQUETA CJ SEG;NY;AM;1000AMARELOM";BRCZ;MR01;O.PURCHASE;9,000;R$ 185,49;R$ 1.669,45;Norte (Caieiras)
50081483;20008913;"CALCA/JAQUETA CJ SEG;NY;AM;1000AMARELOM";BRD0;MR01;O.PURCHASE;3,000;R$ 166,30;R$ 498,90;Presidente Prudente
50081483;20008913;"CALCA/JAQUETA CJ SEG;NY;AM;1000AMARELOM";BRD1;MR01;O.PURCHASE;0;R$ 0,00;R$ 0,00;Ribeirão Preto
50081483;20008913;"CALCA/JAQUETA CJ SEG;NY;AM;1000AMARELOM";BRD2;MR01;O.PURCHASE;0;R$ 0,00;R$ 0,00;São José dos Campos
50081483;20008913;"CALCA/JAQUETA CJ SEG;NY;AM;1000AMARELOM";BRD3;MR01;O.PURCHASE;4,000;R$ 147,94;R$ 591,74;Suzano
50081483;20008913;"CALCA/JAQUETA CJ SEG;NY;AM;1000AMARELOM";BRD5;MR01;O.PURCHASE;5,000;R$ 137,86;R$ 689,32;Taubaté
50081483;20008913;"CALCA/JAQUETA CJ SEG;NY;AM;1000AMARELOM";BRD7;MR01;O.PURCHASE;6,000;R$ 193,86;R$ 1.163,18;Litoral - Praia Grande
50081484;20008914;"CALCA/JAQUETA CJ SEG;NY;AM;1000AMARELOG";BRCM;MR01;O.PURCHASE;4,000;R$ 203,51;R$ 814,02;Araçatuba
50081484;20008914;"CALCA/JAQUETA CJ SEG;NY;AM;1000AMARELOG";BRCO;MR01;O.PURCHASE;13,000;R$ 132,15;R$ 1.718,00;Barueri
50081484;20008914;"CALCA/JAQUETA CJ SEG;NY;AM;1000AMARELOG";BRCQ;MR01;O.PURCHASE;11,000;R$ 158,50;R$ 1.743,45;Campinas
50081484;20008914;"CALCA/JAQUETA CJ SEG;NY;AM;1000AMARELOG";BRCS;MR01;O.PURCHASE;0;R$ 0,00;R$ 0,00;Embu (SUL)
50081484;20008914;"CALCA/JAQUETA CJ SEG;NY;AM;1000AMARELOG";BRCT;MR01;O.PURCHASE;8,000;R$ 190,18;R$ 1.521,46;Guarulhos
50081484;20008914;"CALCA/JAQUETA CJ SEG;NY;AM;1000AMARELOG";BRCU;MR01;O.PURCHASE;3,000;R$ 238,11;R$ 714,34;Jaú
50081484;20008914;"CALCA/JAQUETA CJ SEG;NY;AM;1000AMARELOG";BRCV;MR01;O.PURCHASE;5,000;R$ 158,78;R$ 793,88;Jundiai (SALTO)
50081484;20008914;"CALCA/JAQUETA CJ SEG;NY;AM;1000AMARELOG";BRCX;MR01;O.PURCHASE;9,000;R$ 187,22;R$ 1.684,98;Mauá
50081484;20008914;"CALCA/JAQUETA CJ SEG;NY;AM;1000AMARELOG";BRCY;MR01;O.PURCHASE;5,000;R$ 173,08;R$ 865,38;Mogi Mirim
50081484;20008914;"CALCA/JAQUETA CJ SEG;NY;AM;1000AMARELOG";BRCZ;MR01;O.PURCHASE;7,000;R$ 193,17;R$ 1.352,16;Norte (Caieiras)
50081484;20008914;"CALCA/JAQUETA CJ SEG;NY;AM;1000AMARELOG";BRD0;MR01;O.PURCHASE;3,000;R$ 161,71;R$ 485,13;Presidente Prudente
50081484;20008914;"CALCA/JAQUETA CJ SEG;NY;AM;1000AMARELOG";BRD1;MR01;O.PURCHASE;0;R$ 0,00;R$ 0,00;Ribeirão Preto
50081484;20008914;"CALCA/JAQUETA CJ SEG;NY;AM;1000AMARELOG";BRD2;MR01;O.PURCHASE;3,000;R$ 172,74;R$ 518,22;São José dos Campos
50081484;20008914;"CALCA/JAQUETA CJ SEG;NY;AM;1000AMARELOG";BRD3;MR01;O.PURCHASE;6,000;R$ 184,84;R$ 1.109,01;Suzano
50081484;20008914;"CALCA/JAQUETA CJ SEG;NY;AM;1000AMARELOG";BRD5;MR01;O.PURCHASE;4,000;R$ 158,99;R$ 635,94;Taubaté
50081485;20008915;"CALCA/JAQUETA CJ SEG;NY;AM;1000AMARELOGG";BRCM;MR01;O.PURCHASE;5,000;R$ 157,24;R$ 786,18;Araçatuba
50081485;20008915;"CALCA/JAQUETA CJ SEG;NY;AM;1000AMARELOGG";BRCO;MR01;O.PURCHASE;12,000;R$ 167,72;R$ 2.012,65;Barueri
50081485;20008915;"CALCA/JAQUETA CJ SEG;NY;AM;1000AMARELOGG";BRCQ;MR01;O.PURCHASE;5,000;R$ 179,53;R$ 897,67;Campinas
50081485;20008915;"CALCA/JAQUETA CJ SEG;NY;AM;1000AMARELOGG";BRCR;MR01;O.PURCHASE;6,000;R$ 191,67;R$ 1.150,03;Diadema
50081485;20008915;"CALCA/JAQUETA CJ SEG;NY;AM;1000AMARELOGG";BRCS;MR01;O.PURCHASE;0;R$ 0,00;R$ 0,00;Embu (SUL)
50081485;20008915;"CALCA/JAQUETA CJ SEG;NY;AM;1000AMARELOGG";BRCT;MR01;O.PURCHASE;0;R$ 0,00;R$ 0,00;Guarulhos
50081485;20008915;"CALCA/JAQUETA CJ SEG;NY;AM;1000AMARELOGG";BRCU;MR01;O.PURCHASE;0;R$ 0,00;R$ 0,00;Jaú
50081485;20008915;"CALCA/JAQUETA CJ SEG;NY;AM;1000AMARELOGG";BRCV;MR01;O.PURCHASE;13,000;R$ 178,08;R$ 2.315,02;Jundiai (SALTO)
50081485;20008915;"CALCA/JAQUETA CJ SEG;NY;AM;1000AMARELOGG";BRCX;MR01;O.PURCHASE;3,000;R$ 147,93;R$ 443,80;Mauá
50081485;20008915;"CALCA/JAQUETA CJ SEG;NY;AM;1000AMARELOGG";BRCY;MR01;O.PURCHASE;9,000;R$ 179,38;R$ 1.614,38;Mogi Mirim
50081485;20008915;"CALCA/JAQUETA CJ SEG;NY;AM;1000AMARELOGG";BRD0;MR01;O.PURCHASE;1,000;R$ 161,71;R$ 161,71;Presidente Prudente
50081485;20008915;"CALCA/JAQUETA CJ SEG;NY;AM;1000AMARELOGG";BRD1;MR01;O.PURCHASE;10,000;R$ 182,07;R$ 1.820,65;Ribeirão Preto
50081485;20008915;"CALCA/JAQUETA CJ SEG;NY;AM;1000AMARELOGG";BRD2;MR01;O.PURCHASE;12,000;R$ 172,44;R$ 2.069,25;São José dos Campos
50081485;20008915;"CALCA/JAQUETA CJ SEG;NY;AM;1000AMARELOGG";BRD3;MR01;O.PURCHASE;3,000;R$ 209,53;R$ 628,59;Suzano
50081485;20008915;"CALCA/JAQUETA CJ SEG;NY;AM;1000AMARELOGG";BRD4;MR01;O.PURCHASE;0;R$ 0,00;R$ 0,00;Votorantim (SALTO)
50081485;20008915;"CALCA/JAQUETA CJ SEG;NY;AM;1000AMARELOGG";BRD5;MR01;O.PURCHASE;0;R$ 0,00;R$ 0,00;Taubaté
50081485;20008915;"CALCA/JAQUETA CJ SEG;NY;AM;1000AMARELOGG";BRD7;MR01;O.PURCHASE;6,000;R$ 192,93;R$ 1.157,60;Litoral - Praia Grande
50081486;20008916;"CALCA/JAQUETA CJ SEG;NY;1000AMARELOEXG";BRCM;MR01;O.PURCHASE;4,000;R$ 157,24;R$ 628,94;Araçatuba
50081486;20008916;"CALCA/JAQUETA CJ SEG;NY;1000AMARELOEXG";BRCQ;MR01;O.PURCHASE;2,000;R$ 178,32;R$ 356,64;Campinas
50081486;20008916;"CALCA/JAQUETA CJ SEG;NY;1000AMARELOEXG";BRCR;MR01;O.PURCHASE;0;R$ 0,00;R$ 0,00;Diadema
50081486;20008916;"CALCA/JAQUETA CJ SEG;NY;1000AMARELOEXG";BRCT;MR01;O.PURCHASE;3,000;R$ 277,90;R$ 833,69;Guarulhos
50081486;20008916;"CALCA/JAQUETA CJ SEG;NY;1000AMARELOEXG";BRCU;MR01;O.PURCHASE;2,000;R$ 147,94;R$ 295,87;Jaú
50081486;20008916;"CALCA/JAQUETA CJ SEG;NY;1000AMARELOEXG";BRCV;MR01;O.PURCHASE;10,000;R$ 180,68;R$ 1.806,83;Jundiai (SALTO)
50081486;20008916;"CALCA/JAQUETA CJ SEG;NY;1000AMARELOEXG";BRCX;MR01;O.PURCHASE;6,000;R$ 173,31;R$ 1.039,83;Mauá
50081486;20008916;"CALCA/JAQUETA CJ SEG;NY;1000AMARELOEXG";BRCY;MR01;O.PURCHASE;8,000;R$ 167,77;R$ 1.342,17;Mogi Mirim
50081486;20008916;"CALCA/JAQUETA CJ SEG;NY;1000AMARELOEXG";BRD0;MR01;O.PURCHASE;12,000;R$ 187,92;R$ 2.255,02;Presidente Prudente
50081486;20008916;"CALCA/JAQUETA CJ SEG;NY;1000AMARELOEXG";BRD1;MR01;O.PURCHASE;2,000;R$ 161,17;R$ 322,33;Ribeirão Preto
50081486;20008916;"CALCA/JAQUETA CJ SEG;NY;1000AMARELOEXG";BRD3;MR01;O.PURCHASE;6,000;R$ 178,92;R$ 1.073,52;Suzano
50081486;20008916;"CALCA/JAQUETA CJ SEG;NY;1000AMARELOEXG";BRD4;MR01;O.PURCHASE;0;R$ 0,00;R$ 0,00;Votorantim (SALTO)
50081486;20008916;"CALCA/JAQUETA CJ SEG;NY;1000AMARELOEXG";BRD5;MR01;O.PURCHASE;1,000;R$ 136,08;R$ 136,08;Taubaté
50081486;20008916;"CALCA/JAQUETA CJ SEG;NY;1000AMARELOEXG";BRD7;MR01;O.PURCHASE;15,000;R$ 172,56;R$ 2.588,40;Litoral - Praia Grande
50081516;0;"BLOCO REC AUTO-ADESIV;AM;S/IMPR;38X50MM";BRD1;MR01;O.PURCHASE;5,000;R$ 6,53;R$ 32,64;Ribeirão Preto
50081590;20009279;"CAMISA;VEND; SKOL,FEM;BEGE;M/C; TAM M";BRCQ;MR01;O.PURCHASE;5,000;R$ 36,23;R$ 181,14;Campinas
50081590;20009279;"CAMISA;VEND; SKOL,FEM;BEGE;M/C; TAM M";BRCX;MR01;O.PURCHASE;19,000;R$ 34,67;R$ 658,79;Mauá
50081590;20009279;"CAMISA;VEND; SKOL,FEM;BEGE;M/C; TAM M";BRD0;MR01;O.PURCHASE;10,000;R$ 37,00;R$ 370,01;Presidente Prudente
50081590;20009279;"CAMISA;VEND; SKOL,FEM;BEGE;M/C; TAM M";BRD7;MR01;O.PURCHASE;31,000;R$ 25,61;R$ 793,88;Litoral - Praia Grande
50081591;20009280;"CALCA JEANS;MASC;AZ;NUM 60";BRCR;MR01;O.PURCHASE;12,000;R$ 47,53;R$ 570,30;Diadema
50081591;20009280;"CALCA JEANS;MASC;AZ;NUM 60";BRD0;MR01;O.PURCHASE;10,000;R$ 52,81;R$ 528,06;Presidente Prudente
50081592;20009281;CALÇA VENDEDOR FEM C/ REFORÇO-TAM. Nº50;BRCM;MR01;O.PURCHASE;6,000;R$ 83,71;R$ 502,25;Araçatuba
50081592;20009281;CALÇA VENDEDOR FEM C/ REFORÇO-TAM. Nº50;BRCV;MR01;O.PURCHASE;3,000;R$ 211,35;R$ 634,06;Jundiai (SALTO)
50081592;20009281;CALÇA VENDEDOR FEM C/ REFORÇO-TAM. Nº50;BRCX;MR01;O.PURCHASE;1,000;R$ 50,95;R$ 50,95;Mauá
50081592;20009281;CALÇA VENDEDOR FEM C/ REFORÇO-TAM. Nº50;BRD4;MR01;O.PURCHASE;1,000;R$ 49,69;R$ 49,69;Votorantim (SALTO)
50081592;20009281;CALÇA VENDEDOR FEM C/ REFORÇO-TAM. Nº50;BRD5;MR01;O.PURCHASE;2,000;R$ 77,28;R$ 154,56;Taubaté
50081594;20009285;"CAMISA;VEND; SKOL,FEM;BEGE;M/C; TAM G";BRCQ;MR01;O.PURCHASE;1,000;R$ 36,74;R$ 36,74;Campinas
50081596;20009288;"CAMISA;VEND; SKOL,FEM;BEGE;M/C; TAM P";BRCQ;MR01;O.PURCHASE;1,000;R$ 38,49;R$ 38,49;Campinas
50081596;20009288;"CAMISA;VEND; SKOL,FEM;BEGE;M/C; TAM P";BRCS;MR01;O.PURCHASE;5,000;R$ 1,00;R$ 5,00;Embu (SUL)
50081596;20009288;"CAMISA;VEND; SKOL,FEM;BEGE;M/C; TAM P";BRCX;MR01;O.PURCHASE;7,000;R$ 35,89;R$ 251,21;Mauá
50081596;20009288;"CAMISA;VEND; SKOL,FEM;BEGE;M/C; TAM P";BRD0;MR01;O.PURCHASE;3,000;R$ 36,60;R$ 109,81;Presidente Prudente
50081596;20009288;"CAMISA;VEND; SKOL,FEM;BEGE;M/C; TAM P";BRD7;MR01;O.PURCHASE;25,000;R$ 37,00;R$ 924,97;Litoral - Praia Grande
50081598;20009290;CALÇA VENDEDOR FEM C/ REFORÇO-TAM. Nº42;BRCM;MR01;O.PURCHASE;6,000;R$ 85,54;R$ 513,21;Araçatuba
50081598;20009290;CALÇA VENDEDOR FEM C/ REFORÇO-TAM. Nº42;BRCN;MR01;O.PURCHASE;4,000;R$ 81,89;R$ 327,57;Araraquara
50081598;20009290;CALÇA VENDEDOR FEM C/ REFORÇO-TAM. Nº42;BRCX;MR01;O.PURCHASE;1,000;R$ 51,10;R$ 51,10;Mauá
50081598;20009290;CALÇA VENDEDOR FEM C/ REFORÇO-TAM. Nº42;BRD0;MR01;O.PURCHASE;1,000;R$ 48,56;R$ 48,56;Presidente Prudente
50081598;20009290;CALÇA VENDEDOR FEM C/ REFORÇO-TAM. Nº42;BRD7;MR01;O.PURCHASE;2,000;R$ 45,09;R$ 90,18;Litoral - Praia Grande
50081599;20009292;CALÇA VENDEDOR FEM S/ REFORÇO-TAM. Nº44;BRCN;MR01;O.PURCHASE;8,000;R$ 64,23;R$ 513,80;Araraquara
50081599;20009292;CALÇA VENDEDOR FEM S/ REFORÇO-TAM. Nº44;BRCS;MR01;O.PURCHASE;7,000;R$ 45,66;R$ 319,65;Embu (SUL)
50081599;20009292;CALÇA VENDEDOR FEM S/ REFORÇO-TAM. Nº44;BRCX;MR01;O.PURCHASE;15,000;R$ 41,88;R$ 628,15;Mauá
50081601;20009295;"CALCA JEANS;FEM;AZ;NUM 50;13OZ";BRD0;MR01;O.PURCHASE;5,000;R$ 36,80;R$ 184,00;Presidente Prudente
50081603;20009298;CALÇA VENDEDOR FEM C/ REFORÇO-TAM. Nº52;BRCM;MR01;O.PURCHASE;6,000;R$ 65,51;R$ 393,08;Araçatuba
50081603;20009298;CALÇA VENDEDOR FEM C/ REFORÇO-TAM. Nº52;BRCV;MR01;O.PURCHASE;1,000;R$ 109,97;R$ 109,97;Jundiai (SALTO)
50081603;20009298;CALÇA VENDEDOR FEM C/ REFORÇO-TAM. Nº52;BRCX;MR01;O.PURCHASE;1,000;R$ 50,95;R$ 50,95;Mauá
50081603;20009298;CALÇA VENDEDOR FEM C/ REFORÇO-TAM. Nº52;BRD4;MR01;O.PURCHASE;5,000;R$ 85,79;R$ 428,93;Votorantim (SALTO)
50081603;20009298;CALÇA VENDEDOR FEM C/ REFORÇO-TAM. Nº52;BRD7;MR01;O.PURCHASE;15,000;R$ 50,07;R$ 751,08;Litoral - Praia Grande
50081604;20009299;CALÇA VENDEDOR FEM C/ REFORÇO-TAM. Nº56;BRCM;MR01;O.PURCHASE;5,000;R$ 82,86;R$ 414,32;Araçatuba
50081604;20009299;CALÇA VENDEDOR FEM C/ REFORÇO-TAM. Nº56;BRCS;MR01;O.PURCHASE;5,000;R$ 52,26;R$ 261,32;Embu (SUL)
50081604;20009299;CALÇA VENDEDOR FEM C/ REFORÇO-TAM. Nº56;BRCV;MR01;O.PURCHASE;6,000;R$ 51,18;R$ 307,10;Jundiai (SALTO)
50081605;20009300;CALÇA VENDEDOR FEM S/ REFORÇO-TAM. Nº36;BRCX;MR01;O.PURCHASE;16,000;R$ 42,64;R$ 682,16;Mauá
50081606;20009301;CALÇA VENDEDOR FEM S/ REFORÇO-TAM. Nº42;BRCN;MR01;O.PURCHASE;0;R$ 0,00;R$ 0,00;Araraquara
50081606;20009301;CALÇA VENDEDOR FEM S/ REFORÇO-TAM. Nº42;BRCS;MR01;O.PURCHASE;6,000;R$ 45,67;R$ 273,99;Embu (SUL)
50081606;20009301;CALÇA VENDEDOR FEM S/ REFORÇO-TAM. Nº42;BRCX;MR01;O.PURCHASE;13,000;R$ 42,13;R$ 547,68;Mauá
50081607;20009302;CALÇA VENDEDOR FEM S/ REFORÇO-TAM. Nº46;BRCN;MR01;O.PURCHASE;8,000;R$ 54,35;R$ 434,79;Araraquara
50081607;20009302;CALÇA VENDEDOR FEM S/ REFORÇO-TAM. Nº46;BRCS;MR01;O.PURCHASE;2,000;R$ 48,51;R$ 97,02;Embu (SUL)
50081732;0;"CHUVEIRO;LAVA OLHOS C/BACIA PLASTICO ABS";BRCY;MR01;O.PURCHASE;1,000;R$ 1.046,97;R$ 1.046,97;Mogi Mirim
50081799;0;"CAMISA SEG;CAQ;TAM GG;LEAL/FW206781613GG";BRCQ;MR01;O.PURCHASE;1,000;R$ 283,36;R$ 283,36;Campinas
50081990;20007182;"SUETER;AZUL MARINHO;DA Producao, Malha f";BRCM;MR01;O.PURCHASE;4,000;R$ 132,86;R$ 531,42;Araçatuba
50081990;20007182;"SUETER;AZUL MARINHO;DA Producao, Malha f";BRCT;MR01;O.PURCHASE;11,000;R$ 142,02;R$ 1.562,27;Guarulhos
50081990;20007182;"SUETER;AZUL MARINHO;DA Producao, Malha f";BRD1;MR01;O.PURCHASE;0;R$ 0,00;R$ 0,00;Ribeirão Preto
50081990;20007182;"SUETER;AZUL MARINHO;DA Producao, Malha f";BRD4;MR01;O.PURCHASE;3,000;R$ 132,04;R$ 396,13;Votorantim (SALTO)
50081991;20007183;"SUETER;AZUL MARINHO;DA Producao, Malha f";BRCM;MR01;O.PURCHASE;3,000;R$ 154,61;R$ 463,84;Araçatuba
50081991;20007183;"SUETER;AZUL MARINHO;DA Producao, Malha f";BRCQ;MR01;O.PURCHASE;3,000;R$ 143,18;R$ 429,53;Campinas
50081991;20007183;"SUETER;AZUL MARINHO;DA Producao, Malha f";BRCR;MR01;O.PURCHASE;5,000;R$ 146,74;R$ 733,72;Diadema
50081991;20007183;"SUETER;AZUL MARINHO;DA Producao, Malha f";BRCT;MR01;O.PURCHASE;0;R$ 0,00;R$ 0,00;Guarulhos
50081991;20007183;"SUETER;AZUL MARINHO;DA Producao, Malha f";BRCX;MR01;O.PURCHASE;4,000;R$ 98,46;R$ 393,85;Mauá
50081991;20007183;"SUETER;AZUL MARINHO;DA Producao, Malha f";BRD0;MR01;O.PURCHASE;1,000;R$ 66,57;R$ 66,57;Presidente Prudente
50081991;20007183;"SUETER;AZUL MARINHO;DA Producao, Malha f";BRD1;MR01;O.PURCHASE;22,000;R$ 94,52;R$ 2.079,33;Ribeirão Preto
50081991;20007183;"SUETER;AZUL MARINHO;DA Producao, Malha f";BRD4;MR01;O.PURCHASE;1,000;R$ 127,53;R$ 127,53;Votorantim (SALTO)
50081992;20007184;"SUETER;AZUL MARINHO;LA SINTETICA, TAM M";BRCR;MR01;O.PURCHASE;0;R$ 0,00;R$ 0,00;Diadema
50081992;20007184;"SUETER;AZUL MARINHO;LA SINTETICA, TAM M";BRCX;MR01;O.PURCHASE;3,000;R$ 100,34;R$ 301,03;Mauá
50081992;20007184;"SUETER;AZUL MARINHO;LA SINTETICA, TAM M";BRCY;MR01;O.PURCHASE;0;R$ 0,00;R$ 0,00;Mogi Mirim
50081992;20007184;"SUETER;AZUL MARINHO;LA SINTETICA, TAM M";BRD0;MR01;O.PURCHASE;5,000;R$ 74,27;R$ 371,36;Presidente Prudente
50081992;20007184;"SUETER;AZUL MARINHO;LA SINTETICA, TAM M";BRD1;MR01;O.PURCHASE;0;R$ 0,00;R$ 0,00;Ribeirão Preto
50081992;20007184;"SUETER;AZUL MARINHO;LA SINTETICA, TAM M";BRD3;MR01;O.PURCHASE;1,000;R$ 142,79;R$ 142,79;Suzano
50081992;20007184;"SUETER;AZUL MARINHO;LA SINTETICA, TAM M";BRD4;MR01;O.PURCHASE;15,000;R$ 94,76;R$ 1.421,34;Votorantim (SALTO)
50081993;20007185;"SUETER;AZUL MARINHO;DA PRODUCAO, MALHA F";BRCM;MR01;O.PURCHASE;1,000;R$ 176,67;R$ 176,67;Araçatuba
50081993;20007185;"SUETER;AZUL MARINHO;DA PRODUCAO, MALHA F";BRCO;MR01;O.PURCHASE;15,000;R$ 148,35;R$ 2.225,21;Barueri
50081993;20007185;"SUETER;AZUL MARINHO;DA PRODUCAO, MALHA F";BRCQ;MR01;O.PURCHASE;6,000;R$ 143,31;R$ 859,87;Campinas
50081993;20007185;"SUETER;AZUL MARINHO;DA PRODUCAO, MALHA F";BRCV;MR01;O.PURCHASE;0;R$ 0,00;R$ 0,00;Jundiai (SALTO)
50081993;20007185;"SUETER;AZUL MARINHO;DA PRODUCAO, MALHA F";BRCX;MR01;O.PURCHASE;1,000;R$ 98,92;R$ 98,92;Mauá
50081993;20007185;"SUETER;AZUL MARINHO;DA PRODUCAO, MALHA F";BRD0;MR01;O.PURCHASE;7,000;R$ 99,07;R$ 693,52;Presidente Prudente
50081993;20007185;"SUETER;AZUL MARINHO;DA PRODUCAO, MALHA F";BRD1;MR01;O.PURCHASE;0;R$ 0,00;R$ 0,00;Ribeirão Preto
50081993;20007185;"SUETER;AZUL MARINHO;DA PRODUCAO, MALHA F";BRD3;MR01;O.PURCHASE;0;R$ 0,00;R$ 0,00;Suzano
50081993;20007185;"SUETER;AZUL MARINHO;DA PRODUCAO, MALHA F";BRD4;MR01;O.PURCHASE;20,000;R$ 94,54;R$ 1.890,87;Votorantim (SALTO)
50081994;20007186;"SUETER;AZUL MARINHO;DA PRODUCAO,MALHA FI";BRCM;MR01;O.PURCHASE;1,000;R$ 141,97;R$ 141,97;Araçatuba
50081994;20007186;"SUETER;AZUL MARINHO;DA PRODUCAO,MALHA FI";BRCO;MR01;O.PURCHASE;26,000;R$ 131,69;R$ 3.423,94;Barueri
50081994;20007186;"SUETER;AZUL MARINHO;DA PRODUCAO,MALHA FI";BRCV;MR01;O.PURCHASE;0;R$ 0,00;R$ 0,00;Jundiai (SALTO)
50081994;20007186;"SUETER;AZUL MARINHO;DA PRODUCAO,MALHA FI";BRCX;MR01;O.PURCHASE;5,000;R$ 98,87;R$ 494,36;Mauá
50081994;20007186;"SUETER;AZUL MARINHO;DA PRODUCAO,MALHA FI";BRD3;MR01;O.PURCHASE;0;R$ 0,00;R$ 0,00;Suzano
50081994;20007186;"SUETER;AZUL MARINHO;DA PRODUCAO,MALHA FI";BRD4;MR01;O.PURCHASE;0;R$ 0,00;R$ 0,00;Votorantim (SALTO)
50081998;0;"SACO PANO P/LIMP;ALG;ALVEJ;BR;700X400MM";BRCQ;MR01;O.PURCHASE;20,000;R$ 2,12;R$ 42,36;Campinas
50082065;20007295;SAPATO SEG SEM BIQUEIRA SEM PALM-TAM.34;BRCS;MR01;O.PURCHASE;1;R$ 43,86;R$ 43,86;Embu (SUL)
50082065;20007295;SAPATO SEG SEM BIQUEIRA SEM PALM-TAM.34;BRCT;MR01;O.PURCHASE;3;R$ 66,55;R$ 199,65;Guarulhos
50082066;20007296;SAPATO SEG SEM BIQUEIRA SEM PALM-TAM.35;BRCT;MR01;O.PURCHASE;0;R$ 0,00;R$ 0,00;Guarulhos
50082066;20007296;SAPATO SEG SEM BIQUEIRA SEM PALM-TAM.35;BRCV;MR01;O.PURCHASE;0;R$ 0,00;R$ 0,00;Jundiai (SALTO)
50082066;20007296;SAPATO SEG SEM BIQUEIRA SEM PALM-TAM.35;BRCX;MR01;O.PURCHASE;6;R$ 41,71;R$ 250,25;Mauá
50082067;20007297;SAPATO SEG SEM BIQUEIRA SEM PALM-TAM.36;BRCT;MR01;O.PURCHASE;1;R$ 67,38;R$ 67,38;Guarulhos
50082067;20007297;SAPATO SEG SEM BIQUEIRA SEM PALM-TAM.36;BRCV;MR01;O.PURCHASE;0;R$ 0,00;R$ 0,00;Jundiai (SALTO)
50082068;20007298;SAPATO SEG SEM BIQUEIRA SEM PALM-TAM.37;BRCT;MR01;O.PURCHASE;1;R$ 64,43;R$ 64,43;Guarulhos
50082068;20007298;SAPATO SEG SEM BIQUEIRA SEM PALM-TAM.37;BRCV;MR01;O.IMPORTED;0;R$ 0,00;R$ 0,00;Jundiai (SALTO)
50082068;20007298;SAPATO SEG SEM BIQUEIRA SEM PALM-TAM.37;BRCX;MR01;O.IMPORTED;23;R$ 46,91;R$ 1.078,90;Mauá
50082068;20007298;SAPATO SEG SEM BIQUEIRA SEM PALM-TAM.37;BRCX;MR01;O.PURCHASE;5;R$ 35,94;R$ 179,70;Mauá
50082069;20007299;SAPATO SEG SEM BIQUEIRA SEM PALM-TAM.38;BRCS;MR01;O.PURCHASE;1;R$ 46,44;R$ 46,44;Embu (SUL)
50082069;20007299;SAPATO SEG SEM BIQUEIRA SEM PALM-TAM.38;BRCT;MR01;O.PURCHASE;6;R$ 58,82;R$ 352,94;Guarulhos
50082069;20007299;SAPATO SEG SEM BIQUEIRA SEM PALM-TAM.38;BRCV;MR01;O.PURCHASE;0;R$ 0,00;R$ 0,00;Jundiai (SALTO)
50082069;20007299;SAPATO SEG SEM BIQUEIRA SEM PALM-TAM.38;BRCX;MR01;O.PURCHASE;7;R$ 43,87;R$ 307,06;Mauá
50082070;20007300;SAPATO SEG SEM BIQUEIRA SEM PALM-TAM.39;BRCQ;MR01;O.PURCHASE;11;R$ 70,76;R$ 778,38;Campinas
50082070;20007300;SAPATO SEG SEM BIQUEIRA SEM PALM-TAM.39;BRCT;MR01;O.PURCHASE;3;R$ 59,47;R$ 178,42;Guarulhos
50082070;20007300;SAPATO SEG SEM BIQUEIRA SEM PALM-TAM.39;BRCX;MR01;O.PURCHASE;2;R$ 44,58;R$ 89,15;Mauá
50082071;20007301;SAPATO SEG SEM BIQUEIRA SEM PALM-TAM.40;BRCQ;MR01;O.PURCHASE;10;R$ 65,20;R$ 652,00;Campinas
50082071;20007301;SAPATO SEG SEM BIQUEIRA SEM PALM-TAM.40;BRCT;MR01;O.PURCHASE;2;R$ 64,31;R$ 128,62;Guarulhos
50082071;20007301;SAPATO SEG SEM BIQUEIRA SEM PALM-TAM.40;BRCX;MR01;O.PURCHASE;10;R$ 44,84;R$ 448,38;Mauá
50082071;20007301;SAPATO SEG SEM BIQUEIRA SEM PALM-TAM.40;BRD0;MR01;O.PURCHASE;6;R$ 43,87;R$ 263,20;Presidente Prudente
50082072;20007302;SAPATO SEG SEM BIQUEIRA SEM PALM-TAM.41;BRCQ;MR01;O.PURCHASE;10;R$ 68,00;R$ 679,96;Campinas
50082072;20007302;SAPATO SEG SEM BIQUEIRA SEM PALM-TAM.41;BRCS;MR01;O.PURCHASE;1;R$ 75,03;R$ 75,03;Embu (SUL)
50082072;20007302;SAPATO SEG SEM BIQUEIRA SEM PALM-TAM.41;BRCT;MR01;O.PURCHASE;2;R$ 71,77;R$ 143,54;Guarulhos
50082072;20007302;SAPATO SEG SEM BIQUEIRA SEM PALM-TAM.41;BRD0;MR01;O.PURCHASE;8;R$ 43,87;R$ 350,93;Presidente Prudente
50082073;20007303;SAPATO SEG SEM BIQUEIRA SEM PALM-TAM.42;BRCQ;MR01;O.PURCHASE;6;R$ 71,31;R$ 427,83;Campinas
50082073;20007303;SAPATO SEG SEM BIQUEIRA SEM PALM-TAM.42;BRCS;MR01;O.PURCHASE;1;R$ 86,79;R$ 86,79;Embu (SUL)
50082073;20007303;SAPATO SEG SEM BIQUEIRA SEM PALM-TAM.42;BRCT;MR01;O.PURCHASE;4;R$ 61,98;R$ 247,90;Guarulhos
50082073;20007303;SAPATO SEG SEM BIQUEIRA SEM PALM-TAM.42;BRD0;MR01;O.PURCHASE;10;R$ 43,87;R$ 438,66;Presidente Prudente
50082074;20007304;SAPATO SEG SEM BIQUEIRA SEM PALM-TAM.43;BRCT;MR01;O.PURCHASE;1;R$ 62,96;R$ 62,96;Guarulhos
50082074;20007304;SAPATO SEG SEM BIQUEIRA SEM PALM-TAM.43;BRCV;MR01;O.PURCHASE;0;R$ 0,00;R$ 0,00;Jundiai (SALTO)
50082075;20007305;SAPATO SEG SEM BIQUEIRA SEM PALM-TAM.44;BRCS;MR01;O.PURCHASE;1;R$ 80,81;R$ 80,81;Embu (SUL)
50082075;20007305;SAPATO SEG SEM BIQUEIRA SEM PALM-TAM.44;BRCX;MR01;O.PURCHASE;8;R$ 43,41;R$ 347,31;Mauá
50082075;20007305;SAPATO SEG SEM BIQUEIRA SEM PALM-TAM.44;BRCZ;MR01;O.PURCHASE;0;R$ 0,00;R$ 0,00;Norte (Caieiras)
50082094;20007351;"PROTETOR AURIC TP CONCH;MSA/216746";BRD1;MR01;O.PURCHASE;1,000;R$ 88,07;R$ 88,07;Ribeirão Preto
50082100;0;"JAPONA;NYLON;AZUL;C/ FORRO;TAM M;C/ CAPU";BRCM;MR01;O.PURCHASE;7,000;R$ 84,85;R$ 593,96;Araçatuba
50082100;0;"JAPONA;NYLON;AZUL;C/ FORRO;TAM M;C/ CAPU";BRCO;MR01;O.PURCHASE;8,000;R$ 84,85;R$ 678,82;Barueri
50082100;0;"JAPONA;NYLON;AZUL;C/ FORRO;TAM M;C/ CAPU";BRCX;MR01;O.PURCHASE;3,000;R$ 84,85;R$ 254,56;Mauá
50082100;0;"JAPONA;NYLON;AZUL;C/ FORRO;TAM M;C/ CAPU";BRD0;MR01;O.PURCHASE;2,000;R$ 84,85;R$ 169,70;Presidente Prudente
50082100;0;"JAPONA;NYLON;AZUL;C/ FORRO;TAM M;C/ CAPU";BRD1;MR01;O.PURCHASE;2,000;R$ 84,85;R$ 169,70;Ribeirão Preto
50082101;0;"JAPONA SEG;PA;AZ;HERCULES/SPK026TAGG";BRCU;MR01;O.PURCHASE;1,000;R$ 84,85;R$ 84,85;Jaú
50082101;0;"JAPONA SEG;PA;AZ;HERCULES/SPK026TAGG";BRD0;MR01;O.PURCHASE;2,000;R$ 84,85;R$ 169,70;Presidente Prudente
50082101;0;"JAPONA SEG;PA;AZ;HERCULES/SPK026TAGG";BRD1;MR01;O.PURCHASE;2,000;R$ 84,85;R$ 169,70;Ribeirão Preto
50082110;20007376;"SUETER;TP MASC;MALH;AZ MAR;MOAIS/SUETERP";BRCM;MR01;O.PURCHASE;10,000;R$ 0,05;R$ 0,50;Araçatuba
50082155;0;"ANTENA SEG P/MOTO;ACAB FIBR VIDR";BRCY;MR01;O.PURCHASE;10,000;R$ 14,70;R$ 146,98;Mogi Mirim
50082155;0;"ANTENA SEG P/MOTO;ACAB FIBR VIDR";BRD7;MR01;O.PURCHASE;11,000;R$ 39,26;R$ 431,91;Litoral - Praia Grande
50082172;0;"RETROVISOR;HONDA/8820PKGA900";BRCO;MR01;O.PURCHASE;10,000;R$ 7,50;R$ 75,00;Barueri
50082173;0;"RAIO CJ;HONDA/004849";BRCQ;MR01;O.PURCHASE;5,000;R$ 6,74;R$ 33,70;Campinas
50082407;0;"FITA ADES CREP;BR;LARG 19MM;ESP 0,13MM";BRD1;MR01;O.PURCHASE;20,000;R$ 5,23;R$ 104,60;Ribeirão Preto
50082449;0;"ENVELOPE;PAP KRAFT;BR;TP CORRESP;S/LOGO";BRD1;MR01;O.PURCHASE;141,000;R$ 15,34;R$ 2.162,93;Ribeirão Preto
50082536;0;"TENIS SEG;NUM 35;FUJIWARA/90HTT600NUM35";BRCN;MR01;O.PURCHASE;0;R$ 0,00;R$ 0,00;Araraquara
50082536;0;"TENIS SEG;NUM 35;FUJIWARA/90HTT600NUM35";BRCR;MR01;O.IMPORTED;1;R$ 254,28;R$ 254,28;Diadema
50082536;0;"TENIS SEG;NUM 35;FUJIWARA/90HTT600NUM35";BRCR;MR01;O.PURCHASE;2;R$ 131,94;R$ 263,87;Diadema
50082536;0;"TENIS SEG;NUM 35;FUJIWARA/90HTT600NUM35";BRD1;MR01;O.PURCHASE;5;R$ 132,04;R$ 660,18;Ribeirão Preto
50082537;0;"TENIS SEG;NUM 36;FUJIWARA/90HTT600NUM36";BRCM;MR01;O.PURCHASE;0;R$ 0,00;R$ 0,00;Araçatuba
50082537;0;"TENIS SEG;NUM 36;FUJIWARA/90HTT600NUM36";BRCN;MR01;O.PURCHASE;0;R$ 0,00;R$ 0,00;Araraquara
50082537;0;"TENIS SEG;NUM 36;FUJIWARA/90HTT600NUM36";BRCT;MR01;O.PURCHASE;6;R$ 99,34;R$ 596,06;Guarulhos
50082537;0;"TENIS SEG;NUM 36;FUJIWARA/90HTT600NUM36";BRCX;MR01;O.PURCHASE;3;R$ 42,46;R$ 127,39;Mauá
50082537;0;"TENIS SEG;NUM 36;FUJIWARA/90HTT600NUM36";BRD0;MR01;O.PURCHASE;7;R$ 26,78;R$ 187,47;Presidente Prudente
50082538;0;"TENIS SEG;NUM 37;FUJIWARA/90HTT600NUM37";BRCM;MR01;O.PURCHASE;0;R$ 0,00;R$ 0,00;Araçatuba
50082538;0;"TENIS SEG;NUM 37;FUJIWARA/90HTT600NUM37";BRCN;MR01;O.PURCHASE;0;R$ 0,00;R$ 0,00;Araraquara
50082538;0;"TENIS SEG;NUM 37;FUJIWARA/90HTT600NUM37";BRCV;MR01;O.IMPORTED;1;R$ 55,35;R$ 55,35;Jundiai (SALTO)
50082538;0;"TENIS SEG;NUM 37;FUJIWARA/90HTT600NUM37";BRCV;MR01;O.PURCHASE;1;R$ 99,93;R$ 99,93;Jundiai (SALTO)
50082538;0;"TENIS SEG;NUM 37;FUJIWARA/90HTT600NUM37";BRD0;MR01;O.PURCHASE;10;R$ 26,78;R$ 267,81;Presidente Prudente
50082539;0;"TENIS SEG;NUM 38;FUJIWARA/90HTT600NUM38";BRCM;MR01;O.PURCHASE;0;R$ 0,00;R$ 0,00;Araçatuba
50082539;0;"TENIS SEG;NUM 38;FUJIWARA/90HTT600NUM38";BRCN;MR01;O.PURCHASE;0;R$ 0,00;R$ 0,00;Araraquara
50082539;0;"TENIS SEG;NUM 38;FUJIWARA/90HTT600NUM38";BRCR;MR01;O.IMPORTED;1;R$ 56,94;R$ 56,94;Diadema
50082539;0;"TENIS SEG;NUM 38;FUJIWARA/90HTT600NUM38";BRCR;MR01;O.PURCHASE;0;R$ 0,00;R$ 0,00;Diadema
50082539;0;"TENIS SEG;NUM 38;FUJIWARA/90HTT600NUM38";BRD0;MR01;O.PURCHASE;8;R$ 61,31;R$ 490,46;Presidente Prudente
50082540;0;"TENIS SEG;NUM 41;FUJIWARA/90HTT600NUM41";BRCM;MR01;O.PURCHASE;0;R$ 0,00;R$ 0,00;Araçatuba
50082540;0;"TENIS SEG;NUM 41;FUJIWARA/90HTT600NUM41";BRCN;MR01;O.PURCHASE;0;R$ 0,00;R$ 0,00;Araraquara
50082540;0;"TENIS SEG;NUM 41;FUJIWARA/90HTT600NUM41";BRCT;MR01;O.PURCHASE;3;R$ 87,42;R$ 262,25;Guarulhos
50082540;0;"TENIS SEG;NUM 41;FUJIWARA/90HTT600NUM41";BRCV;MR01;O.PURCHASE;0;R$ 0,00;R$ 0,00;Jundiai (SALTO)
50082540;0;"TENIS SEG;NUM 41;FUJIWARA/90HTT600NUM41";BRD0;MR01;O.PURCHASE;3;R$ 71,48;R$ 214,44;Presidente Prudente
50082541;0;"TENIS SEG;NUM 42;FUJIWARA/90HTT600NUM42";BRCM;MR01;O.PURCHASE;0;R$ 0,00;R$ 0,00;Araçatuba
50082541;0;"TENIS SEG;NUM 42;FUJIWARA/90HTT600NUM42";BRCN;MR01;O.PURCHASE;0;R$ 0,00;R$ 0,00;Araraquara
50082541;0;"TENIS SEG;NUM 42;FUJIWARA/90HTT600NUM42";BRCT;MR01;O.PURCHASE;1;R$ 90,36;R$ 90,36;Guarulhos
50082541;0;"TENIS SEG;NUM 42;FUJIWARA/90HTT600NUM42";BRD0;MR01;O.PURCHASE;5;R$ 81,45;R$ 407,26;Presidente Prudente
50082541;0;"TENIS SEG;NUM 42;FUJIWARA/90HTT600NUM42";BRD4;MR01;O.PURCHASE;0;R$ 0,00;R$ 0,00;Votorantim (SALTO)
50082542;0;"TENIS SEG;NUM 44;FUJIWARA/90HTT600NUM44";BRCM;MR01;O.PURCHASE;0;R$ 0,00;R$ 0,00;Araçatuba
50082542;0;"TENIS SEG;NUM 44;FUJIWARA/90HTT600NUM44";BRCN;MR01;O.PURCHASE;0;R$ 0,00;R$ 0,00;Araraquara
50082542;0;"TENIS SEG;NUM 44;FUJIWARA/90HTT600NUM44";BRCT;MR01;O.PURCHASE;1;R$ 102,40;R$ 102,40;Guarulhos
50082542;0;"TENIS SEG;NUM 44;FUJIWARA/90HTT600NUM44";BRCX;MR01;O.PURCHASE;13;R$ 40,97;R$ 532,55;Mauá
50082543;20004895;"TENIS SEG;NUM 45;FUJIWARA/90HTT600NUM45";BRCM;MR01;O.PURCHASE;0;R$ 0,00;R$ 0,00;Araçatuba
50082543;20004895;"TENIS SEG;NUM 45;FUJIWARA/90HTT600NUM45";BRCR;MR01;O.PURCHASE;3;R$ 166,12;R$ 498,36;Diadema
50082543;20004895;"TENIS SEG;NUM 45;FUJIWARA/90HTT600NUM45";BRCT;MR01;O.PURCHASE;0;R$ 0,00;R$ 0,00;Guarulhos
50082543;20004895;"TENIS SEG;NUM 45;FUJIWARA/90HTT600NUM45";BRCX;MR01;O.PURCHASE;7;R$ 52,54;R$ 367,80;Mauá
50082543;20004895;"TENIS SEG;NUM 45;FUJIWARA/90HTT600NUM45";BRD7;MR01;O.PURCHASE;1;R$ 121,77;R$ 121,77;Litoral - Praia Grande
50082547;0;"BOTINA SEG;PT;FUJIWARA/90HVAMB600NUM35";BRCR;MR01;O.PURCHASE;1;R$ 125,75;R$ 125,75;Diadema
50082570;0;"PAPEL HIGIEN;FOLH SI;BR;CX C/8 ROL 300M";BRCX;MR01;O.PURCHASE;60,000;R$ 67,77;R$ 4.065,90;Mauá
50082576;0;"ESTILETE;BIC DE PATO;MARTOR/121001";BRCY;MR01;O.IMPORTED;1,000;R$ 85,83;R$ 85,83;Mogi Mirim
50082577;0;"DISPOSITIVO BLOQ;DISJ;POLIP;BRADY/90845";BRD2;MR01;O.IMPORTED;1,000;R$ 469,00;R$ 469,00;São José dos Campos
50082585;0;"PAPEL TOALH FOLH;220X230MM;TRES DOBR;BR";BRCO;MR01;O.PURCHASE;50,000;R$ 31,09;R$ 1.554,54;Barueri
50082585;0;"PAPEL TOALH FOLH;220X230MM;TRES DOBR;BR";BRD7;MR01;O.PURCHASE;180,000;R$ 40,04;R$ 7.207,20;Litoral - Praia Grande
50082591;20004956;"PROTETOR AURIC TP PLUG;MOLD;UNIC;3M/1110";BRCQ;MR01;O.PURCHASE;0;R$ 0,00;R$ 0,00;Campinas
50082591;20004956;"PROTETOR AURIC TP PLUG;MOLD;UNIC;3M/1110";BRCS;MR01;O.PURCHASE;0;R$ 0,00;R$ 0,00;Embu (SUL)
50082591;20004956;"PROTETOR AURIC TP PLUG;MOLD;UNIC;3M/1110";BRCT;MR01;O.PURCHASE;0;R$ 0,00;R$ 0,00;Guarulhos
50082591;20004956;"PROTETOR AURIC TP PLUG;MOLD;UNIC;3M/1110";BRCZ;MR01;O.PURCHASE;250,000;R$ 0,59;R$ 146,92;Norte (Caieiras)
50082591;20004956;"PROTETOR AURIC TP PLUG;MOLD;UNIC;3M/1110";BRD1;MR01;O.PURCHASE;79,000;R$ 0,84;R$ 66,63;Ribeirão Preto
50082640;0;"LAMPADA;HONDA/34901KW8900";BRCO;MR01;O.PURCHASE;4,000;R$ 19,00;R$ 76,00;Barueri
50082657;0;"CALCULADORA MESA;DISPL LCD;ELGIN/MV4121";BRD1;MR01;O.IMPORTED;2,000;R$ 26,00;R$ 51,99;Ribeirão Preto
50082662;0;"COPO DESCART;MAT PLAS;CAP 180ML;S/LOG";BRD7;MR01;O.PURCHASE;1.250,000;R$ 4,96;R$ 6.203,99;Litoral - Praia Grande
50082709;0;"DISCO;HONDA/22201KPM850";BRD1;MR01;O.PURCHASE;3,000;R$ 44,75;R$ 134,25;Ribeirão Preto
50082904;0;"CAPACETE;PVC;SP EQUIP/SPF006CO";BRCT;MR01;O.PURCHASE;12,000;R$ 23,81;R$ 285,76;Guarulhos
50082904;0;"CAPACETE;PVC;SP EQUIP/SPF006CO";BRD0;MR01;O.PURCHASE;19,000;R$ 46,63;R$ 885,91;Presidente Prudente
50082914;0;"DETERGENTE;DIVERSEY/JFLEXUHSLIMPADORSC";BRCQ;MR01;O.PURCHASE;12,000;R$ 183,75;R$ 2.205,00;Campinas
50082922;0;"PAPEL TOALH ROLO;FL SIMP;C/PICOT;BR;20CM";BRD1;MR01;O.PURCHASE;20,000;R$ 70,11;R$ 1.402,17;Ribeirão Preto
50082947;20002994;"CALCA JEANS;FEM;AZ;NUM 48;13OZ";BRD0;MR01;O.PURCHASE;5,000;R$ 56,96;R$ 284,81;Presidente Prudente
50082947;20002994;"CALCA JEANS;FEM;AZ;NUM 48;13OZ";BRD1;MR01;O.PURCHASE;0;R$ 0,00;R$ 0,00;Ribeirão Preto
50082947;20002994;"CALCA JEANS;FEM;AZ;NUM 48;13OZ";BRD3;MR01;O.PURCHASE;0;R$ 0,00;R$ 0,00;Suzano
50082948;20002995;CALÇA VENDEDOR FEM C/ REFORÇO-TAM. Nº36;BRCS;MR01;O.PURCHASE;3,000;R$ 59,02;R$ 177,06;Embu (SUL)
50082948;20002995;CALÇA VENDEDOR FEM C/ REFORÇO-TAM. Nº36;BRCV;MR01;O.PURCHASE;9,000;R$ 63,67;R$ 573,07;Jundiai (SALTO)
50082949;20002996;CALÇA VENDEDOR FEM C/ REFORÇO-TAM. Nº38;BRCM;MR01;O.PURCHASE;5,000;R$ 81,10;R$ 405,51;Araçatuba
50082949;20002996;CALÇA VENDEDOR FEM C/ REFORÇO-TAM. Nº38;BRCS;MR01;O.PURCHASE;2,000;R$ 50,83;R$ 101,65;Embu (SUL)
50082949;20002996;CALÇA VENDEDOR FEM C/ REFORÇO-TAM. Nº38;BRCV;MR01;O.PURCHASE;5,000;R$ 130,04;R$ 650,21;Jundiai (SALTO)
50082949;20002996;CALÇA VENDEDOR FEM C/ REFORÇO-TAM. Nº38;BRCX;MR01;O.PURCHASE;8,000;R$ 49,62;R$ 396,99;Mauá
50082949;20002996;CALÇA VENDEDOR FEM C/ REFORÇO-TAM. Nº38;BRD5;MR01;O.PURCHASE;1,000;R$ 82,98;R$ 82,98;Taubaté
50082950;20002997;CALÇA VENDEDOR FEM C/ REFORÇO-TAM. Nº40;BRCM;MR01;O.PURCHASE;2,000;R$ 90,33;R$ 180,65;Araçatuba
50082950;20002997;CALÇA VENDEDOR FEM C/ REFORÇO-TAM. Nº40;BRCS;MR01;O.PURCHASE;0;R$ 0,00;R$ 0,00;Embu (SUL)
50082950;20002997;CALÇA VENDEDOR FEM C/ REFORÇO-TAM. Nº40;BRCV;MR01;O.PURCHASE;3,000;R$ 51,49;R$ 154,48;Jundiai (SALTO)
50082950;20002997;CALÇA VENDEDOR FEM C/ REFORÇO-TAM. Nº40;BRCX;MR01;O.PURCHASE;15,000;R$ 50,18;R$ 752,75;Mauá
50082950;20002997;CALÇA VENDEDOR FEM C/ REFORÇO-TAM. Nº40;BRD7;MR01;O.PURCHASE;0;R$ 0,00;R$ 0,00;Litoral - Praia Grande
50082951;20002998;CALÇA VENDEDOR FEM C/ REFORÇO-TAM. Nº44;BRCM;MR01;O.PURCHASE;5,000;R$ 77,92;R$ 389,60;Araçatuba
50082951;20002998;CALÇA VENDEDOR FEM C/ REFORÇO-TAM. Nº44;BRCN;MR01;O.PURCHASE;6,000;R$ 68,08;R$ 408,45;Araraquara
50082951;20002998;CALÇA VENDEDOR FEM C/ REFORÇO-TAM. Nº44;BRCX;MR01;O.PURCHASE;2,000;R$ 49,62;R$ 99,24;Mauá
50082951;20002998;CALÇA VENDEDOR FEM C/ REFORÇO-TAM. Nº44;BRD3;MR01;O.PURCHASE;3,000;R$ 55,43;R$ 166,29;Suzano
50082952;20002999;CALÇA VENDEDOR FEM C/ REFORÇO-TAM. Nº46;BRCM;MR01;O.PURCHASE;0;R$ 0,00;R$ 0,00;Araçatuba
50082952;20002999;CALÇA VENDEDOR FEM C/ REFORÇO-TAM. Nº46;BRCN;MR01;O.PURCHASE;3,000;R$ 1.172,15;R$ 3.516,46;Araraquara
50082952;20002999;CALÇA VENDEDOR FEM C/ REFORÇO-TAM. Nº46;BRCS;MR01;O.PURCHASE;1,000;R$ 57,58;R$ 57,58;Embu (SUL)
50082952;20002999;CALÇA VENDEDOR FEM C/ REFORÇO-TAM. Nº46;BRCX;MR01;O.PURCHASE;4,000;R$ 50,95;R$ 203,79;Mauá
50082952;20002999;CALÇA VENDEDOR FEM C/ REFORÇO-TAM. Nº46;BRD0;MR01;O.PURCHASE;6,000;R$ 82,50;R$ 495,02;Presidente Prudente
50082952;20002999;CALÇA VENDEDOR FEM C/ REFORÇO-TAM. Nº46;BRD4;MR01;O.PURCHASE;6,000;R$ 81,62;R$ 489,71;Votorantim (SALTO)
50082953;20003000;CALÇA VENDEDOR FEM C/ REFORÇO-TAM. Nº48;BRD4;MR01;O.PURCHASE;7,000;R$ 78,65;R$ 550,53;Votorantim (SALTO)
50082954;20003001;CALÇA VENDEDOR MASC C/ REFORÇO-TAM. Nº36;BRCN;MR01;O.PURCHASE;10,000;R$ 24,45;R$ 244,47;Araraquara
50082954;20003001;CALÇA VENDEDOR MASC C/ REFORÇO-TAM. Nº36;BRCR;MR01;O.PURCHASE;2,000;R$ 128,08;R$ 256,15;Diadema
50082954;20003001;CALÇA VENDEDOR MASC C/ REFORÇO-TAM. Nº36;BRCU;MR01;O.PURCHASE;4,000;R$ 24,78;R$ 99,11;Jaú
50082954;20003001;CALÇA VENDEDOR MASC C/ REFORÇO-TAM. Nº36;BRCV;MR01;O.PURCHASE;9,000;R$ 71,23;R$ 641,04;Jundiai (SALTO)
50082954;20003001;CALÇA VENDEDOR MASC C/ REFORÇO-TAM. Nº36;BRD0;MR01;O.PURCHASE;9,000;R$ 50,77;R$ 456,90;Presidente Prudente
50082954;20003001;CALÇA VENDEDOR MASC C/ REFORÇO-TAM. Nº36;BRD1;MR01;O.PURCHASE;3,000;R$ 63,81;R$ 191,42;Ribeirão Preto
50082954;20003001;CALÇA VENDEDOR MASC C/ REFORÇO-TAM. Nº36;BRD4;MR01;O.PURCHASE;3,000;R$ 0,05;R$ 0,15;Votorantim (SALTO)
50082954;20003001;CALÇA VENDEDOR MASC C/ REFORÇO-TAM. Nº36;BRD7;MR01;O.PURCHASE;4,000;R$ 49,40;R$ 197,60;Litoral - Praia Grande
50082955;20003002;CALÇA VENDEDOR MASC C/ REFORÇO TAM. Nº38;BRCM;MR01;O.PURCHASE;1,000;R$ 53,70;R$ 53,70;Araçatuba
50082955;20003002;CALÇA VENDEDOR MASC C/ REFORÇO TAM. Nº38;BRCN;MR01;O.PURCHASE;0;R$ 0,00;R$ 0,00;Araraquara
50082955;20003002;CALÇA VENDEDOR MASC C/ REFORÇO TAM. Nº38;BRCU;MR01;O.PURCHASE;2,000;R$ 57,43;R$ 114,86;Jaú
50082955;20003002;CALÇA VENDEDOR MASC C/ REFORÇO TAM. Nº38;BRCV;MR01;O.PURCHASE;0;R$ 0,00;R$ 0,00;Jundiai (SALTO)
50082955;20003002;CALÇA VENDEDOR MASC C/ REFORÇO TAM. Nº38;BRD0;MR01;O.PURCHASE;4,000;R$ 121,24;R$ 484,97;Presidente Prudente
50082955;20003002;CALÇA VENDEDOR MASC C/ REFORÇO TAM. Nº38;BRD1;MR01;O.PURCHASE;3,000;R$ 72,63;R$ 217,89;Ribeirão Preto
50082955;20003002;CALÇA VENDEDOR MASC C/ REFORÇO TAM. Nº38;BRD7;MR01;O.PURCHASE;0;R$ 0,00;R$ 0,00;Litoral - Praia Grande
50082956;0;CALÇA VENDEDOR MASC C/ REFORÇO-TAM. Nº40;BRCN;MR01;O.PURCHASE;5,000;R$ 66,09;R$ 330,47;Araraquara
50082956;0;CALÇA VENDEDOR MASC C/ REFORÇO-TAM. Nº40;BRD0;MR01;O.PURCHASE;8,000;R$ 308,82;R$ 2.470,58;Presidente Prudente
50082956;0;CALÇA VENDEDOR MASC C/ REFORÇO-TAM. Nº40;BRD1;MR01;O.PURCHASE;9,000;R$ 65,26;R$ 587,36;Ribeirão Preto
50082956;0;CALÇA VENDEDOR MASC C/ REFORÇO-TAM. Nº40;BRD5;MR01;O.PURCHASE;0;R$ 0,00;R$ 0,00;Taubaté
50082957;20003004;CALÇA VENDEDOR MASC C/ REFORÇO-TAM. Nº42;BRCM;MR01;O.PURCHASE;0;R$ 0,00;R$ 0,00;Araçatuba
50082957;20003004;CALÇA VENDEDOR MASC C/ REFORÇO-TAM. Nº42;BRCN;MR01;O.PURCHASE;0;R$ 0,00;R$ 0,00;Araraquara
50082957;20003004;CALÇA VENDEDOR MASC C/ REFORÇO-TAM. Nº42;BRCZ;MR01;O.PURCHASE;0;R$ 0,00;R$ 0,00;Norte (Caieiras)
50082957;20003004;CALÇA VENDEDOR MASC C/ REFORÇO-TAM. Nº42;BRD0;MR01;O.PURCHASE;2,000;R$ 96,64;R$ 193,27;Presidente Prudente
50082958;0;CALÇA VENDEDOR MASC C/ REFORÇO-TAM. Nº44;BRCM;MR01;O.PURCHASE;2,000;R$ 75,80;R$ 151,59;Araçatuba
50082958;0;CALÇA VENDEDOR MASC C/ REFORÇO-TAM. Nº44;BRCN;MR01;O.PURCHASE;1,000;R$ 55,05;R$ 55,05;Araraquara
50082958;0;CALÇA VENDEDOR MASC C/ REFORÇO-TAM. Nº44;BRD0;MR01;O.PURCHASE;2,000;R$ 92,22;R$ 184,43;Presidente Prudente
50082958;0;CALÇA VENDEDOR MASC C/ REFORÇO-TAM. Nº44;BRD1;MR01;O.PURCHASE;2,000;R$ 72,12;R$ 144,24;Ribeirão Preto
50082959;0;CALÇA VENDEDOR MASC C/ REFORÇO-TAM. Nº46;BRCN;MR01;O.PURCHASE;1,000;R$ 63,42;R$ 63,42;Araraquara
50082959;0;CALÇA VENDEDOR MASC C/ REFORÇO-TAM. Nº46;BRD0;MR01;O.PURCHASE;2,000;R$ 90,87;R$ 181,73;Presidente Prudente
50082959;0;CALÇA VENDEDOR MASC C/ REFORÇO-TAM. Nº46;BRD4;MR01;O.PURCHASE;0;R$ 0,00;R$ 0,00;Votorantim (SALTO)
50082960;0;CALÇA VENDEDOR MASC C/ REFORÇO-TAM. Nº48;BRCM;MR01;O.PURCHASE;3,000;R$ 83,91;R$ 251,74;Araçatuba
50082960;0;CALÇA VENDEDOR MASC C/ REFORÇO-TAM. Nº48;BRCN;MR01;O.PURCHASE;1,000;R$ 80,92;R$ 80,92;Araraquara
50082960;0;CALÇA VENDEDOR MASC C/ REFORÇO-TAM. Nº48;BRD3;MR01;O.PURCHASE;3,000;R$ 79,75;R$ 239,24;Suzano
50082960;0;CALÇA VENDEDOR MASC C/ REFORÇO-TAM. Nº48;BRD4;MR01;O.PURCHASE;0;R$ 0,00;R$ 0,00;Votorantim (SALTO)
50082960;0;CALÇA VENDEDOR MASC C/ REFORÇO-TAM. Nº48;BRD5;MR01;O.PURCHASE;0;R$ 0,00;R$ 0,00;Taubaté
50082961;0;CALÇA VENDEDOR MASC C/ REFORÇO-TAM. Nº50;BRCN;MR01;O.PURCHASE;4,000;R$ 66,22;R$ 264,86;Araraquara
50082961;0;CALÇA VENDEDOR MASC C/ REFORÇO-TAM. Nº50;BRCU;MR01;O.PURCHASE;1,000;R$ 83,12;R$ 83,12;Jaú
50082961;0;CALÇA VENDEDOR MASC C/ REFORÇO-TAM. Nº50;BRCV;MR01;O.PURCHASE;0;R$ 0,00;R$ 0,00;Jundiai (SALTO)
50082961;0;CALÇA VENDEDOR MASC C/ REFORÇO-TAM. Nº50;BRCX;MR01;O.PURCHASE;2,000;R$ 76,91;R$ 153,81;Mauá
50082961;0;CALÇA VENDEDOR MASC C/ REFORÇO-TAM. Nº50;BRD1;MR01;O.PURCHASE;1,000;R$ 74,15;R$ 74,15;Ribeirão Preto
50082961;0;CALÇA VENDEDOR MASC C/ REFORÇO-TAM. Nº50;BRD4;MR01;O.PURCHASE;0;R$ 0,00;R$ 0,00;Votorantim (SALTO)
50082961;0;CALÇA VENDEDOR MASC C/ REFORÇO-TAM. Nº50;BRD5;MR01;O.PURCHASE;0;R$ 0,00;R$ 0,00;Taubaté
50082962;20003009;CALÇA VENDEDOR MASC C/ REFORÇO-TAM. Nº52;BRCN;MR01;O.PURCHASE;2,000;R$ 64,38;R$ 128,75;Araraquara
50082962;20003009;CALÇA VENDEDOR MASC C/ REFORÇO-TAM. Nº52;BRCV;MR01;O.PURCHASE;0;R$ 0,00;R$ 0,00;Jundiai (SALTO)
50082962;20003009;CALÇA VENDEDOR MASC C/ REFORÇO-TAM. Nº52;BRCX;MR01;O.PURCHASE;1,000;R$ 56,05;R$ 56,05;Mauá
50082962;20003009;CALÇA VENDEDOR MASC C/ REFORÇO-TAM. Nº52;BRCZ;MR01;O.PURCHASE;1,000;R$ 57,87;R$ 57,87;Norte (Caieiras)
50082962;20003009;CALÇA VENDEDOR MASC C/ REFORÇO-TAM. Nº52;BRD1;MR01;O.PURCHASE;0;R$ 0,00;R$ 0,00;Ribeirão Preto
50082962;20003009;CALÇA VENDEDOR MASC C/ REFORÇO-TAM. Nº52;BRD3;MR01;O.PURCHASE;0;R$ 0,00;R$ 0,00;Suzano
50082962;20003009;CALÇA VENDEDOR MASC C/ REFORÇO-TAM. Nº52;BRD4;MR01;O.PURCHASE;4,000;R$ 75,27;R$ 301,07;Votorantim (SALTO)
50082962;20003009;CALÇA VENDEDOR MASC C/ REFORÇO-TAM. Nº52;BRD7;MR01;O.PURCHASE;2,000;R$ 60,21;R$ 120,41;Litoral - Praia Grande
50082963;20003010;CALÇA VENDEDOR MASC C/ REFORÇO-TAM. Nº54;BRCM;MR01;O.PURCHASE;11,000;R$ 99,75;R$ 1.097,27;Araçatuba
50082963;20003010;CALÇA VENDEDOR MASC C/ REFORÇO-TAM. Nº54;BRCN;MR01;O.PURCHASE;2,000;R$ 57,45;R$ 114,89;Araraquara
50082963;20003010;CALÇA VENDEDOR MASC C/ REFORÇO-TAM. Nº54;BRCQ;MR01;O.PURCHASE;0;R$ 0,00;R$ 0,00;Campinas
50082963;20003010;CALÇA VENDEDOR MASC C/ REFORÇO-TAM. Nº54;BRCR;MR01;O.PURCHASE;0;R$ 0,00;R$ 0,00;Diadema
50082963;20003010;CALÇA VENDEDOR MASC C/ REFORÇO-TAM. Nº54;BRCU;MR01;O.PURCHASE;7,000;R$ 77,18;R$ 540,27;Jaú
50082963;20003010;CALÇA VENDEDOR MASC C/ REFORÇO-TAM. Nº54;BRCX;MR01;O.PURCHASE;23,000;R$ 44,74;R$ 1.028,99;Mauá
50082963;20003010;CALÇA VENDEDOR MASC C/ REFORÇO-TAM. Nº54;BRCZ;MR01;O.PURCHASE;0;R$ 0,00;R$ 0,00;Norte (Caieiras)
50082963;20003010;CALÇA VENDEDOR MASC C/ REFORÇO-TAM. Nº54;BRD1;MR01;O.PURCHASE;2,000;R$ 59,76;R$ 119,52;Ribeirão Preto
50082963;20003010;CALÇA VENDEDOR MASC C/ REFORÇO-TAM. Nº54;BRD3;MR01;O.PURCHASE;4,000;R$ 67,44;R$ 269,77;Suzano
50082963;20003010;CALÇA VENDEDOR MASC C/ REFORÇO-TAM. Nº54;BRD4;MR01;O.PURCHASE;0;R$ 0,00;R$ 0,00;Votorantim (SALTO)
50082963;20003010;CALÇA VENDEDOR MASC C/ REFORÇO-TAM. Nº54;BRD7;MR01;O.PURCHASE;0;R$ 0,00;R$ 0,00;Litoral - Praia Grande
50082964;20003011;CALÇA VENDEDOR MASC C/ REFORÇO-TAM. Nº56;BRCN;MR01;O.PURCHASE;5,000;R$ 72,04;R$ 360,19;Araraquara
50082964;20003011;CALÇA VENDEDOR MASC C/ REFORÇO-TAM. Nº56;BRCX;MR01;O.PURCHASE;0;R$ 0,00;R$ 0,00;Mauá
50082964;20003011;CALÇA VENDEDOR MASC C/ REFORÇO-TAM. Nº56;BRCY;MR01;O.PURCHASE;2,000;R$ 58,37;R$ 116,74;Mogi Mirim
50082964;20003011;CALÇA VENDEDOR MASC C/ REFORÇO-TAM. Nº56;BRCZ;MR01;O.PURCHASE;0;R$ 0,00;R$ 0,00;Norte (Caieiras)
50082964;20003011;CALÇA VENDEDOR MASC C/ REFORÇO-TAM. Nº56;BRD1;MR01;O.PURCHASE;10,000;R$ 65,05;R$ 650,46;Ribeirão Preto
50082964;20003011;CALÇA VENDEDOR MASC C/ REFORÇO-TAM. Nº56;BRD3;MR01;O.PURCHASE;4,000;R$ 59,58;R$ 238,30;Suzano
50082964;20003011;CALÇA VENDEDOR MASC C/ REFORÇO-TAM. Nº56;BRD4;MR01;O.PURCHASE;0;R$ 0,00;R$ 0,00;Votorantim (SALTO)
50082965;20003012;CALÇA VENDEDOR MASC S/ REFORÇO-TAM. Nº36;BRCN;MR01;O.PURCHASE;3,000;R$ 42,34;R$ 127,02;Araraquara
50082965;20003012;CALÇA VENDEDOR MASC S/ REFORÇO-TAM. Nº36;BRCX;MR01;O.PURCHASE;28,000;R$ 39,90;R$ 1.117,18;Mauá
50082965;20003012;CALÇA VENDEDOR MASC S/ REFORÇO-TAM. Nº36;BRD1;MR01;O.PURCHASE;5,000;R$ 78,27;R$ 391,34;Ribeirão Preto
50082966;20003013;CALÇA VENDEDOR MASC S/ REFORÇO-TAM. Nº38;BRCN;MR01;O.PURCHASE;3,000;R$ 41,61;R$ 124,82;Araraquara
50082966;20003013;CALÇA VENDEDOR MASC S/ REFORÇO-TAM. Nº38;BRCT;MR01;O.PURCHASE;0;R$ 0,00;R$ 0,00;Guarulhos
50082966;20003013;CALÇA VENDEDOR MASC S/ REFORÇO-TAM. Nº38;BRCX;MR01;O.PURCHASE;0;R$ 0,00;R$ 0,00;Mauá
50082966;20003013;CALÇA VENDEDOR MASC S/ REFORÇO-TAM. Nº38;BRCZ;MR01;O.PURCHASE;4,000;R$ 34,55;R$ 138,19;Norte (Caieiras)
50082966;20003013;CALÇA VENDEDOR MASC S/ REFORÇO-TAM. Nº38;BRD1;MR01;O.PURCHASE;2,000;R$ 69,29;R$ 138,57;Ribeirão Preto
50082967;20003014;CALÇA VENDEDOR MASC S/ REFORÇO-TAM. Nº40;BRCN;MR01;O.PURCHASE;6,000;R$ 49,37;R$ 296,23;Araraquara
50082967;20003014;CALÇA VENDEDOR MASC S/ REFORÇO-TAM. Nº40;BRCQ;MR01;O.PURCHASE;0;R$ 0,00;R$ 0,00;Campinas
50082967;20003014;CALÇA VENDEDOR MASC S/ REFORÇO-TAM. Nº40;BRCS;MR01;O.PURCHASE;1,000;R$ 25,73;R$ 25,73;Embu (SUL)
50082967;20003014;CALÇA VENDEDOR MASC S/ REFORÇO-TAM. Nº40;BRCT;MR01;O.PURCHASE;2,000;R$ 315,95;R$ 631,89;Guarulhos
50082967;20003014;CALÇA VENDEDOR MASC S/ REFORÇO-TAM. Nº40;BRCZ;MR01;O.PURCHASE;9,000;R$ 37,81;R$ 340,33;Norte (Caieiras)
50082967;20003014;CALÇA VENDEDOR MASC S/ REFORÇO-TAM. Nº40;BRD1;MR01;O.PURCHASE;14,000;R$ 74,43;R$ 1.042,05;Ribeirão Preto
50082968;0;CALÇA VENDEDOR MASC S/ REFORÇO-TAM. Nº42;BRCN;MR01;O.PURCHASE;7,000;R$ 61,54;R$ 430,79;Araraquara
50082968;0;CALÇA VENDEDOR MASC S/ REFORÇO-TAM. Nº42;BRCQ;MR01;O.PURCHASE;7,000;R$ 71,79;R$ 502,55;Campinas
50082968;0;CALÇA VENDEDOR MASC S/ REFORÇO-TAM. Nº42;BRCT;MR01;O.PURCHASE;1,000;R$ 42,96;R$ 42,96;Guarulhos
50082968;0;CALÇA VENDEDOR MASC S/ REFORÇO-TAM. Nº42;BRD1;MR01;O.PURCHASE;17,000;R$ 50,33;R$ 855,69;Ribeirão Preto
50082969;20003016;CALÇA VENDEDOR MASC S/ REFORÇO-TAM. Nº44;BRCN;MR01;O.PURCHASE;5,000;R$ 59,96;R$ 299,82;Araraquara
50082969;20003016;CALÇA VENDEDOR MASC S/ REFORÇO-TAM. Nº44;BRCQ;MR01;O.PURCHASE;5,000;R$ 57,71;R$ 288,57;Campinas
50082969;20003016;CALÇA VENDEDOR MASC S/ REFORÇO-TAM. Nº44;BRCS;MR01;O.PURCHASE;3,000;R$ 61,92;R$ 185,76;Embu (SUL)
50082969;20003016;CALÇA VENDEDOR MASC S/ REFORÇO-TAM. Nº44;BRCT;MR01;O.PURCHASE;26,000;R$ 52,06;R$ 1.353,43;Guarulhos
50082969;20003016;CALÇA VENDEDOR MASC S/ REFORÇO-TAM. Nº44;BRCX;MR01;O.PURCHASE;7,000;R$ 41,71;R$ 291,99;Mauá
50082969;20003016;CALÇA VENDEDOR MASC S/ REFORÇO-TAM. Nº44;BRD1;MR01;O.PURCHASE;0;R$ 0,00;R$ 0,00;Ribeirão Preto
50082970;20003017;CALÇA VENDEDOR MASC S/ REFORÇO-TAM. Nº46;BRCN;MR01;O.PURCHASE;0;R$ 0,00;R$ 0,00;Araraquara
50082970;20003017;CALÇA VENDEDOR MASC S/ REFORÇO-TAM. Nº46;BRCS;MR01;O.PURCHASE;15,000;R$ 56,42;R$ 846,25;Embu (SUL)
50082970;20003017;CALÇA VENDEDOR MASC S/ REFORÇO-TAM. Nº46;BRCT;MR01;O.PURCHASE;1,000;R$ 99,16;R$ 99,16;Guarulhos
50082970;20003017;CALÇA VENDEDOR MASC S/ REFORÇO-TAM. Nº46;BRCX;MR01;O.PURCHASE;0;R$ 0,00;R$ 0,00;Mauá
50082970;20003017;CALÇA VENDEDOR MASC S/ REFORÇO-TAM. Nº46;BRD1;MR01;O.PURCHASE;7,000;R$ 67,30;R$ 471,11;Ribeirão Preto
50082971;0;CALÇA VENDEDOR MASC S/ REFORÇO-TAM. Nº48;BRCN;MR01;O.PURCHASE;9,000;R$ 62,33;R$ 560,99;Araraquara
50082971;0;CALÇA VENDEDOR MASC S/ REFORÇO-TAM. Nº48;BRCQ;MR01;O.PURCHASE;8,000;R$ 53,98;R$ 431,84;Campinas
50082971;0;CALÇA VENDEDOR MASC S/ REFORÇO-TAM. Nº48;BRCT;MR01;O.PURCHASE;2,000;R$ 70,51;R$ 141,02;Guarulhos
50082971;0;CALÇA VENDEDOR MASC S/ REFORÇO-TAM. Nº48;BRCX;MR01;O.PURCHASE;9,000;R$ 39,76;R$ 357,88;Mauá
50082971;0;CALÇA VENDEDOR MASC S/ REFORÇO-TAM. Nº48;BRD1;MR01;O.PURCHASE;13,000;R$ 49,26;R$ 640,39;Ribeirão Preto
50082972;20003019;CALÇA VENDEDOR MASC S/ REFORÇO-TAM. Nº50;BRCN;MR01;O.PURCHASE;6,000;R$ 41,04;R$ 246,23;Araraquara
50082972;20003019;CALÇA VENDEDOR MASC S/ REFORÇO-TAM. Nº50;BRCQ;MR01;O.PURCHASE;0;R$ 0,00;R$ 0,00;Campinas
50082972;20003019;CALÇA VENDEDOR MASC S/ REFORÇO-TAM. Nº50;BRCT;MR01;O.PURCHASE;6,000;R$ 90,12;R$ 540,72;Guarulhos
50082972;20003019;CALÇA VENDEDOR MASC S/ REFORÇO-TAM. Nº50;BRCX;MR01;O.PURCHASE;24,000;R$ 43,74;R$ 1.049,68;Mauá
50082972;20003019;CALÇA VENDEDOR MASC S/ REFORÇO-TAM. Nº50;BRCZ;MR01;O.PURCHASE;8,000;R$ 0,05;R$ 0,40;Norte (Caieiras)
50082972;20003019;CALÇA VENDEDOR MASC S/ REFORÇO-TAM. Nº50;BRD1;MR01;O.PURCHASE;3,000;R$ 64,97;R$ 194,90;Ribeirão Preto
50082973;20003020;CALÇA VENDEDOR MASC S/ REFORÇO-TAM. Nº52;BRCN;MR01;O.PURCHASE;9,000;R$ 40,78;R$ 367,00;Araraquara
50082973;20003020;CALÇA VENDEDOR MASC S/ REFORÇO-TAM. Nº52;BRCQ;MR01;O.PURCHASE;0;R$ 0,00;R$ 0,00;Campinas
50082973;20003020;CALÇA VENDEDOR MASC S/ REFORÇO-TAM. Nº52;BRCT;MR01;O.PURCHASE;3,000;R$ 42,51;R$ 127,53;Guarulhos
50082973;20003020;CALÇA VENDEDOR MASC S/ REFORÇO-TAM. Nº52;BRCX;MR01;O.PURCHASE;2,000;R$ 46,59;R$ 93,18;Mauá
50082973;20003020;CALÇA VENDEDOR MASC S/ REFORÇO-TAM. Nº52;BRCZ;MR01;O.PURCHASE;5,000;R$ 48,04;R$ 240,22;Norte (Caieiras)
50082973;20003020;CALÇA VENDEDOR MASC S/ REFORÇO-TAM. Nº52;BRD1;MR01;O.PURCHASE;0;R$ 0,00;R$ 0,00;Ribeirão Preto
50082974;20003021;CALÇA VENDEDOR MASC S/ REFORÇO-TAM. Nº54;BRCN;MR01;O.PURCHASE;7,000;R$ 40,78;R$ 285,44;Araraquara
50082974;20003021;CALÇA VENDEDOR MASC S/ REFORÇO-TAM. Nº54;BRCQ;MR01;O.PURCHASE;0;R$ 0,00;R$ 0,00;Campinas
50082974;20003021;CALÇA VENDEDOR MASC S/ REFORÇO-TAM. Nº54;BRCS;MR01;O.PURCHASE;2,000;R$ 49,94;R$ 99,87;Embu (SUL)
50082974;20003021;CALÇA VENDEDOR MASC S/ REFORÇO-TAM. Nº54;BRCT;MR01;O.PURCHASE;11,000;R$ 161,84;R$ 1.780,26;Guarulhos
50082974;20003021;CALÇA VENDEDOR MASC S/ REFORÇO-TAM. Nº54;BRCX;MR01;O.PURCHASE;5,000;R$ 43,28;R$ 216,41;Mauá
50082974;20003021;CALÇA VENDEDOR MASC S/ REFORÇO-TAM. Nº54;BRCZ;MR01;O.PURCHASE;9,000;R$ 22,89;R$ 206,00;Norte (Caieiras)
50082974;20003021;CALÇA VENDEDOR MASC S/ REFORÇO-TAM. Nº54;BRD1;MR01;O.PURCHASE;1,000;R$ 68,63;R$ 68,63;Ribeirão Preto
50082975;20003022;CALÇA VENDEDOR MASC S/ REFORÇO-TAM. Nº56;BRCN;MR01;O.PURCHASE;9,000;R$ 42,77;R$ 384,96;Araraquara
50082975;20003022;CALÇA VENDEDOR MASC S/ REFORÇO-TAM. Nº56;BRCS;MR01;O.PURCHASE;2,000;R$ 60,43;R$ 120,86;Embu (SUL)
50082975;20003022;CALÇA VENDEDOR MASC S/ REFORÇO-TAM. Nº56;BRCT;MR01;O.PURCHASE;8,000;R$ 52,80;R$ 422,41;Guarulhos
50082975;20003022;CALÇA VENDEDOR MASC S/ REFORÇO-TAM. Nº56;BRCX;MR01;O.PURCHASE;2,000;R$ 38,10;R$ 76,20;Mauá
50082975;20003022;CALÇA VENDEDOR MASC S/ REFORÇO-TAM. Nº56;BRD1;MR01;O.PURCHASE;0;R$ 0,00;R$ 0,00;Ribeirão Preto
50082984;0;"SABONETE LIQ;SUAV;AM;SANTHER/SBB06";BRCX;MR01;O.PURCHASE;20,000;R$ 104,57;R$ 2.091,40;Mauá
50083008;20003097;BOTA PVC PARA CHUVA - TAM. Nº 40;BRCM;MR01;O.IMPORTED;3;R$ 46,00;R$ 138,00;Araçatuba
50083008;20003097;BOTA PVC PARA CHUVA - TAM. Nº 40;BRCN;MR01;O.PURCHASE;72;R$ 114,86;R$ 8.269,78;Araraquara
50083008;20003097;BOTA PVC PARA CHUVA - TAM. Nº 40;BRCQ;MR01;O.IMPORTED;4;R$ 46,00;R$ 184,00;Campinas
50083008;20003097;BOTA PVC PARA CHUVA - TAM. Nº 40;BRCR;MR01;O.PURCHASE;2;R$ 50,00;R$ 100,00;Diadema
50083008;20003097;BOTA PVC PARA CHUVA - TAM. Nº 40;BRCT;MR01;O.IMPORTED;1;R$ 46,00;R$ 46,00;Guarulhos
50083008;20003097;BOTA PVC PARA CHUVA - TAM. Nº 40;BRCT;MR01;O.PURCHASE;1;R$ 50,00;R$ 50,00;Guarulhos
50083008;20003097;BOTA PVC PARA CHUVA - TAM. Nº 40;BRCX;MR01;O.IMPORTED;3;R$ 46,00;R$ 138,00;Mauá
50083008;20003097;BOTA PVC PARA CHUVA - TAM. Nº 40;BRD0;MR01;O.PURCHASE;0;R$ 0,00;R$ 0,00;Presidente Prudente
50083008;20003097;BOTA PVC PARA CHUVA - TAM. Nº 40;BRD1;MR01;O.IMPORTED;15;R$ 46,00;R$ 690,00;Ribeirão Preto
50083008;20003097;BOTA PVC PARA CHUVA - TAM. Nº 40;BRD2;MR01;O.IMPORTED;2;R$ 46,00;R$ 92,00;São José dos Campos
50083008;20003097;BOTA PVC PARA CHUVA - TAM. Nº 40;BRD3;MR01;O.PURCHASE;14;R$ 39,00;R$ 546,00;Suzano
50083008;20003097;BOTA PVC PARA CHUVA - TAM. Nº 40;BRD5;MR01;O.IMPORTED;3;R$ 46,00;R$ 138,00;Taubaté
50083008;20003097;BOTA PVC PARA CHUVA - TAM. Nº 40;BRD7;MR01;O.PURCHASE;2;R$ 46,21;R$ 92,41;Litoral - Praia Grande
50083009;20003098;BOTA PVC PARA CHUVA - TAM. Nº 38;BRCO;MR01;O.PURCHASE;6;R$ 94,83;R$ 568,97;Barueri
50083009;20003098;BOTA PVC PARA CHUVA - TAM. Nº 38;BRCQ;MR01;O.PURCHASE;3;R$ 104,47;R$ 313,40;Campinas
50083009;20003098;BOTA PVC PARA CHUVA - TAM. Nº 38;BRCR;MR01;O.PURCHASE;21;R$ 58,16;R$ 1.221,35;Diadema
50083009;20003098;BOTA PVC PARA CHUVA - TAM. Nº 38;BRCT;MR01;O.PURCHASE;4;R$ 83,04;R$ 332,15;Guarulhos
50083009;20003098;BOTA PVC PARA CHUVA - TAM. Nº 38;BRCU;MR01;O.PURCHASE;3;R$ 59,86;R$ 179,57;Jaú
50083009;20003098;BOTA PVC PARA CHUVA - TAM. Nº 38;BRCV;MR01;O.PURCHASE;2;R$ 41,57;R$ 83,13;Jundiai (SALTO)
50083009;20003098;BOTA PVC PARA CHUVA - TAM. Nº 38;BRCX;MR01;O.PURCHASE;25;R$ 40,08;R$ 1.001,99;Mauá
50083009;20003098;BOTA PVC PARA CHUVA - TAM. Nº 38;BRCY;MR01;O.PURCHASE;14;R$ 61,58;R$ 862,13;Mogi Mirim
50083009;20003098;BOTA PVC PARA CHUVA - TAM. Nº 38;BRD0;MR01;O.PURCHASE;0;R$ 0,00;R$ 0,00;Presidente Prudente
50083009;20003098;BOTA PVC PARA CHUVA - TAM. Nº 38;BRD1;MR01;O.PURCHASE;0;R$ 0,00;R$ 0,00;Ribeirão Preto
50083009;20003098;BOTA PVC PARA CHUVA - TAM. Nº 38;BRD3;MR01;O.PURCHASE;2;R$ 47,88;R$ 95,75;Suzano
50083009;20003098;BOTA PVC PARA CHUVA - TAM. Nº 38;BRD5;MR01;O.PURCHASE;4;R$ 66,46;R$ 265,84;Taubaté
50083010;20003100;BOTA PVC PARA CHUVA - TAM. Nº 45;BRCM;MR01;O.PURCHASE;3;R$ 72,19;R$ 216,58;Araçatuba
50083010;20003100;BOTA PVC PARA CHUVA - TAM. Nº 45;BRCN;MR01;O.PURCHASE;5;R$ 75,21;R$ 376,07;Araraquara
50083010;20003100;BOTA PVC PARA CHUVA - TAM. Nº 45;BRCO;MR01;O.PURCHASE;4;R$ 60,92;R$ 243,66;Barueri
50083010;20003100;BOTA PVC PARA CHUVA - TAM. Nº 45;BRCT;MR01;O.PURCHASE;5;R$ 58,75;R$ 293,74;Guarulhos
50083010;20003100;BOTA PVC PARA CHUVA - TAM. Nº 45;BRCU;MR01;O.PURCHASE;4;R$ 58,56;R$ 234,23;Jaú
50083010;20003100;BOTA PVC PARA CHUVA - TAM. Nº 45;BRCX;MR01;O.PURCHASE;4;R$ 69,46;R$ 277,83;Mauá
50083010;20003100;BOTA PVC PARA CHUVA - TAM. Nº 45;BRCZ;MR01;O.PURCHASE;1;R$ 56,15;R$ 56,15;Norte (Caieiras)
50083010;20003100;BOTA PVC PARA CHUVA - TAM. Nº 45;BRD0;MR01;O.PURCHASE;0;R$ 0,00;R$ 0,00;Presidente Prudente
50083010;20003100;BOTA PVC PARA CHUVA - TAM. Nº 45;BRD1;MR01;O.PURCHASE;7;R$ 65,21;R$ 456,49;Ribeirão Preto
50083010;20003100;BOTA PVC PARA CHUVA - TAM. Nº 45;BRD3;MR01;O.PURCHASE;8;R$ 62,66;R$ 501,25;Suzano
50083010;20003100;BOTA PVC PARA CHUVA - TAM. Nº 45;BRD4;MR01;O.PURCHASE;5;R$ 31,14;R$ 155,70;Votorantim (SALTO)
50083010;20003100;BOTA PVC PARA CHUVA - TAM. Nº 45;BRD7;MR01;O.PURCHASE;6;R$ 134,08;R$ 804,45;Litoral - Praia Grande
50083011;20003101;BOTA PVC PARA CHUVA - TAM. Nº 39;BRCN;MR01;O.PURCHASE;16;R$ 18,08;R$ 289,27;Araraquara
50083011;20003101;BOTA PVC PARA CHUVA - TAM. Nº 39;BRCQ;MR01;O.PURCHASE;0;R$ 0,00;R$ 0,00;Campinas
50083011;20003101;BOTA PVC PARA CHUVA - TAM. Nº 39;BRCT;MR01;O.PURCHASE;8;R$ 56,82;R$ 454,57;Guarulhos
50083011;20003101;BOTA PVC PARA CHUVA - TAM. Nº 39;BRCU;MR01;O.PURCHASE;0;R$ 0,00;R$ 0,00;Jaú
50083011;20003101;BOTA PVC PARA CHUVA - TAM. Nº 39;BRCX;MR01;O.PURCHASE;18;R$ 38,89;R$ 699,93;Mauá
50083011;20003101;BOTA PVC PARA CHUVA - TAM. Nº 39;BRD0;MR01;O.PURCHASE;0;R$ 0,00;R$ 0,00;Presidente Prudente
50083011;20003101;BOTA PVC PARA CHUVA - TAM. Nº 39;BRD1;MR01;O.PURCHASE;3;R$ 45,25;R$ 135,75;Ribeirão Preto
50083011;20003101;BOTA PVC PARA CHUVA - TAM. Nº 39;BRD2;MR01;O.PURCHASE;7;R$ 70,11;R$ 490,79;São José dos Campos
50083011;20003101;BOTA PVC PARA CHUVA - TAM. Nº 39;BRD3;MR01;O.PURCHASE;2;R$ 43,68;R$ 87,35;Suzano
50083011;20003101;BOTA PVC PARA CHUVA - TAM. Nº 39;BRD5;MR01;O.PURCHASE;2;R$ 41,90;R$ 83,80;Taubaté
50083012;20003102;"BOTA SEG;PVC;PT;S/BIQ;ALPARGATAS/4567";BRCR;MR01;O.PURCHASE;4;R$ 50,00;R$ 200,00;Diadema
50083012;20003102;"BOTA SEG;PVC;PT;S/BIQ;ALPARGATAS/4567";BRCT;MR01;O.PURCHASE;9;R$ 50,00;R$ 450,00;Guarulhos
50083012;20003102;"BOTA SEG;PVC;PT;S/BIQ;ALPARGATAS/4567";BRD0;MR01;O.PURCHASE;1;R$ 15,96;R$ 15,96;Presidente Prudente
50083012;20003102;"BOTA SEG;PVC;PT;S/BIQ;ALPARGATAS/4567";BRD3;MR01;O.PURCHASE;5;R$ 50,03;R$ 250,17;Suzano
50083012;20003102;"BOTA SEG;PVC;PT;S/BIQ;ALPARGATAS/4567";BRD7;MR01;O.PURCHASE;16;R$ 58,37;R$ 933,94;Litoral - Praia Grande
50083013;20003103;"BOTA SEG;PVC;S/BIQ;ALPARGATAS/SPB05542";BRCN;MR01;O.PURCHASE;6;R$ 46,87;R$ 281,20;Araraquara
50083013;20003103;"BOTA SEG;PVC;S/BIQ;ALPARGATAS/SPB05542";BRCR;MR01;O.PURCHASE;3;R$ 50,00;R$ 150,00;Diadema
50083013;20003103;"BOTA SEG;PVC;S/BIQ;ALPARGATAS/SPB05542";BRCT;MR01;O.PURCHASE;2;R$ 78,80;R$ 157,59;Guarulhos
50083013;20003103;"BOTA SEG;PVC;S/BIQ;ALPARGATAS/SPB05542";BRCU;MR01;O.PURCHASE;12;R$ 48,92;R$ 586,99;Jaú
50083013;20003103;"BOTA SEG;PVC;S/BIQ;ALPARGATAS/SPB05542";BRCV;MR01;O.PURCHASE;3;R$ 72,35;R$ 217,04;Jundiai (SALTO)
50083013;20003103;"BOTA SEG;PVC;S/BIQ;ALPARGATAS/SPB05542";BRCY;MR01;O.PURCHASE;1;R$ 44,56;R$ 44,56;Mogi Mirim
50083013;20003103;"BOTA SEG;PVC;S/BIQ;ALPARGATAS/SPB05542";BRD0;MR01;O.PURCHASE;8;R$ 49,26;R$ 394,04;Presidente Prudente
50083013;20003103;"BOTA SEG;PVC;S/BIQ;ALPARGATAS/SPB05542";BRD1;MR01;O.PURCHASE;0;R$ 0,00;R$ 0,00;Ribeirão Preto
50083013;20003103;"BOTA SEG;PVC;S/BIQ;ALPARGATAS/SPB05542";BRD3;MR01;O.PURCHASE;6;R$ 48,85;R$ 293,11;Suzano
50083013;20003103;"BOTA SEG;PVC;S/BIQ;ALPARGATAS/SPB05542";BRD7;MR01;O.PURCHASE;9;R$ 49,07;R$ 441,67;Litoral - Praia Grande
50083014;20003104;"BOTA SEG;PVC;S/BIQ;ALPARGATAS/SPB05543";BRCM;MR01;O.PURCHASE;2;R$ 97,81;R$ 195,61;Araçatuba
50083014;20003104;"BOTA SEG;PVC;S/BIQ;ALPARGATAS/SPB05543";BRCN;MR01;O.PURCHASE;5;R$ 46,87;R$ 234,34;Araraquara
50083014;20003104;"BOTA SEG;PVC;S/BIQ;ALPARGATAS/SPB05543";BRCT;MR01;O.PURCHASE;5;R$ 51,00;R$ 255,00;Guarulhos
50083014;20003104;"BOTA SEG;PVC;S/BIQ;ALPARGATAS/SPB05543";BRCU;MR01;O.PURCHASE;5;R$ 38,59;R$ 192,97;Jaú
50083014;20003104;"BOTA SEG;PVC;S/BIQ;ALPARGATAS/SPB05543";BRCV;MR01;O.PURCHASE;0;R$ 0,00;R$ 0,00;Jundiai (SALTO)
50083014;20003104;"BOTA SEG;PVC;S/BIQ;ALPARGATAS/SPB05543";BRCX;MR01;O.PURCHASE;2;R$ 42,33;R$ 84,66;Mauá
50083014;20003104;"BOTA SEG;PVC;S/BIQ;ALPARGATAS/SPB05543";BRCY;MR01;O.PURCHASE;3;R$ 49,18;R$ 147,55;Mogi Mirim
50083014;20003104;"BOTA SEG;PVC;S/BIQ;ALPARGATAS/SPB05543";BRD0;MR01;O.PURCHASE;3;R$ 54,24;R$ 162,72;Presidente Prudente
50083014;20003104;"BOTA SEG;PVC;S/BIQ;ALPARGATAS/SPB05543";BRD1;MR01;O.PURCHASE;2;R$ 33,98;R$ 67,96;Ribeirão Preto
50083014;20003104;"BOTA SEG;PVC;S/BIQ;ALPARGATAS/SPB05543";BRD3;MR01;O.PURCHASE;2;R$ 42,70;R$ 85,39;Suzano
50083014;20003104;"BOTA SEG;PVC;S/BIQ;ALPARGATAS/SPB05543";BRD4;MR01;O.PURCHASE;3;R$ 29,25;R$ 87,74;Votorantim (SALTO)
50083031;20003136;"BOTA SEG;C/BIQ AC;ALPARGATAS/SPB05544";BRCQ;MR01;O.PURCHASE;5;R$ 55,53;R$ 277,64;Campinas
50083031;20003136;"BOTA SEG;C/BIQ AC;ALPARGATAS/SPB05544";BRCT;MR01;O.PURCHASE;7;R$ 70,23;R$ 491,64;Guarulhos
50083031;20003136;"BOTA SEG;C/BIQ AC;ALPARGATAS/SPB05544";BRD1;MR01;O.PURCHASE;0;R$ 0,00;R$ 0,00;Ribeirão Preto
50083031;20003136;"BOTA SEG;C/BIQ AC;ALPARGATAS/SPB05544";BRD3;MR01;O.PURCHASE;8;R$ 48,57;R$ 388,57;Suzano
50083031;20003136;"BOTA SEG;C/BIQ AC;ALPARGATAS/SPB05544";BRD4;MR01;O.PURCHASE;6;R$ 1,47;R$ 8,79;Votorantim (SALTO)
50083078;0;"MOLHA-DEDO;TP PAST;S/AROMA";BRD1;MR01;O.PURCHASE;4,000;R$ 2,35;R$ 9,38;Ribeirão Preto
50083091;20003361;"CAPACETE P/MOTOCICLISTA;FECH;AZ;20301656";BRCM;MR01;O.PURCHASE;2,000;R$ 113,58;R$ 227,15;Araçatuba
50083091;20003361;"CAPACETE P/MOTOCICLISTA;FECH;AZ;20301656";BRCO;MR01;O.PURCHASE;6,000;R$ 211,65;R$ 1.269,88;Barueri
50083091;20003361;"CAPACETE P/MOTOCICLISTA;FECH;AZ;20301656";BRCQ;MR01;O.PURCHASE;2,000;R$ 175,30;R$ 350,60;Campinas
50083091;20003361;"CAPACETE P/MOTOCICLISTA;FECH;AZ;20301656";BRCS;MR01;O.PURCHASE;9,000;R$ 206,75;R$ 1.860,71;Embu (SUL)
50083091;20003361;"CAPACETE P/MOTOCICLISTA;FECH;AZ;20301656";BRCT;MR01;O.PURCHASE;7,000;R$ 217,73;R$ 1.524,11;Guarulhos
50083091;20003361;"CAPACETE P/MOTOCICLISTA;FECH;AZ;20301656";BRCU;MR01;O.PURCHASE;0;R$ 0,00;R$ 0,00;Jaú
50083091;20003361;"CAPACETE P/MOTOCICLISTA;FECH;AZ;20301656";BRCV;MR01;O.PURCHASE;4,000;R$ 200,69;R$ 802,77;Jundiai (SALTO)
50083091;20003361;"CAPACETE P/MOTOCICLISTA;FECH;AZ;20301656";BRCX;MR01;O.PURCHASE;5,000;R$ 175,30;R$ 876,50;Mauá
50083091;20003361;"CAPACETE P/MOTOCICLISTA;FECH;AZ;20301656";BRCZ;MR01;O.IMPORTED;0;R$ 0,00;R$ 0,00;Norte (Caieiras)
50083091;20003361;"CAPACETE P/MOTOCICLISTA;FECH;AZ;20301656";BRCZ;MR01;O.PURCHASE;3,000;R$ 219,18;R$ 657,55;Norte (Caieiras)
50083091;20003361;"CAPACETE P/MOTOCICLISTA;FECH;AZ;20301656";BRD0;MR01;O.PURCHASE;3,000;R$ 201,19;R$ 603,57;Presidente Prudente
50083091;20003361;"CAPACETE P/MOTOCICLISTA;FECH;AZ;20301656";BRD1;MR01;O.PURCHASE;1,000;R$ 176,92;R$ 176,92;Ribeirão Preto
50083091;20003361;"CAPACETE P/MOTOCICLISTA;FECH;AZ;20301656";BRD2;MR01;O.PURCHASE;4,000;R$ 186,55;R$ 746,21;São José dos Campos
50083091;20003361;"CAPACETE P/MOTOCICLISTA;FECH;AZ;20301656";BRD3;MR01;O.PURCHASE;1,000;R$ 187,87;R$ 187,87;Suzano
50083091;20003361;"CAPACETE P/MOTOCICLISTA;FECH;AZ;20301656";BRD5;MR01;O.IMPORTED;0;R$ 0,00;R$ 0,00;Taubaté
50083091;20003361;"CAPACETE P/MOTOCICLISTA;FECH;AZ;20301656";BRD7;MR01;O.PURCHASE;2,000;R$ 208,91;R$ 417,82;Litoral - Praia Grande
50083092;20003362;"CAPACETE P/MOTOCICLISTA;FECH;AZ;20301658";BRCM;MR01;O.PURCHASE;3,000;R$ 218,78;R$ 656,33;Araçatuba
50083092;20003362;"CAPACETE P/MOTOCICLISTA;FECH;AZ;20301658";BRCO;MR01;O.PURCHASE;15,000;R$ 198,07;R$ 2.971,08;Barueri
50083092;20003362;"CAPACETE P/MOTOCICLISTA;FECH;AZ;20301658";BRCQ;MR01;O.PURCHASE;0;R$ 0,00;R$ 0,00;Campinas
50083092;20003362;"CAPACETE P/MOTOCICLISTA;FECH;AZ;20301658";BRCR;MR01;O.PURCHASE;2,000;R$ 187,30;R$ 374,59;Diadema
50083092;20003362;"CAPACETE P/MOTOCICLISTA;FECH;AZ;20301658";BRCT;MR01;O.PURCHASE;14,000;R$ 195,65;R$ 2.739,06;Guarulhos
50083092;20003362;"CAPACETE P/MOTOCICLISTA;FECH;AZ;20301658";BRCU;MR01;O.PURCHASE;5,000;R$ 199,86;R$ 999,32;Jaú
50083092;20003362;"CAPACETE P/MOTOCICLISTA;FECH;AZ;20301658";BRCV;MR01;O.PURCHASE;3,000;R$ 210,78;R$ 632,35;Jundiai (SALTO)
50083092;20003362;"CAPACETE P/MOTOCICLISTA;FECH;AZ;20301658";BRCX;MR01;O.PURCHASE;0;R$ 0,00;R$ 0,00;Mauá
50083092;20003362;"CAPACETE P/MOTOCICLISTA;FECH;AZ;20301658";BRCY;MR01;O.PURCHASE;8,000;R$ 203,21;R$ 1.625,65;Mogi Mirim
50083092;20003362;"CAPACETE P/MOTOCICLISTA;FECH;AZ;20301658";BRD0;MR01;O.PURCHASE;0;R$ 0,00;R$ 0,00;Presidente Prudente
50083092;20003362;"CAPACETE P/MOTOCICLISTA;FECH;AZ;20301658";BRD2;MR01;O.PURCHASE;10,000;R$ 193,78;R$ 1.937,83;São José dos Campos
50083092;20003362;"CAPACETE P/MOTOCICLISTA;FECH;AZ;20301658";BRD3;MR01;O.PURCHASE;2,000;R$ 187,87;R$ 375,73;Suzano
50083092;20003362;"CAPACETE P/MOTOCICLISTA;FECH;AZ;20301658";BRD7;MR01;O.PURCHASE;2,000;R$ 219,55;R$ 439,09;Litoral - Praia Grande
50083093;20003363;"CAPACETE P/MOTOCICLISTA;FECH;AZ;20301660";BRCM;MR01;O.PURCHASE;1,000;R$ 192,05;R$ 192,05;Araçatuba
50083093;20003363;"CAPACETE P/MOTOCICLISTA;FECH;AZ;20301660";BRCO;MR01;O.PURCHASE;7,000;R$ 177,21;R$ 1.240,48;Barueri
50083093;20003363;"CAPACETE P/MOTOCICLISTA;FECH;AZ;20301660";BRCQ;MR01;O.PURCHASE;0;R$ 0,00;R$ 0,00;Campinas
50083093;20003363;"CAPACETE P/MOTOCICLISTA;FECH;AZ;20301660";BRCR;MR01;O.IMPORTED;1,000;R$ 139,30;R$ 139,30;Diadema
50083093;20003363;"CAPACETE P/MOTOCICLISTA;FECH;AZ;20301660";BRCR;MR01;O.PURCHASE;1,000;R$ 207,91;R$ 207,91;Diadema
50083093;20003363;"CAPACETE P/MOTOCICLISTA;FECH;AZ;20301660";BRCU;MR01;O.PURCHASE;0;R$ 0,00;R$ 0,00;Jaú
50083093;20003363;"CAPACETE P/MOTOCICLISTA;FECH;AZ;20301660";BRCX;MR01;O.PURCHASE;9,000;R$ 198,74;R$ 1.788,64;Mauá
50083093;20003363;"CAPACETE P/MOTOCICLISTA;FECH;AZ;20301660";BRCY;MR01;O.PURCHASE;12,000;R$ 191,73;R$ 2.300,74;Mogi Mirim
50083093;20003363;"CAPACETE P/MOTOCICLISTA;FECH;AZ;20301660";BRD0;MR01;O.PURCHASE;0;R$ 0,00;R$ 0,00;Presidente Prudente
50083093;20003363;"CAPACETE P/MOTOCICLISTA;FECH;AZ;20301660";BRD2;MR01;O.PURCHASE;6,000;R$ 187,59;R$ 1.125,52;São José dos Campos
50083093;20003363;"CAPACETE P/MOTOCICLISTA;FECH;AZ;20301660";BRD3;MR01;O.PURCHASE;6,000;R$ 199,63;R$ 1.197,79;Suzano
50083093;20003363;"CAPACETE P/MOTOCICLISTA;FECH;AZ;20301660";BRD5;MR01;O.PURCHASE;2,000;R$ 194,22;R$ 388,43;Taubaté
50083093;20003363;"CAPACETE P/MOTOCICLISTA;FECH;AZ;20301660";BRD7;MR01;O.PURCHASE;0;R$ 0,00;R$ 0,00;Litoral - Praia Grande
50083094;0;"CAPACETE P/MOTOCICLISTA;FECH;AZ;20301661";BRCM;MR01;O.IMPORTED;2,000;R$ 169,66;R$ 339,31;Araçatuba
50083094;0;"CAPACETE P/MOTOCICLISTA;FECH;AZ;20301661";BRCO;MR01;O.IMPORTED;3,000;R$ 149,76;R$ 449,29;Barueri
50083094;0;"CAPACETE P/MOTOCICLISTA;FECH;AZ;20301661";BRCR;MR01;O.IMPORTED;0;R$ 0,00;R$ 0,00;Diadema
50083094;0;"CAPACETE P/MOTOCICLISTA;FECH;AZ;20301661";BRCT;MR01;O.PURCHASE;8,000;R$ 189,32;R$ 1.514,57;Guarulhos
50083094;0;"CAPACETE P/MOTOCICLISTA;FECH;AZ;20301661";BRCU;MR01;O.IMPORTED;0;R$ 0,00;R$ 0,00;Jaú
50083094;0;"CAPACETE P/MOTOCICLISTA;FECH;AZ;20301661";BRCV;MR01;O.PURCHASE;5,000;R$ 215,82;R$ 1.079,11;Jundiai (SALTO)
50083094;0;"CAPACETE P/MOTOCICLISTA;FECH;AZ;20301661";BRCX;MR01;O.IMPORTED;1,000;R$ 152,94;R$ 152,94;Mauá
50083094;0;"CAPACETE P/MOTOCICLISTA;FECH;AZ;20301661";BRD0;MR01;O.PURCHASE;0;R$ 0,00;R$ 0,00;Presidente Prudente
50083114;0;"ANTENA;HONDA/149005";BRCO;MR01;O.PURCHASE;10,000;R$ 5,00;R$ 50,01;Barueri
50083117;0;INTERRUPTOR;BRCO;MR01;O.PURCHASE;1,000;R$ 149,00;R$ 149,00;Barueri
50083176;0;"FITA ADES DU FACE;PAP;BR;30MMX19M";BRD1;MR01;O.IMPORTED;20,000;R$ 7,17;R$ 143,48;Ribeirão Preto
50083204;0;"BATERIA;HONDA/31500KGA890";BRCO;MR01;O.PURCHASE;4,000;R$ 102,25;R$ 409,00;Barueri
50083206;0;"CAMARA;HONDA/44712KGA900";BRCO;MR01;O.PURCHASE;16,000;R$ 20,00;R$ 319,98;Barueri
50083216;0;"PNEU;HONDA/42711KRM860";BRCQ;MR01;O.PURCHASE;9,000;R$ 102,59;R$ 923,31;Campinas
50083217;0;"PNEU;HONDA/44711KRM860";BRCQ;MR01;O.IMPORTED;3,000;R$ 92,23;R$ 276,69;Campinas
50083217;0;"PNEU;HONDA/44711KRM860";BRD1;MR01;O.IMPORTED;1,000;R$ 179,76;R$ 179,76;Ribeirão Preto
50083218;0;"REPARO;HONDA/H0640KGA900";BRCO;MR01;O.PURCHASE;2,000;R$ 60,49;R$ 120,98;Barueri
50083219;0;"OLEO LUBRIF;SINTETICO;SAE 20W50";BRCO;MR01;O.PURCHASE;48,000;R$ 15,00;R$ 720,00;Barueri
50083230;0;"SAPATA;HONDA/06430GBJK20";BRCQ;MR01;O.PURCHASE;3,000;R$ 19,69;R$ 59,07;Campinas
50083236;0;"FILME PLAS;MAT POLI;LARG 500MM";BRD0;MR01;O.PURCHASE;114,000;R$ 71,15;R$ 8.110,76;Presidente Prudente
50083238;0;"SAPATA;HONDA/H0643GBJK20";BRCO;MR01;O.PURCHASE;4,000;R$ 19,00;R$ 76,00;Barueri
50083381;0;"QUADRO INFORMATIVO;UG DISTR;CHAP GALV;BR";BRCN;MR01;O.PURCHASE;1,000;R$ 387,55;R$ 387,55;Araraquara
50083382;0;"QUADRO INFORMATIVO;UG ARMAZEM;CHAP GALV";BRCN;MR01;O.PURCHASE;1,000;R$ 571,45;R$ 571,45;Araraquara
50083386;0;"QUADRO INFORMATIVO;ACOMP D/RESULTADOS";BRCN;MR01;O.PURCHASE;1,000;R$ 313,16;R$ 313,16;Araraquara
50083387;0;"QUADRO AVISO;RET;3000X2300MM;S/PORTA";BRCN;MR01;O.PURCHASE;1,000;R$ 521,21;R$ 521,21;Araraquara
50083390;0;"QUADRO GESTAO A VISTA;2300X1500MM";BRCN;MR01;O.PURCHASE;1,000;R$ 273,00;R$ 273,00;Araraquara
50083393;0;"QUADRO GESTAO A VISTA;2000X1100MM";BRCN;MR01;O.PURCHASE;1,000;R$ 488,82;R$ 488,82;Araraquara
50083476;0;"FILME PLAS;MAT POLI";BRCM;MR01;O.PURCHASE;5.253,400;R$ 19,69;R$ 103.457,08;Araçatuba
50083476;0;"FILME PLAS;MAT POLI";BRCN;MR01;O.PURCHASE;4,000;R$ 25,27;R$ 101,08;Araraquara
50083476;0;"FILME PLAS;MAT POLI";BRCO;MR01;O.IMPORTED;0,600;R$ 13,05;R$ 7,83;Barueri
50083476;0;"FILME PLAS;MAT POLI";BRCO;MR01;O.PURCHASE;0;R$ 0,00;R$ 0,00;Barueri
50083476;0;"FILME PLAS;MAT POLI";BRCQ;MR01;O.PURCHASE;0;R$ 0,00;R$ 0,00;Campinas
50083476;0;"FILME PLAS;MAT POLI";BRCR;MR01;O.PURCHASE;10.013,000;R$ 19,74;R$ 197.672,78;Diadema
50083476;0;"FILME PLAS;MAT POLI";BRCS;MR01;O.PURCHASE;0;R$ 0,00;R$ 0,00;Embu (SUL)
50083476;0;"FILME PLAS;MAT POLI";BRCT;MR01;O.PURCHASE;2.581,400;R$ 22,69;R$ 58.582,46;Guarulhos
50083476;0;"FILME PLAS;MAT POLI";BRCU;MR01;O.PURCHASE;0;R$ 0,00;R$ 0,00;Jaú
50083476;0;"FILME PLAS;MAT POLI";BRCV;MR01;O.PURCHASE;6.327,400;R$ 16,81;R$ 106.373,80;Jundiai (SALTO)
50083476;0;"FILME PLAS;MAT POLI";BRCX;MR01;O.PURCHASE;0;R$ 0,00;R$ 0,00;Mauá
50083476;0;"FILME PLAS;MAT POLI";BRCY;MR01;O.PURCHASE;4.178,100;R$ 20,90;R$ 87.313,74;Mogi Mirim
50083476;0;"FILME PLAS;MAT POLI";BRCZ;MR01;O.PURCHASE;1.037,000;R$ 19,65;R$ 20.380,13;Norte (Caieiras)
50083476;0;"FILME PLAS;MAT POLI";BRD0;MR01;O.PURCHASE;10.049,000;R$ 18,71;R$ 188.040,30;Presidente Prudente
50083476;0;"FILME PLAS;MAT POLI";BRD1;MR01;O.PURCHASE;0;R$ 0,00;R$ 0,00;Ribeirão Preto
50083476;0;"FILME PLAS;MAT POLI";BRD2;MR01;O.PURCHASE;9,200;R$ 26,72;R$ 245,79;São José dos Campos
50083476;0;"FILME PLAS;MAT POLI";BRD3;MR01;O.PURCHASE;3.767,500;R$ 20,43;R$ 76.986,45;Suzano
50083476;0;"FILME PLAS;MAT POLI";BRD4;MR01;O.PURCHASE;2.130,500;R$ 19,00;R$ 40.482,25;Votorantim (SALTO)
50083476;0;"FILME PLAS;MAT POLI";BRD5;MR01;O.PURCHASE;134,000;R$ 16,10;R$ 2.157,96;Taubaté
50083476;0;"FILME PLAS;MAT POLI";BRD7;MR01;O.PURCHASE;0;R$ 0,00;R$ 0,00;Litoral - Praia Grande
50083482;20004531;LUVA MOTO - TAM. P;BRCM;MR01;O.PURCHASE;3;R$ 99,70;R$ 299,11;Araçatuba
50083482;20004531;LUVA MOTO - TAM. P;BRCO;MR01;O.PURCHASE;19;R$ 99,79;R$ 1.896,10;Barueri
50083482;20004531;LUVA MOTO - TAM. P;BRCQ;MR01;O.PURCHASE;0;R$ 0,00;R$ 0,00;Campinas
50083482;20004531;LUVA MOTO - TAM. P;BRCR;MR01;O.PURCHASE;4;R$ 94,83;R$ 379,33;Diadema
50083482;20004531;LUVA MOTO - TAM. P;BRCT;MR01;O.PURCHASE;21;R$ 97,59;R$ 2.049,42;Guarulhos
50083482;20004531;LUVA MOTO - TAM. P;BRCU;MR01;O.PURCHASE;10;R$ 94,76;R$ 947,62;Jaú
50083482;20004531;LUVA MOTO - TAM. P;BRCV;MR01;O.PURCHASE;0;R$ 0,00;R$ 0,00;Jundiai (SALTO)
50083482;20004531;LUVA MOTO - TAM. P;BRCX;MR01;O.PURCHASE;0;R$ 0,00;R$ 0,00;Mauá
50083482;20004531;LUVA MOTO - TAM. P;BRCZ;MR01;O.PURCHASE;9;R$ 96,80;R$ 871,24;Norte (Caieiras)
50083482;20004531;LUVA MOTO - TAM. P;BRD0;MR01;O.PURCHASE;10;R$ 101,97;R$ 1.019,73;Presidente Prudente
50083482;20004531;LUVA MOTO - TAM. P;BRD1;MR01;O.PURCHASE;1;R$ 104,14;R$ 104,14;Ribeirão Preto
50083482;20004531;LUVA MOTO - TAM. P;BRD2;MR01;O.PURCHASE;4;R$ 96,24;R$ 384,94;São José dos Campos
50083482;20004531;LUVA MOTO - TAM. P;BRD5;MR01;O.PURCHASE;1;R$ 89,18;R$ 89,18;Taubaté
50083482;20004531;LUVA MOTO - TAM. P;BRD7;MR01;O.PURCHASE;3;R$ 121,70;R$ 365,10;Litoral - Praia Grande
50083483;20004532;LUVA MOTO - TAM. M;BRCM;MR01;O.PURCHASE;8;R$ 117,77;R$ 942,16;Araçatuba
50083483;20004532;LUVA MOTO - TAM. M;BRCO;MR01;O.PURCHASE;13;R$ 110,09;R$ 1.431,13;Barueri
50083483;20004532;LUVA MOTO - TAM. M;BRCQ;MR01;O.PURCHASE;0;R$ 0,00;R$ 0,00;Campinas
50083483;20004532;LUVA MOTO - TAM. M;BRCR;MR01;O.PURCHASE;5;R$ 116,41;R$ 582,03;Diadema
50083483;20004532;LUVA MOTO - TAM. M;BRCS;MR01;O.PURCHASE;0;R$ 0,00;R$ 0,00;Embu (SUL)
50083483;20004532;LUVA MOTO - TAM. M;BRCT;MR01;O.PURCHASE;4;R$ 126,16;R$ 504,63;Guarulhos
50083483;20004532;LUVA MOTO - TAM. M;BRCU;MR01;O.PURCHASE;4;R$ 92,79;R$ 371,14;Jaú
50083483;20004532;LUVA MOTO - TAM. M;BRCV;MR01;O.PURCHASE;9;R$ 102,02;R$ 918,18;Jundiai (SALTO)
50083483;20004532;LUVA MOTO - TAM. M;BRCY;MR01;O.PURCHASE;0;R$ 0,00;R$ 0,00;Mogi Mirim
50083483;20004532;LUVA MOTO - TAM. M;BRCZ;MR01;O.PURCHASE;15;R$ 103,50;R$ 1.552,48;Norte (Caieiras)
50083483;20004532;LUVA MOTO - TAM. M;BRD0;MR01;O.PURCHASE;8;R$ 108,79;R$ 870,34;Presidente Prudente
50083483;20004532;LUVA MOTO - TAM. M;BRD1;MR01;O.PURCHASE;0;R$ 0,00;R$ 0,00;Ribeirão Preto
50083483;20004532;LUVA MOTO - TAM. M;BRD2;MR01;O.PURCHASE;16;R$ 108,36;R$ 1.733,74;São José dos Campos
50083483;20004532;LUVA MOTO - TAM. M;BRD3;MR01;O.PURCHASE;11;R$ 113,52;R$ 1.248,72;Suzano
50083483;20004532;LUVA MOTO - TAM. M;BRD7;MR01;O.PURCHASE;9;R$ 110,07;R$ 990,66;Litoral - Praia Grande
50083484;20004533;LUVA MOTO - TAM. G;BRCM;MR01;O.PURCHASE;6;R$ 97,30;R$ 583,81;Araçatuba
50083484;20004533;LUVA MOTO - TAM. G;BRCN;MR01;O.PURCHASE;7;R$ 102,50;R$ 717,51;Araraquara
50083484;20004533;LUVA MOTO - TAM. G;BRCO;MR01;O.PURCHASE;19;R$ 93,17;R$ 1.770,24;Barueri
50083484;20004533;LUVA MOTO - TAM. G;BRCQ;MR01;O.PURCHASE;28;R$ 108,74;R$ 3.044,65;Campinas
50083484;20004533;LUVA MOTO - TAM. G;BRCR;MR01;O.PURCHASE;10;R$ 110,72;R$ 1.107,21;Diadema
50083484;20004533;LUVA MOTO - TAM. G;BRCT;MR01;O.PURCHASE;14;R$ 111,75;R$ 1.564,56;Guarulhos
50083484;20004533;LUVA MOTO - TAM. G;BRCU;MR01;O.PURCHASE;9;R$ 107,57;R$ 968,17;Jaú
50083484;20004533;LUVA MOTO - TAM. G;BRCV;MR01;O.PURCHASE;16;R$ 117,66;R$ 1.882,53;Jundiai (SALTO)
50083484;20004533;LUVA MOTO - TAM. G;BRCX;MR01;O.PURCHASE;0;R$ 0,00;R$ 0,00;Mauá
50083484;20004533;LUVA MOTO - TAM. G;BRCY;MR01;O.PURCHASE;0;R$ 0,00;R$ 0,00;Mogi Mirim
50083484;20004533;LUVA MOTO - TAM. G;BRCZ;MR01;O.PURCHASE;17;R$ 108,73;R$ 1.848,38;Norte (Caieiras)
50083484;20004533;LUVA MOTO - TAM. G;BRD0;MR01;O.PURCHASE;22;R$ 100,52;R$ 2.211,47;Presidente Prudente
50083484;20004533;LUVA MOTO - TAM. G;BRD1;MR01;O.PURCHASE;0;R$ 0,00;R$ 0,00;Ribeirão Preto
50083484;20004533;LUVA MOTO - TAM. G;BRD2;MR01;O.PURCHASE;19;R$ 109,75;R$ 2.085,17;São José dos Campos
50083484;20004533;LUVA MOTO - TAM. G;BRD3;MR01;O.PURCHASE;9;R$ 110,32;R$ 992,88;Suzano
50083484;20004533;LUVA MOTO - TAM. G;BRD5;MR01;O.PURCHASE;4;R$ 90,18;R$ 360,70;Taubaté
50083484;20004533;LUVA MOTO - TAM. G;BRD7;MR01;O.PURCHASE;32;R$ 97,63;R$ 3.124,13;Litoral - Praia Grande
50083485;20004534;LUVA MOTO - TAM. GG;BRCM;MR01;O.PURCHASE;5;R$ 114,77;R$ 573,87;Araçatuba
50083485;20004534;LUVA MOTO - TAM. GG;BRCN;MR01;O.PURCHASE;13;R$ 109,82;R$ 1.427,68;Araraquara
50083485;20004534;LUVA MOTO - TAM. GG;BRCO;MR01;O.PURCHASE;17;R$ 113,71;R$ 1.933,04;Barueri
50083485;20004534;LUVA MOTO - TAM. GG;BRCQ;MR01;O.PURCHASE;24;R$ 108,36;R$ 2.600,75;Campinas
50083485;20004534;LUVA MOTO - TAM. GG;BRCR;MR01;O.PURCHASE;8;R$ 115,57;R$ 924,58;Diadema
50083485;20004534;LUVA MOTO - TAM. GG;BRCS;MR01;O.PURCHASE;5;R$ 115,66;R$ 578,32;Embu (SUL)
50083485;20004534;LUVA MOTO - TAM. GG;BRCT;MR01;O.PURCHASE;13;R$ 105,31;R$ 1.368,97;Guarulhos
50083485;20004534;LUVA MOTO - TAM. GG;BRCU;MR01;O.PURCHASE;4;R$ 138,26;R$ 553,04;Jaú
50083485;20004534;LUVA MOTO - TAM. GG;BRCV;MR01;O.PURCHASE;19;R$ 110,31;R$ 2.095,95;Jundiai (SALTO)
50083485;20004534;LUVA MOTO - TAM. GG;BRCX;MR01;O.PURCHASE;0;R$ 0,00;R$ 0,00;Mauá
50083485;20004534;LUVA MOTO - TAM. GG;BRD0;MR01;O.PURCHASE;5;R$ 104,66;R$ 523,31;Presidente Prudente
50083485;20004534;LUVA MOTO - TAM. GG;BRD1;MR01;O.PURCHASE;0;R$ 0,00;R$ 0,00;Ribeirão Preto
50083485;20004534;LUVA MOTO - TAM. GG;BRD2;MR01;O.PURCHASE;6;R$ 80,61;R$ 483,64;São José dos Campos
50083485;20004534;LUVA MOTO - TAM. GG;BRD3;MR01;O.PURCHASE;0;R$ 0,00;R$ 0,00;Suzano
50083485;20004534;LUVA MOTO - TAM. GG;BRD7;MR01;O.PURCHASE;11;R$ 108,05;R$ 1.188,53;Litoral - Praia Grande
50083509;0;"FITA ADES POLIP;INCOL;ROL 50M;3M/36950MM";BRD2;MR01;O.PURCHASE;180,000;R$ 4,70;R$ 846,00;São José dos Campos
50083510;0;"FITA ADES DU FACE;POLIP;LI;BR;12X30000MM";BRCX;MR01;O.IMPORTED;18,000;R$ 51,52;R$ 927,36;Mauá
50083611;0;"BONE;BRIM;AZ MAR;TAM UNIC;C";BRCX;MR01;O.PURCHASE;63,000;R$ 23,07;R$ 1.453,57;Mauá
50083633;20000851;"CAPACETE;POLIP";BRCZ;MR01;O.PURCHASE;0;R$ 0,00;R$ 0,00;Norte (Caieiras)
50083633;20000851;"CAPACETE;POLIP";BRD5;MR01;O.PURCHASE;0;R$ 0,00;R$ 0,00;Taubaté
50083737;0;"PAPEL TOALH FL;INTERFOLH;PROLIM;4502";BRCX;MR01;O.PURCHASE;60;R$ 48,97;R$ 2.938,39;Mauá
50083739;0;"MASCARA;DESCARTAVEL EMBRAMAC C/ ELASTICO";BRCU;MR01;O.PURCHASE;4,000;R$ 90,00;R$ 360,00;Jaú
50083739;0;"MASCARA;DESCARTAVEL EMBRAMAC C/ ELASTICO";BRCV;MR01;O.PURCHASE;0;R$ 0,00;R$ 0,00;Jundiai (SALTO)
50083739;0;"MASCARA;DESCARTAVEL EMBRAMAC C/ ELASTICO";BRD3;MR01;O.PURCHASE;20,000;R$ 3,66;R$ 73,24;Suzano
50083747;0;"BOTINA SEG ELETR;MARLUVAS/50B19CPAP41";BRCN;MR01;O.PURCHASE;2;R$ 105,75;R$ 211,49;Araraquara
50083747;0;"BOTINA SEG ELETR;MARLUVAS/50B19CPAP41";BRCV;MR01;O.PURCHASE;0;R$ 0,00;R$ 0,00;Jundiai (SALTO)
50083747;0;"BOTINA SEG ELETR;MARLUVAS/50B19CPAP41";BRCX;MR01;O.PURCHASE;1;R$ 47,26;R$ 47,26;Mauá
50083747;0;"BOTINA SEG ELETR;MARLUVAS/50B19CPAP41";BRD1;MR01;O.PURCHASE;0;R$ 0,00;R$ 0,00;Ribeirão Preto
50083747;0;"BOTINA SEG ELETR;MARLUVAS/50B19CPAP41";BRD3;MR01;O.PURCHASE;0;R$ 0,00;R$ 0,00;Suzano
50083748;20001121;"BOTINA SEG ELETR;MARLUVAS/50B19CPAP39";BRCM;MR01;O.PURCHASE;6;R$ 75,76;R$ 454,53;Araçatuba
50083748;20001121;"BOTINA SEG ELETR;MARLUVAS/50B19CPAP39";BRCN;MR01;O.PURCHASE;4;R$ 82,69;R$ 330,74;Araraquara
50083748;20001121;"BOTINA SEG ELETR;MARLUVAS/50B19CPAP39";BRCO;MR01;O.PURCHASE;0;R$ 0,00;R$ 0,00;Barueri
50083748;20001121;"BOTINA SEG ELETR;MARLUVAS/50B19CPAP39";BRCQ;MR01;O.PURCHASE;0;R$ 0,00;R$ 0,00;Campinas
50083748;20001121;"BOTINA SEG ELETR;MARLUVAS/50B19CPAP39";BRCR;MR01;O.PURCHASE;7;R$ 74,27;R$ 519,92;Diadema
50083748;20001121;"BOTINA SEG ELETR;MARLUVAS/50B19CPAP39";BRCT;MR01;O.IMPORTED;0;R$ 0,00;R$ 0,00;Guarulhos
50083748;20001121;"BOTINA SEG ELETR;MARLUVAS/50B19CPAP39";BRCV;MR01;O.PURCHASE;0;R$ 0,00;R$ 0,00;Jundiai (SALTO)
50083748;20001121;"BOTINA SEG ELETR;MARLUVAS/50B19CPAP39";BRCX;MR01;O.PURCHASE;2;R$ 117,02;R$ 234,04;Mauá
50083748;20001121;"BOTINA SEG ELETR;MARLUVAS/50B19CPAP39";BRD0;MR01;O.PURCHASE;14;R$ 74,12;R$ 1.037,71;Presidente Prudente
50083748;20001121;"BOTINA SEG ELETR;MARLUVAS/50B19CPAP39";BRD1;MR01;O.PURCHASE;0;R$ 0,00;R$ 0,00;Ribeirão Preto
50083748;20001121;"BOTINA SEG ELETR;MARLUVAS/50B19CPAP39";BRD2;MR01;O.PURCHASE;1;R$ 88,33;R$ 88,33;São José dos Campos
50083748;20001121;"BOTINA SEG ELETR;MARLUVAS/50B19CPAP39";BRD3;MR01;O.PURCHASE;1;R$ 115,84;R$ 115,84;Suzano
50083748;20001121;"BOTINA SEG ELETR;MARLUVAS/50B19CPAP39";BRD5;MR01;O.PURCHASE;6;R$ 89,59;R$ 537,51;Taubaté
50083750;20001125;"BOTINA SEG ELETR;50B19CPAPELETRICISTA40";BRCM;MR01;O.PURCHASE;1;R$ 98,37;R$ 98,37;Araçatuba
50083750;20001125;"BOTINA SEG ELETR;50B19CPAPELETRICISTA40";BRCN;MR01;O.PURCHASE;0;R$ 0,00;R$ 0,00;Araraquara
50083750;20001125;"BOTINA SEG ELETR;50B19CPAPELETRICISTA40";BRCT;MR01;O.PURCHASE;2;R$ 113,04;R$ 226,07;Guarulhos
50083750;20001125;"BOTINA SEG ELETR;50B19CPAPELETRICISTA40";BRCU;MR01;O.IMPORTED;6;R$ 75,10;R$ 450,58;Jaú
50083750;20001125;"BOTINA SEG ELETR;50B19CPAPELETRICISTA40";BRCV;MR01;O.PURCHASE;0;R$ 0,00;R$ 0,00;Jundiai (SALTO)
50083750;20001125;"BOTINA SEG ELETR;50B19CPAPELETRICISTA40";BRCX;MR01;O.PURCHASE;4;R$ 118,72;R$ 474,88;Mauá
50083750;20001125;"BOTINA SEG ELETR;50B19CPAPELETRICISTA40";BRD0;MR01;O.PURCHASE;4;R$ 87,74;R$ 350,94;Presidente Prudente
50083750;20001125;"BOTINA SEG ELETR;50B19CPAPELETRICISTA40";BRD1;MR01;O.IMPORTED;0;R$ 0,00;R$ 0,00;Ribeirão Preto
50083750;20001125;"BOTINA SEG ELETR;50B19CPAPELETRICISTA40";BRD1;MR01;O.PURCHASE;0;R$ 0,00;R$ 0,00;Ribeirão Preto
50083750;20001125;"BOTINA SEG ELETR;50B19CPAPELETRICISTA40";BRD2;MR01;O.PURCHASE;5;R$ 127,12;R$ 635,58;São José dos Campos
50083750;20001125;"BOTINA SEG ELETR;50B19CPAPELETRICISTA40";BRD3;MR01;O.PURCHASE;17;R$ 114,64;R$ 1.948,84;Suzano
50083751;20001127;"BOTINA SEG ELETR;MARLUVAS/50B19CPAP44";BRCN;MR01;O.PURCHASE;8;R$ 88,99;R$ 711,95;Araraquara
50083751;20001127;"BOTINA SEG ELETR;MARLUVAS/50B19CPAP44";BRCO;MR01;O.PURCHASE;2;R$ 69,61;R$ 139,22;Barueri
50083751;20001127;"BOTINA SEG ELETR;MARLUVAS/50B19CPAP44";BRCR;MR01;O.PURCHASE;0;R$ 0,00;R$ 0,00;Diadema
50083751;20001127;"BOTINA SEG ELETR;MARLUVAS/50B19CPAP44";BRCV;MR01;O.PURCHASE;0;R$ 0,00;R$ 0,00;Jundiai (SALTO)
50083751;20001127;"BOTINA SEG ELETR;MARLUVAS/50B19CPAP44";BRCX;MR01;O.PURCHASE;4;R$ 51,81;R$ 207,22;Mauá
50083751;20001127;"BOTINA SEG ELETR;MARLUVAS/50B19CPAP44";BRD0;MR01;O.PURCHASE;7;R$ 74,94;R$ 524,60;Presidente Prudente
50083751;20001127;"BOTINA SEG ELETR;MARLUVAS/50B19CPAP44";BRD1;MR01;O.IMPORTED;0;R$ 0,00;R$ 0,00;Ribeirão Preto
50083751;20001127;"BOTINA SEG ELETR;MARLUVAS/50B19CPAP44";BRD1;MR01;O.PURCHASE;0;R$ 0,00;R$ 0,00;Ribeirão Preto
50083751;20001127;"BOTINA SEG ELETR;MARLUVAS/50B19CPAP44";BRD2;MR01;O.PURCHASE;0;R$ 0,00;R$ 0,00;São José dos Campos
50083751;20001127;"BOTINA SEG ELETR;MARLUVAS/50B19CPAP44";BRD3;MR01;O.IMPORTED;2;R$ 114,50;R$ 228,99;Suzano
50083751;20001127;"BOTINA SEG ELETR;MARLUVAS/50B19CPAP44";BRD3;MR01;O.PURCHASE;3;R$ 77,43;R$ 232,30;Suzano
50083751;20001127;"BOTINA SEG ELETR;MARLUVAS/50B19CPAP44";BRD7;MR01;O.PURCHASE;1;R$ 51,37;R$ 51,37;Litoral - Praia Grande
50083752;20001128;"BOTINA SEG ELETR;MARLUVAS/50B19CPAP45";BRCN;MR01;O.PURCHASE;4;R$ 125,74;R$ 502,95;Araraquara
50083752;20001128;"BOTINA SEG ELETR;MARLUVAS/50B19CPAP45";BRCQ;MR01;O.PURCHASE;0;R$ 0,00;R$ 0,00;Campinas
50083752;20001128;"BOTINA SEG ELETR;MARLUVAS/50B19CPAP45";BRCS;MR01;O.PURCHASE;5;R$ 66,95;R$ 334,76;Embu (SUL)
50083752;20001128;"BOTINA SEG ELETR;MARLUVAS/50B19CPAP45";BRCV;MR01;O.IMPORTED;0;R$ 0,00;R$ 0,00;Jundiai (SALTO)
50083752;20001128;"BOTINA SEG ELETR;MARLUVAS/50B19CPAP45";BRCX;MR01;O.IMPORTED;1;R$ 61,42;R$ 61,42;Mauá
50083752;20001128;"BOTINA SEG ELETR;MARLUVAS/50B19CPAP45";BRCX;MR01;O.PURCHASE;1;R$ 38,97;R$ 38,97;Mauá
50083752;20001128;"BOTINA SEG ELETR;MARLUVAS/50B19CPAP45";BRCZ;MR01;O.PURCHASE;0;R$ 0,00;R$ 0,00;Norte (Caieiras)
50083752;20001128;"BOTINA SEG ELETR;MARLUVAS/50B19CPAP45";BRD0;MR01;O.PURCHASE;1;R$ 59,80;R$ 59,80;Presidente Prudente
50083752;20001128;"BOTINA SEG ELETR;MARLUVAS/50B19CPAP45";BRD1;MR01;O.PURCHASE;0;R$ 0,00;R$ 0,00;Ribeirão Preto
50083752;20001128;"BOTINA SEG ELETR;MARLUVAS/50B19CPAP45";BRD2;MR01;O.PURCHASE;0;R$ 0,00;R$ 0,00;São José dos Campos
50083752;20001128;"BOTINA SEG ELETR;MARLUVAS/50B19CPAP45";BRD3;MR01;O.PURCHASE;0;R$ 0,00;R$ 0,00;Suzano
50083754;20001132;"BOTINA;BIQ.COMPOSITE PALM ANTIPERF-TAM42";BRCM;MR01;O.PURCHASE;5;R$ 113,88;R$ 569,40;Araçatuba
50083754;20001132;"BOTINA;BIQ.COMPOSITE PALM ANTIPERF-TAM42";BRCQ;MR01;O.PURCHASE;3;R$ 110,73;R$ 332,19;Campinas
50083754;20001132;"BOTINA;BIQ.COMPOSITE PALM ANTIPERF-TAM42";BRCR;MR01;O.PURCHASE;0;R$ 0,00;R$ 0,00;Diadema
50083754;20001132;"BOTINA;BIQ.COMPOSITE PALM ANTIPERF-TAM42";BRCV;MR01;O.PURCHASE;0;R$ 0,00;R$ 0,00;Jundiai (SALTO)
50083754;20001132;"BOTINA;BIQ.COMPOSITE PALM ANTIPERF-TAM42";BRCX;MR01;O.PURCHASE;0;R$ 0,00;R$ 0,00;Mauá
50083754;20001132;"BOTINA;BIQ.COMPOSITE PALM ANTIPERF-TAM42";BRD1;MR01;O.PURCHASE;0;R$ 0,00;R$ 0,00;Ribeirão Preto
50083754;20001132;"BOTINA;BIQ.COMPOSITE PALM ANTIPERF-TAM42";BRD2;MR01;O.PURCHASE;0;R$ 0,00;R$ 0,00;São José dos Campos
50083754;20001132;"BOTINA;BIQ.COMPOSITE PALM ANTIPERF-TAM42";BRD3;MR01;O.PURCHASE;10;R$ 115,20;R$ 1.152,04;Suzano
50083754;20001132;"BOTINA;BIQ.COMPOSITE PALM ANTIPERF-TAM42";BRD7;MR01;O.PURCHASE;10;R$ 125,17;R$ 1.251,71;Litoral - Praia Grande
50083774;0;"TENIS SEG;NUM 40;FUJIWARA/90HTT600NUM40";BRCN;MR01;O.PURCHASE;0;R$ 0,00;R$ 0,00;Araraquara
50083774;0;"TENIS SEG;NUM 40;FUJIWARA/90HTT600NUM40";BRCQ;MR01;O.PURCHASE;11;R$ 57,61;R$ 633,76;Campinas
50083774;0;"TENIS SEG;NUM 40;FUJIWARA/90HTT600NUM40";BRCT;MR01;O.IMPORTED;1;R$ 53,56;R$ 53,56;Guarulhos
50083774;0;"TENIS SEG;NUM 40;FUJIWARA/90HTT600NUM40";BRCT;MR01;O.PURCHASE;2;R$ 109,22;R$ 218,43;Guarulhos
50083774;0;"TENIS SEG;NUM 40;FUJIWARA/90HTT600NUM40";BRD0;MR01;O.PURCHASE;13;R$ 76,87;R$ 999,31;Presidente Prudente
50083775;0;"TENIS SEG;NUM 43;FUJIWARA/90HTT600NUM43";BRCR;MR01;O.IMPORTED;4;R$ 181,50;R$ 726,00;Diadema
50083775;0;"TENIS SEG;NUM 43;FUJIWARA/90HTT600NUM43";BRCR;MR01;O.PURCHASE;1;R$ 95,51;R$ 95,51;Diadema
50083775;0;"TENIS SEG;NUM 43;FUJIWARA/90HTT600NUM43";BRCT;MR01;O.PURCHASE;3;R$ 95,92;R$ 287,76;Guarulhos
50083775;0;"TENIS SEG;NUM 43;FUJIWARA/90HTT600NUM43";BRD4;MR01;O.PURCHASE;0;R$ 0,00;R$ 0,00;Votorantim (SALTO)
50083784;0;BOTA PVC PARA CHUVA - TAM. Nº 36;BRCN;MR01;O.PURCHASE;3;R$ 46,87;R$ 140,60;Araraquara
50083784;0;BOTA PVC PARA CHUVA - TAM. Nº 36;BRCQ;MR01;O.PURCHASE;3;R$ 96,08;R$ 288,24;Campinas
50083784;0;BOTA PVC PARA CHUVA - TAM. Nº 36;BRCT;MR01;O.PURCHASE;2;R$ 38,79;R$ 77,57;Guarulhos
50083784;0;BOTA PVC PARA CHUVA - TAM. Nº 36;BRCU;MR01;O.PURCHASE;1;R$ 38,59;R$ 38,59;Jaú
50083784;0;BOTA PVC PARA CHUVA - TAM. Nº 36;BRCX;MR01;O.PURCHASE;9;R$ 22,77;R$ 204,93;Mauá
50083784;0;BOTA PVC PARA CHUVA - TAM. Nº 36;BRD0;MR01;O.PURCHASE;0;R$ 0,00;R$ 0,00;Presidente Prudente
50083784;0;BOTA PVC PARA CHUVA - TAM. Nº 36;BRD1;MR01;O.PURCHASE;5;R$ 43,68;R$ 218,42;Ribeirão Preto
50083787;0;"DETERGENTE;P/USO GER;BBN 5L";BRCQ;MR01;O.PURCHASE;32,000;R$ 16,55;R$ 529,60;Campinas
50083797;0;"ESPONJA LIMP;DU FACE GR";BRCQ;MR01;O.PURCHASE;497,000;R$ 0,60;R$ 297,18;Campinas
50083816;20002510;"BOTINA SEG;PT;FUJIWARA/90HVAMB600NUM36";BRCN;MR01;O.PURCHASE;3;R$ 163,57;R$ 490,70;Araraquara
50083816;20002510;"BOTINA SEG;PT;FUJIWARA/90HVAMB600NUM36";BRCT;MR01;O.PURCHASE;0;R$ 0,00;R$ 0,00;Guarulhos
50083816;20002510;"BOTINA SEG;PT;FUJIWARA/90HVAMB600NUM36";BRCV;MR01;O.IMPORTED;1;R$ 101,49;R$ 101,49;Jundiai (SALTO)
50083816;20002510;"BOTINA SEG;PT;FUJIWARA/90HVAMB600NUM36";BRCV;MR01;O.PURCHASE;3;R$ 165,87;R$ 497,60;Jundiai (SALTO)
50083816;20002510;"BOTINA SEG;PT;FUJIWARA/90HVAMB600NUM36";BRCX;MR01;O.PURCHASE;3;R$ 172,30;R$ 516,89;Mauá
50083816;20002510;"BOTINA SEG;PT;FUJIWARA/90HVAMB600NUM36";BRCZ;MR01;O.IMPORTED;3;R$ 108,86;R$ 326,59;Norte (Caieiras)
50083816;20002510;"BOTINA SEG;PT;FUJIWARA/90HVAMB600NUM36";BRD0;MR01;O.PURCHASE;3;R$ 160,88;R$ 482,63;Presidente Prudente
50083816;20002510;"BOTINA SEG;PT;FUJIWARA/90HVAMB600NUM36";BRD1;MR01;O.PURCHASE;2;R$ 159,98;R$ 319,96;Ribeirão Preto
50083816;20002510;"BOTINA SEG;PT;FUJIWARA/90HVAMB600NUM36";BRD3;MR01;O.PURCHASE;0;R$ 0,00;R$ 0,00;Suzano
50083816;20002510;"BOTINA SEG;PT;FUJIWARA/90HVAMB600NUM36";BRD4;MR01;O.PURCHASE;0;R$ 0,00;R$ 0,00;Votorantim (SALTO)
50083816;20002510;"BOTINA SEG;PT;FUJIWARA/90HVAMB600NUM36";BRD5;MR01;O.PURCHASE;0;R$ 0,00;R$ 0,00;Taubaté
50083816;20002510;"BOTINA SEG;PT;FUJIWARA/90HVAMB600NUM36";BRD7;MR01;O.PURCHASE;4;R$ 129,56;R$ 518,25;Litoral - Praia Grande
50083817;20002511;"BOTINA SEG;PT;FUJIWARA/90HVAMB600NUM37";BRCM;MR01;O.PURCHASE;3;R$ 130,49;R$ 391,48;Araçatuba
50083817;20002511;"BOTINA SEG;PT;FUJIWARA/90HVAMB600NUM37";BRCO;MR01;O.PURCHASE;7;R$ 171,81;R$ 1.202,68;Barueri
50083817;20002511;"BOTINA SEG;PT;FUJIWARA/90HVAMB600NUM37";BRCQ;MR01;O.PURCHASE;11;R$ 155,53;R$ 1.710,87;Campinas
50083817;20002511;"BOTINA SEG;PT;FUJIWARA/90HVAMB600NUM37";BRCS;MR01;O.PURCHASE;1;R$ 119,12;R$ 119,12;Embu (SUL)
50083817;20002511;"BOTINA SEG;PT;FUJIWARA/90HVAMB600NUM37";BRCT;MR01;O.PURCHASE;4;R$ 170,93;R$ 683,72;Guarulhos
50083817;20002511;"BOTINA SEG;PT;FUJIWARA/90HVAMB600NUM37";BRCU;MR01;O.PURCHASE;10;R$ 114,12;R$ 1.141,15;Jaú
50083817;20002511;"BOTINA SEG;PT;FUJIWARA/90HVAMB600NUM37";BRCV;MR01;O.PURCHASE;7;R$ 138,95;R$ 972,68;Jundiai (SALTO)
50083817;20002511;"BOTINA SEG;PT;FUJIWARA/90HVAMB600NUM37";BRCX;MR01;O.PURCHASE;11;R$ 116,52;R$ 1.281,73;Mauá
50083817;20002511;"BOTINA SEG;PT;FUJIWARA/90HVAMB600NUM37";BRD0;MR01;O.PURCHASE;2;R$ 148,93;R$ 297,86;Presidente Prudente
50083817;20002511;"BOTINA SEG;PT;FUJIWARA/90HVAMB600NUM37";BRD3;MR01;O.PURCHASE;7;R$ 148,26;R$ 1.037,85;Suzano
50083817;20002511;"BOTINA SEG;PT;FUJIWARA/90HVAMB600NUM37";BRD4;MR01;O.PURCHASE;7;R$ 107,91;R$ 755,34;Votorantim (SALTO)
50083817;20002511;"BOTINA SEG;PT;FUJIWARA/90HVAMB600NUM37";BRD5;MR01;O.PURCHASE;1;R$ 163,98;R$ 163,98;Taubaté
50083817;20002511;"BOTINA SEG;PT;FUJIWARA/90HVAMB600NUM37";BRD7;MR01;O.PURCHASE;5;R$ 110,50;R$ 552,50;Litoral - Praia Grande
50083818;20002512;"BOTINA SEG;PT;FUJIWARA/90HVAMB600NUM38";BRCM;MR01;O.PURCHASE;2;R$ 149,81;R$ 299,62;Araçatuba
50083818;20002512;"BOTINA SEG;PT;FUJIWARA/90HVAMB600NUM38";BRCN;MR01;O.PURCHASE;0;R$ 0,00;R$ 0,00;Araraquara
50083818;20002512;"BOTINA SEG;PT;FUJIWARA/90HVAMB600NUM38";BRCQ;MR01;O.PURCHASE;7;R$ 160,85;R$ 1.125,92;Campinas
50083818;20002512;"BOTINA SEG;PT;FUJIWARA/90HVAMB600NUM38";BRCS;MR01;O.PURCHASE;0;R$ 0,00;R$ 0,00;Embu (SUL)
50083818;20002512;"BOTINA SEG;PT;FUJIWARA/90HVAMB600NUM38";BRCT;MR01;O.PURCHASE;8;R$ 156,84;R$ 1.254,72;Guarulhos
50083818;20002512;"BOTINA SEG;PT;FUJIWARA/90HVAMB600NUM38";BRCU;MR01;O.PURCHASE;1;R$ 173,00;R$ 173,00;Jaú
50083818;20002512;"BOTINA SEG;PT;FUJIWARA/90HVAMB600NUM38";BRCV;MR01;O.PURCHASE;0;R$ 0,00;R$ 0,00;Jundiai (SALTO)
50083818;20002512;"BOTINA SEG;PT;FUJIWARA/90HVAMB600NUM38";BRCX;MR01;O.PURCHASE;0;R$ 0,00;R$ 0,00;Mauá
50083818;20002512;"BOTINA SEG;PT;FUJIWARA/90HVAMB600NUM38";BRCY;MR01;O.PURCHASE;5;R$ 168,71;R$ 843,55;Mogi Mirim
50083818;20002512;"BOTINA SEG;PT;FUJIWARA/90HVAMB600NUM38";BRCZ;MR01;O.PURCHASE;3;R$ 132,64;R$ 397,93;Norte (Caieiras)
50083818;20002512;"BOTINA SEG;PT;FUJIWARA/90HVAMB600NUM38";BRD4;MR01;O.PURCHASE;8;R$ 105,82;R$ 846,52;Votorantim (SALTO)
50083818;20002512;"BOTINA SEG;PT;FUJIWARA/90HVAMB600NUM38";BRD7;MR01;O.PURCHASE;6;R$ 146,74;R$ 880,41;Litoral - Praia Grande
50083819;20002513;"BOTINA SEG;PT;FUJIWARA/90HVAMB600NUM39";BRCM;MR01;O.PURCHASE;5;R$ 112,10;R$ 560,50;Araçatuba
50083819;20002513;"BOTINA SEG;PT;FUJIWARA/90HVAMB600NUM39";BRCO;MR01;O.PURCHASE;7;R$ 162,15;R$ 1.135,03;Barueri
50083819;20002513;"BOTINA SEG;PT;FUJIWARA/90HVAMB600NUM39";BRCR;MR01;O.PURCHASE;2;R$ 151,07;R$ 302,13;Diadema
50083819;20002513;"BOTINA SEG;PT;FUJIWARA/90HVAMB600NUM39";BRCV;MR01;O.PURCHASE;0;R$ 0,00;R$ 0,00;Jundiai (SALTO)
50083819;20002513;"BOTINA SEG;PT;FUJIWARA/90HVAMB600NUM39";BRCX;MR01;O.PURCHASE;3;R$ 124,67;R$ 374,02;Mauá
50083819;20002513;"BOTINA SEG;PT;FUJIWARA/90HVAMB600NUM39";BRCY;MR01;O.PURCHASE;5;R$ 167,18;R$ 835,90;Mogi Mirim
50083819;20002513;"BOTINA SEG;PT;FUJIWARA/90HVAMB600NUM39";BRD0;MR01;O.PURCHASE;7;R$ 122,50;R$ 857,48;Presidente Prudente
50083819;20002513;"BOTINA SEG;PT;FUJIWARA/90HVAMB600NUM39";BRD3;MR01;O.PURCHASE;9;R$ 123,53;R$ 1.111,74;Suzano
50083819;20002513;"BOTINA SEG;PT;FUJIWARA/90HVAMB600NUM39";BRD5;MR01;O.PURCHASE;0;R$ 0,00;R$ 0,00;Taubaté
50083819;20002513;"BOTINA SEG;PT;FUJIWARA/90HVAMB600NUM39";BRD7;MR01;O.PURCHASE;4;R$ 161,56;R$ 646,22;Litoral - Praia Grande
50083820;20002514;"BOTINA SEG;PT;FUJIWARA/90HVAMB600NUM40";BRCM;MR01;O.PURCHASE;5;R$ 137,63;R$ 688,17;Araçatuba
50083820;20002514;"BOTINA SEG;PT;FUJIWARA/90HVAMB600NUM40";BRCN;MR01;O.PURCHASE;19;R$ 162,01;R$ 3.078,19;Araraquara
50083820;20002514;"BOTINA SEG;PT;FUJIWARA/90HVAMB600NUM40";BRCO;MR01;O.PURCHASE;18;R$ 165,28;R$ 2.974,97;Barueri
50083820;20002514;"BOTINA SEG;PT;FUJIWARA/90HVAMB600NUM40";BRCQ;MR01;O.PURCHASE;2;R$ 176,93;R$ 353,85;Campinas
50083820;20002514;"BOTINA SEG;PT;FUJIWARA/90HVAMB600NUM40";BRCR;MR01;O.PURCHASE;15;R$ 158,06;R$ 2.370,97;Diadema
50083820;20002514;"BOTINA SEG;PT;FUJIWARA/90HVAMB600NUM40";BRCS;MR01;O.PURCHASE;0;R$ 0,00;R$ 0,00;Embu (SUL)
50083820;20002514;"BOTINA SEG;PT;FUJIWARA/90HVAMB600NUM40";BRCT;MR01;O.PURCHASE;6;R$ 168,89;R$ 1.013,32;Guarulhos
50083820;20002514;"BOTINA SEG;PT;FUJIWARA/90HVAMB600NUM40";BRCU;MR01;O.PURCHASE;3;R$ 165,53;R$ 496,58;Jaú
50083820;20002514;"BOTINA SEG;PT;FUJIWARA/90HVAMB600NUM40";BRCV;MR01;O.PURCHASE;8;R$ 165,02;R$ 1.320,17;Jundiai (SALTO)
50083820;20002514;"BOTINA SEG;PT;FUJIWARA/90HVAMB600NUM40";BRCX;MR01;O.PURCHASE;7;R$ 154,00;R$ 1.077,97;Mauá
50083820;20002514;"BOTINA SEG;PT;FUJIWARA/90HVAMB600NUM40";BRCY;MR01;O.PURCHASE;6;R$ 147,54;R$ 885,26;Mogi Mirim
50083820;20002514;"BOTINA SEG;PT;FUJIWARA/90HVAMB600NUM40";BRD0;MR01;O.PURCHASE;2;R$ 148,93;R$ 297,86;Presidente Prudente
50083820;20002514;"BOTINA SEG;PT;FUJIWARA/90HVAMB600NUM40";BRD1;MR01;O.PURCHASE;8;R$ 167,90;R$ 1.343,22;Ribeirão Preto
50083820;20002514;"BOTINA SEG;PT;FUJIWARA/90HVAMB600NUM40";BRD2;MR01;O.PURCHASE;2;R$ 167,32;R$ 334,64;São José dos Campos
50083820;20002514;"BOTINA SEG;PT;FUJIWARA/90HVAMB600NUM40";BRD3;MR01;O.PURCHASE;7;R$ 167,55;R$ 1.172,84;Suzano
50083820;20002514;"BOTINA SEG;PT;FUJIWARA/90HVAMB600NUM40";BRD7;MR01;O.PURCHASE;9;R$ 183,41;R$ 1.650,68;Litoral - Praia Grande
50083821;20002515;"BOTINA SEG;PT;FUJIWARA/90HVAMB600NUM41";BRCM;MR01;O.PURCHASE;2;R$ 165,88;R$ 331,76;Araçatuba
50083821;20002515;"BOTINA SEG;PT;FUJIWARA/90HVAMB600NUM41";BRCN;MR01;O.PURCHASE;13;R$ 142,06;R$ 1.846,84;Araraquara
50083821;20002515;"BOTINA SEG;PT;FUJIWARA/90HVAMB600NUM41";BRCO;MR01;O.PURCHASE;6;R$ 164,27;R$ 985,63;Barueri
50083821;20002515;"BOTINA SEG;PT;FUJIWARA/90HVAMB600NUM41";BRCR;MR01;O.PURCHASE;7;R$ 163,25;R$ 1.142,78;Diadema
50083821;20002515;"BOTINA SEG;PT;FUJIWARA/90HVAMB600NUM41";BRCS;MR01;O.PURCHASE;2;R$ 127,19;R$ 254,37;Embu (SUL)
50083821;20002515;"BOTINA SEG;PT;FUJIWARA/90HVAMB600NUM41";BRCT;MR01;O.PURCHASE;9;R$ 165,51;R$ 1.489,59;Guarulhos
50083821;20002515;"BOTINA SEG;PT;FUJIWARA/90HVAMB600NUM41";BRCU;MR01;O.PURCHASE;4;R$ 141,31;R$ 565,25;Jaú
50083821;20002515;"BOTINA SEG;PT;FUJIWARA/90HVAMB600NUM41";BRCV;MR01;O.PURCHASE;4;R$ 141,28;R$ 565,10;Jundiai (SALTO)
50083821;20002515;"BOTINA SEG;PT;FUJIWARA/90HVAMB600NUM41";BRCX;MR01;O.PURCHASE;0;R$ 0,00;R$ 0,00;Mauá
50083821;20002515;"BOTINA SEG;PT;FUJIWARA/90HVAMB600NUM41";BRCY;MR01;O.PURCHASE;5;R$ 170,89;R$ 854,45;Mogi Mirim
50083821;20002515;"BOTINA SEG;PT;FUJIWARA/90HVAMB600NUM41";BRD0;MR01;O.PURCHASE;0;R$ 0,00;R$ 0,00;Presidente Prudente
50083821;20002515;"BOTINA SEG;PT;FUJIWARA/90HVAMB600NUM41";BRD1;MR01;O.PURCHASE;2;R$ 159,88;R$ 319,75;Ribeirão Preto
50083821;20002515;"BOTINA SEG;PT;FUJIWARA/90HVAMB600NUM41";BRD2;MR01;O.PURCHASE;4;R$ 194,86;R$ 779,45;São José dos Campos
50083821;20002515;"BOTINA SEG;PT;FUJIWARA/90HVAMB600NUM41";BRD3;MR01;O.PURCHASE;12;R$ 170,93;R$ 2.051,13;Suzano
50083821;20002515;"BOTINA SEG;PT;FUJIWARA/90HVAMB600NUM41";BRD7;MR01;O.PURCHASE;8;R$ 166,19;R$ 1.329,51;Litoral - Praia Grande
50083822;20002516;"BOTINA SEG;PT;FUJIWARA/90HVAMB600NUM42";BRCM;MR01;O.PURCHASE;3;R$ 144,58;R$ 433,75;Araçatuba
50083822;20002516;"BOTINA SEG;PT;FUJIWARA/90HVAMB600NUM42";BRCN;MR01;O.PURCHASE;9;R$ 147,92;R$ 1.331,29;Araraquara
50083822;20002516;"BOTINA SEG;PT;FUJIWARA/90HVAMB600NUM42";BRCQ;MR01;O.PURCHASE;7;R$ 164,22;R$ 1.149,57;Campinas
50083822;20002516;"BOTINA SEG;PT;FUJIWARA/90HVAMB600NUM42";BRCR;MR01;O.PURCHASE;5;R$ 147,30;R$ 736,48;Diadema
50083822;20002516;"BOTINA SEG;PT;FUJIWARA/90HVAMB600NUM42";BRCS;MR01;O.PURCHASE;2;R$ 114,74;R$ 229,47;Embu (SUL)
50083822;20002516;"BOTINA SEG;PT;FUJIWARA/90HVAMB600NUM42";BRCT;MR01;O.PURCHASE;3;R$ 159,85;R$ 479,56;Guarulhos
50083822;20002516;"BOTINA SEG;PT;FUJIWARA/90HVAMB600NUM42";BRCU;MR01;O.PURCHASE;1;R$ 173,01;R$ 173,01;Jaú
50083822;20002516;"BOTINA SEG;PT;FUJIWARA/90HVAMB600NUM42";BRCV;MR01;O.PURCHASE;7;R$ 178,63;R$ 1.250,42;Jundiai (SALTO)
50083822;20002516;"BOTINA SEG;PT;FUJIWARA/90HVAMB600NUM42";BRCX;MR01;O.PURCHASE;5;R$ 159,77;R$ 798,86;Mauá
50083822;20002516;"BOTINA SEG;PT;FUJIWARA/90HVAMB600NUM42";BRCY;MR01;O.PURCHASE;5;R$ 170,89;R$ 854,45;Mogi Mirim
50083822;20002516;"BOTINA SEG;PT;FUJIWARA/90HVAMB600NUM42";BRD0;MR01;O.PURCHASE;3;R$ 148,93;R$ 446,80;Presidente Prudente
50083822;20002516;"BOTINA SEG;PT;FUJIWARA/90HVAMB600NUM42";BRD1;MR01;O.PURCHASE;9;R$ 145,30;R$ 1.307,67;Ribeirão Preto
50083822;20002516;"BOTINA SEG;PT;FUJIWARA/90HVAMB600NUM42";BRD2;MR01;O.PURCHASE;4;R$ 172,77;R$ 691,09;São José dos Campos
50083822;20002516;"BOTINA SEG;PT;FUJIWARA/90HVAMB600NUM42";BRD3;MR01;O.PURCHASE;5;R$ 164,21;R$ 821,06;Suzano
50083822;20002516;"BOTINA SEG;PT;FUJIWARA/90HVAMB600NUM42";BRD5;MR01;O.PURCHASE;4;R$ 128,27;R$ 513,06;Taubaté
50083822;20002516;"BOTINA SEG;PT;FUJIWARA/90HVAMB600NUM42";BRD7;MR01;O.PURCHASE;2;R$ 167,81;R$ 335,61;Litoral - Praia Grande
50083823;20002517;"BOTINA SEG;PT;FUJIWARA/90HVAMB600NUM43";BRCM;MR01;O.PURCHASE;3;R$ 138,50;R$ 415,49;Araçatuba
50083823;20002517;"BOTINA SEG;PT;FUJIWARA/90HVAMB600NUM43";BRCN;MR01;O.PURCHASE;0;R$ 0,00;R$ 0,00;Araraquara
50083823;20002517;"BOTINA SEG;PT;FUJIWARA/90HVAMB600NUM43";BRCO;MR01;O.PURCHASE;1;R$ 168,92;R$ 168,92;Barueri
50083823;20002517;"BOTINA SEG;PT;FUJIWARA/90HVAMB600NUM43";BRCQ;MR01;O.PURCHASE;2;R$ 219,74;R$ 439,47;Campinas
50083823;20002517;"BOTINA SEG;PT;FUJIWARA/90HVAMB600NUM43";BRCR;MR01;O.PURCHASE;2;R$ 121,98;R$ 243,95;Diadema
50083823;20002517;"BOTINA SEG;PT;FUJIWARA/90HVAMB600NUM43";BRCS;MR01;O.PURCHASE;4;R$ 119,24;R$ 476,96;Embu (SUL)
50083823;20002517;"BOTINA SEG;PT;FUJIWARA/90HVAMB600NUM43";BRCT;MR01;O.PURCHASE;8;R$ 164,14;R$ 1.313,11;Guarulhos
50083823;20002517;"BOTINA SEG;PT;FUJIWARA/90HVAMB600NUM43";BRCU;MR01;O.PURCHASE;0;R$ 0,00;R$ 0,00;Jaú
50083823;20002517;"BOTINA SEG;PT;FUJIWARA/90HVAMB600NUM43";BRCV;MR01;O.PURCHASE;15;R$ 140,50;R$ 2.107,47;Jundiai (SALTO)
50083823;20002517;"BOTINA SEG;PT;FUJIWARA/90HVAMB600NUM43";BRCX;MR01;O.PURCHASE;12;R$ 136,23;R$ 1.634,75;Mauá
50083823;20002517;"BOTINA SEG;PT;FUJIWARA/90HVAMB600NUM43";BRCY;MR01;O.PURCHASE;5;R$ 170,89;R$ 854,45;Mogi Mirim
50083823;20002517;"BOTINA SEG;PT;FUJIWARA/90HVAMB600NUM43";BRD0;MR01;O.PURCHASE;1;R$ 140,28;R$ 140,28;Presidente Prudente
50083823;20002517;"BOTINA SEG;PT;FUJIWARA/90HVAMB600NUM43";BRD2;MR01;O.PURCHASE;0;R$ 0,00;R$ 0,00;São José dos Campos
50083823;20002517;"BOTINA SEG;PT;FUJIWARA/90HVAMB600NUM43";BRD3;MR01;O.PURCHASE;5;R$ 123,42;R$ 617,12;Suzano
50083823;20002517;"BOTINA SEG;PT;FUJIWARA/90HVAMB600NUM43";BRD5;MR01;O.PURCHASE;0;R$ 0,00;R$ 0,00;Taubaté
50083823;20002517;"BOTINA SEG;PT;FUJIWARA/90HVAMB600NUM43";BRD7;MR01;O.PURCHASE;14;R$ 164,58;R$ 2.304,08;Litoral - Praia Grande
50083824;20002518;"BOTINA SEG;PT;FUJIWARA/90HVAMB600NUM44";BRCM;MR01;O.PURCHASE;5;R$ 105,46;R$ 527,28;Araçatuba
50083824;20002518;"BOTINA SEG;PT;FUJIWARA/90HVAMB600NUM44";BRCN;MR01;O.PURCHASE;1;R$ 148,14;R$ 148,14;Araraquara
50083824;20002518;"BOTINA SEG;PT;FUJIWARA/90HVAMB600NUM44";BRCO;MR01;O.PURCHASE;12;R$ 109,81;R$ 1.317,66;Barueri
50083824;20002518;"BOTINA SEG;PT;FUJIWARA/90HVAMB600NUM44";BRCQ;MR01;O.PURCHASE;0;R$ 0,00;R$ 0,00;Campinas
50083824;20002518;"BOTINA SEG;PT;FUJIWARA/90HVAMB600NUM44";BRCR;MR01;O.PURCHASE;6;R$ 120,01;R$ 720,05;Diadema
50083824;20002518;"BOTINA SEG;PT;FUJIWARA/90HVAMB600NUM44";BRCS;MR01;O.PURCHASE;0;R$ 0,00;R$ 0,00;Embu (SUL)
50083824;20002518;"BOTINA SEG;PT;FUJIWARA/90HVAMB600NUM44";BRCU;MR01;O.PURCHASE;2;R$ 125,62;R$ 251,23;Jaú
50083824;20002518;"BOTINA SEG;PT;FUJIWARA/90HVAMB600NUM44";BRCV;MR01;O.PURCHASE;0;R$ 0,00;R$ 0,00;Jundiai (SALTO)
50083824;20002518;"BOTINA SEG;PT;FUJIWARA/90HVAMB600NUM44";BRCY;MR01;O.PURCHASE;3;R$ 161,13;R$ 483,39;Mogi Mirim
50083824;20002518;"BOTINA SEG;PT;FUJIWARA/90HVAMB600NUM44";BRD0;MR01;O.PURCHASE;4;R$ 156,39;R$ 625,54;Presidente Prudente
50083824;20002518;"BOTINA SEG;PT;FUJIWARA/90HVAMB600NUM44";BRD1;MR01;O.PURCHASE;0;R$ 0,00;R$ 0,00;Ribeirão Preto
50083824;20002518;"BOTINA SEG;PT;FUJIWARA/90HVAMB600NUM44";BRD3;MR01;O.PURCHASE;2;R$ 113,26;R$ 226,52;Suzano
50083824;20002518;"BOTINA SEG;PT;FUJIWARA/90HVAMB600NUM44";BRD4;MR01;O.PURCHASE;0;R$ 0,00;R$ 0,00;Votorantim (SALTO)
50083824;20002518;"BOTINA SEG;PT;FUJIWARA/90HVAMB600NUM44";BRD5;MR01;O.PURCHASE;0;R$ 0,00;R$ 0,00;Taubaté
50083824;20002518;"BOTINA SEG;PT;FUJIWARA/90HVAMB600NUM44";BRD7;MR01;O.PURCHASE;1;R$ 138,41;R$ 138,41;Litoral - Praia Grande
50083825;20002519;"BOTINA SEG;PT;FUJIWARA/90HVAMB600NUM45";BRCM;MR01;O.PURCHASE;0;R$ 0,00;R$ 0,00;Araçatuba
50083825;20002519;"BOTINA SEG;PT;FUJIWARA/90HVAMB600NUM45";BRCN;MR01;O.PURCHASE;2;R$ 186,14;R$ 372,28;Araraquara
50083825;20002519;"BOTINA SEG;PT;FUJIWARA/90HVAMB600NUM45";BRCO;MR01;O.PURCHASE;8;R$ 92,07;R$ 736,56;Barueri
50083825;20002519;"BOTINA SEG;PT;FUJIWARA/90HVAMB600NUM45";BRCQ;MR01;O.PURCHASE;10;R$ 143,91;R$ 1.439,14;Campinas
50083825;20002519;"BOTINA SEG;PT;FUJIWARA/90HVAMB600NUM45";BRCS;MR01;O.PURCHASE;2;R$ 106,36;R$ 212,72;Embu (SUL)
50083825;20002519;"BOTINA SEG;PT;FUJIWARA/90HVAMB600NUM45";BRCT;MR01;O.PURCHASE;1;R$ 97,38;R$ 97,38;Guarulhos
50083825;20002519;"BOTINA SEG;PT;FUJIWARA/90HVAMB600NUM45";BRCY;MR01;O.PURCHASE;5;R$ 113,57;R$ 567,85;Mogi Mirim
50083825;20002519;"BOTINA SEG;PT;FUJIWARA/90HVAMB600NUM45";BRD0;MR01;O.PURCHASE;5;R$ 124,22;R$ 621,11;Presidente Prudente
50083825;20002519;"BOTINA SEG;PT;FUJIWARA/90HVAMB600NUM45";BRD3;MR01;O.PURCHASE;1;R$ 108,19;R$ 108,19;Suzano
50083825;20002519;"BOTINA SEG;PT;FUJIWARA/90HVAMB600NUM45";BRD4;MR01;O.PURCHASE;0;R$ 0,00;R$ 0,00;Votorantim (SALTO)
50083825;20002519;"BOTINA SEG;PT;FUJIWARA/90HVAMB600NUM45";BRD7;MR01;O.PURCHASE;9;R$ 144,51;R$ 1.300,58;Litoral - Praia Grande
50083841;0;"TENIS SEG;NUM 46;FUJIWARA/90HTT600NUM46";BRCM;MR01;O.PURCHASE;0;R$ 0,00;R$ 0,00;Araçatuba
50083841;0;"TENIS SEG;NUM 46;FUJIWARA/90HTT600NUM46";BRCT;MR01;O.PURCHASE;1;R$ 44,67;R$ 44,67;Guarulhos
50083844;20002562;CAMISA REPOSITOR AZUL M/C - TAM. PP;BRCV;MR01;O.PURCHASE;48,000;R$ 54,31;R$ 2.606,93;Jundiai (SALTO)
50083844;20002562;CAMISA REPOSITOR AZUL M/C - TAM. PP;BRCY;MR01;O.PURCHASE;3,000;R$ 41,04;R$ 123,11;Mogi Mirim
50083844;20002562;CAMISA REPOSITOR AZUL M/C - TAM. PP;BRD4;MR01;O.PURCHASE;17,000;R$ 80,51;R$ 1.368,68;Votorantim (SALTO)
50083844;20002562;CAMISA REPOSITOR AZUL M/C - TAM. PP;BRD5;MR01;O.PURCHASE;0;R$ 0,00;R$ 0,00;Taubaté
50083844;20002562;CAMISA REPOSITOR AZUL M/C - TAM. PP;BRD7;MR01;O.PURCHASE;0;R$ 0,00;R$ 0,00;Litoral - Praia Grande
50083845;20002563;CAMISA REPOSITOR AZUL M/C - TAM. P;BRCO;MR01;O.PURCHASE;0;R$ 0,00;R$ 0,00;Barueri
50083845;20002563;CAMISA REPOSITOR AZUL M/C - TAM. P;BRCQ;MR01;O.PURCHASE;0;R$ 0,00;R$ 0,00;Campinas
50083845;20002563;CAMISA REPOSITOR AZUL M/C - TAM. P;BRD0;MR01;O.PURCHASE;5,000;R$ 123,47;R$ 617,37;Presidente Prudente
50083845;20002563;CAMISA REPOSITOR AZUL M/C - TAM. P;BRD4;MR01;O.PURCHASE;0;R$ 0,00;R$ 0,00;Votorantim (SALTO)
50083845;20002563;CAMISA REPOSITOR AZUL M/C - TAM. P;BRD5;MR01;O.PURCHASE;0;R$ 0,00;R$ 0,00;Taubaté
50083845;20002563;CAMISA REPOSITOR AZUL M/C - TAM. P;BRD7;MR01;O.PURCHASE;0;R$ 0,00;R$ 0,00;Litoral - Praia Grande
50083846;20002564;CAMISA REPOSITOR AZUL M/C - TAM. M;BRCM;MR01;O.PURCHASE;18,000;R$ 44,67;R$ 803,98;Araçatuba
50083846;20002564;CAMISA REPOSITOR AZUL M/C - TAM. M;BRCQ;MR01;O.PURCHASE;4,000;R$ 44,67;R$ 178,66;Campinas
50083846;20002564;CAMISA REPOSITOR AZUL M/C - TAM. M;BRCX;MR01;O.PURCHASE;1,000;R$ 93,22;R$ 93,22;Mauá
50083846;20002564;CAMISA REPOSITOR AZUL M/C - TAM. M;BRD0;MR01;O.PURCHASE;4,000;R$ 148,09;R$ 592,35;Presidente Prudente
50083846;20002564;CAMISA REPOSITOR AZUL M/C - TAM. M;BRD4;MR01;O.PURCHASE;0;R$ 0,00;R$ 0,00;Votorantim (SALTO)
50083846;20002564;CAMISA REPOSITOR AZUL M/C - TAM. M;BRD5;MR01;O.PURCHASE;0;R$ 0,00;R$ 0,00;Taubaté
50083847;20002565;CAMISA REPOSITOR AZUL M/C - TAM. GG;BRCT;MR01;O.PURCHASE;5,000;R$ 163,44;R$ 817,18;Guarulhos
50083847;20002565;CAMISA REPOSITOR AZUL M/C - TAM. GG;BRCV;MR01;O.PURCHASE;0;R$ 0,00;R$ 0,00;Jundiai (SALTO)
50083847;20002565;CAMISA REPOSITOR AZUL M/C - TAM. GG;BRCX;MR01;O.PURCHASE;5,000;R$ 83,05;R$ 415,27;Mauá
50083847;20002565;CAMISA REPOSITOR AZUL M/C - TAM. GG;BRD0;MR01;O.PURCHASE;3,000;R$ 66,18;R$ 198,53;Presidente Prudente
50083847;20002565;CAMISA REPOSITOR AZUL M/C - TAM. GG;BRD4;MR01;O.PURCHASE;0;R$ 0,00;R$ 0,00;Votorantim (SALTO)
50083847;20002565;CAMISA REPOSITOR AZUL M/C - TAM. GG;BRD5;MR01;O.PURCHASE;0;R$ 0,00;R$ 0,00;Taubaté
50083848;20002566;CAMISA REPOSITOR AZUL M/C - TAM. G;BRCM;MR01;O.PURCHASE;2,000;R$ 95,97;R$ 191,93;Araçatuba
50083848;20002566;CAMISA REPOSITOR AZUL M/C - TAM. G;BRCQ;MR01;O.PURCHASE;1,000;R$ 44,66;R$ 44,66;Campinas
50083848;20002566;CAMISA REPOSITOR AZUL M/C - TAM. G;BRCT;MR01;O.PURCHASE;7,000;R$ 132,26;R$ 925,85;Guarulhos
50083848;20002566;CAMISA REPOSITOR AZUL M/C - TAM. G;BRCX;MR01;O.PURCHASE;0;R$ 0,00;R$ 0,00;Mauá
50083848;20002566;CAMISA REPOSITOR AZUL M/C - TAM. G;BRD5;MR01;O.PURCHASE;0;R$ 0,00;R$ 0,00;Taubaté
50083849;20002567;CAMISA REPOSITOR AZUL M/C - TAM. EG;BRCS;MR01;O.PURCHASE;12,000;R$ 81,11;R$ 973,27;Embu (SUL)
50083849;20002567;CAMISA REPOSITOR AZUL M/C - TAM. EG;BRCT;MR01;O.PURCHASE;3,000;R$ 98,15;R$ 294,46;Guarulhos
50083849;20002567;CAMISA REPOSITOR AZUL M/C - TAM. EG;BRCX;MR01;O.PURCHASE;7,000;R$ 96,20;R$ 673,39;Mauá
50083849;20002567;CAMISA REPOSITOR AZUL M/C - TAM. EG;BRCZ;MR01;O.PURCHASE;0;R$ 0,00;R$ 0,00;Norte (Caieiras)
50083849;20002567;CAMISA REPOSITOR AZUL M/C - TAM. EG;BRD0;MR01;O.PURCHASE;3,000;R$ 104,10;R$ 312,31;Presidente Prudente
50083849;20002567;CAMISA REPOSITOR AZUL M/C - TAM. EG;BRD5;MR01;O.PURCHASE;0;R$ 0,00;R$ 0,00;Taubaté
50083849;20002567;CAMISA REPOSITOR AZUL M/C - TAM. EG;BRD7;MR01;O.PURCHASE;9,000;R$ 58,89;R$ 530,05;Litoral - Praia Grande
50083884;20002635;"CAMISA;FEM;SEMPRIGUAL;CZ;TAM M;MANG CURT";BRCM;MR01;O.PURCHASE;5,000;R$ 74,94;R$ 374,70;Araçatuba
50083886;20002637;"CAMISA;FEM;SEMPRIGUAL;CZ;TAM G;MANG CURT";BRCM;MR01;O.PURCHASE;2,000;R$ 74,94;R$ 149,88;Araçatuba
50083887;20002638;"CAMISA;FEMININA SUPERV; EG";BRCM;MR01;O.PURCHASE;5,000;R$ 128,19;R$ 640,93;Araçatuba
50083888;20002639;"CAMISA;FEM;SEMPRIGUAL;CZ;TAM GG;MC";BRCM;MR01;O.PURCHASE;5,000;R$ 118,16;R$ 590,82;Araçatuba
50083889;20002643;CAMISA REPOSITOR AZUL M/L - TAM. GG;BRCM;MR01;O.PURCHASE;13,000;R$ 32,79;R$ 426,32;Araçatuba
50083889;20002643;CAMISA REPOSITOR AZUL M/L - TAM. GG;BRD7;MR01;O.PURCHASE;0;R$ 0,00;R$ 0,00;Litoral - Praia Grande
50083890;20002644;CAMISA REPOSITOR AZUL M/L - TAM. P;BRD7;MR01;O.PURCHASE;7,000;R$ 38,47;R$ 269,32;Litoral - Praia Grande
50083893;20002647;CAMISA REPOSITOR AZUL M/L - TAM. EG;BRCS;MR01;O.PURCHASE;5,000;R$ 37,01;R$ 185,07;Embu (SUL)
50083893;20002647;CAMISA REPOSITOR AZUL M/L - TAM. EG;BRD7;MR01;O.PURCHASE;17,000;R$ 36,62;R$ 622,59;Litoral - Praia Grande
50083895;0;"BOTINA SEG;NUM 35;FUJIWARA/90HBS20035";BRD1;MR01;O.PURCHASE;4;R$ 67,57;R$ 270,28;Ribeirão Preto
50083896;0;"BOTINA SEG;NUM 36;FUJIWARA/90HBS20036";BRCM;MR01;O.PURCHASE;1;R$ 71,50;R$ 71,50;Araçatuba
50083896;0;"BOTINA SEG;NUM 36;FUJIWARA/90HBS20036";BRD0;MR01;O.PURCHASE;2;R$ 101,62;R$ 203,23;Presidente Prudente
50083896;0;"BOTINA SEG;NUM 36;FUJIWARA/90HBS20036";BRD1;MR01;O.PURCHASE;7;R$ 74,64;R$ 522,48;Ribeirão Preto
50083896;0;"BOTINA SEG;NUM 36;FUJIWARA/90HBS20036";BRD5;MR01;O.PURCHASE;0;R$ 0,00;R$ 0,00;Taubaté
50083899;20002670;"BOTINA SEG;NUM 39;FUJIWARA/90HBS20039";BRCM;MR01;O.PURCHASE;9;R$ 78,39;R$ 705,48;Araçatuba
50083899;20002670;"BOTINA SEG;NUM 39;FUJIWARA/90HBS20039";BRCN;MR01;O.PURCHASE;0;R$ 0,00;R$ 0,00;Araraquara
50083899;20002670;"BOTINA SEG;NUM 39;FUJIWARA/90HBS20039";BRCQ;MR01;O.PURCHASE;4;R$ 118,46;R$ 473,83;Campinas
50083899;20002670;"BOTINA SEG;NUM 39;FUJIWARA/90HBS20039";BRCU;MR01;O.PURCHASE;3;R$ 125,31;R$ 375,92;Jaú
50083899;20002670;"BOTINA SEG;NUM 39;FUJIWARA/90HBS20039";BRCX;MR01;O.PURCHASE;5;R$ 47,71;R$ 238,53;Mauá
50083899;20002670;"BOTINA SEG;NUM 39;FUJIWARA/90HBS20039";BRCY;MR01;O.IMPORTED;0;R$ 0,00;R$ 0,00;Mogi Mirim
50083899;20002670;"BOTINA SEG;NUM 39;FUJIWARA/90HBS20039";BRD0;MR01;O.PURCHASE;8;R$ 75,54;R$ 604,33;Presidente Prudente
50083899;20002670;"BOTINA SEG;NUM 39;FUJIWARA/90HBS20039";BRD1;MR01;O.IMPORTED;0;R$ 0,00;R$ 0,00;Ribeirão Preto
50083899;20002670;"BOTINA SEG;NUM 39;FUJIWARA/90HBS20039";BRD1;MR01;O.PURCHASE;0;R$ 0,00;R$ 0,00;Ribeirão Preto
50083900;20002671;"BOTINA SEG;NUM 40;FUJIWARA/90HBS20040";BRCN;MR01;O.PURCHASE;0;R$ 0,00;R$ 0,00;Araraquara
50083900;20002671;"BOTINA SEG;NUM 40;FUJIWARA/90HBS20040";BRCR;MR01;O.PURCHASE;0;R$ 0,00;R$ 0,00;Diadema
50083900;20002671;"BOTINA SEG;NUM 40;FUJIWARA/90HBS20040";BRCU;MR01;O.PURCHASE;5;R$ 80,39;R$ 401,97;Jaú
50083900;20002671;"BOTINA SEG;NUM 40;FUJIWARA/90HBS20040";BRCZ;MR01;O.PURCHASE;5;R$ 72,30;R$ 361,52;Norte (Caieiras)
50083900;20002671;"BOTINA SEG;NUM 40;FUJIWARA/90HBS20040";BRD0;MR01;O.PURCHASE;11;R$ 84,57;R$ 930,24;Presidente Prudente
50083900;20002671;"BOTINA SEG;NUM 40;FUJIWARA/90HBS20040";BRD1;MR01;O.PURCHASE;0;R$ 0,00;R$ 0,00;Ribeirão Preto
50083900;20002671;"BOTINA SEG;NUM 40;FUJIWARA/90HBS20040";BRD7;MR01;O.PURCHASE;8;R$ 98,58;R$ 788,61;Litoral - Praia Grande
50083901;20002672;"BOTINA SEG;PT;41;PU;FUJIWARA/90HBS20041";BRD7;MR01;O.PURCHASE;1;R$ 129,24;R$ 129,24;Litoral - Praia Grande
50083902;20002673;"BOTINA SEG;NUM 42;FUJIWARA/90HBS20042";BRCM;MR01;O.PURCHASE;8;R$ 74,09;R$ 592,73;Araçatuba
50083902;20002673;"BOTINA SEG;NUM 42;FUJIWARA/90HBS20042";BRCZ;MR01;O.PURCHASE;4;R$ 75,07;R$ 300,28;Norte (Caieiras)
50083902;20002673;"BOTINA SEG;NUM 42;FUJIWARA/90HBS20042";BRD0;MR01;O.PURCHASE;6;R$ 70,47;R$ 422,84;Presidente Prudente
50083902;20002673;"BOTINA SEG;NUM 42;FUJIWARA/90HBS20042";BRD7;MR01;O.PURCHASE;7;R$ 92,50;R$ 647,53;Litoral - Praia Grande
50083903;20002674;"BOTINA SEG;NUM 43;FUJIWARA/90HBS20043";BRCM;MR01;O.PURCHASE;6;R$ 76,05;R$ 456,28;Araçatuba
50083903;20002674;"BOTINA SEG;NUM 43;FUJIWARA/90HBS20043";BRCU;MR01;O.PURCHASE;12;R$ 105,50;R$ 1.265,98;Jaú
50083903;20002674;"BOTINA SEG;NUM 43;FUJIWARA/90HBS20043";BRCZ;MR01;O.PURCHASE;6;R$ 79,38;R$ 476,29;Norte (Caieiras)
50083903;20002674;"BOTINA SEG;NUM 43;FUJIWARA/90HBS20043";BRD0;MR01;O.PURCHASE;5;R$ 77,68;R$ 388,42;Presidente Prudente
50083903;20002674;"BOTINA SEG;NUM 43;FUJIWARA/90HBS20043";BRD1;MR01;O.PURCHASE;0;R$ 0,00;R$ 0,00;Ribeirão Preto
50083904;20002675;"BOTINA SEG;NUM 44;FUJIWARA/90HBS20044";BRCM;MR01;O.PURCHASE;5;R$ 71,99;R$ 359,94;Araçatuba
50083904;20002675;"BOTINA SEG;NUM 44;FUJIWARA/90HBS20044";BRCR;MR01;O.PURCHASE;3;R$ 83,18;R$ 249,54;Diadema
50083904;20002675;"BOTINA SEG;NUM 44;FUJIWARA/90HBS20044";BRCU;MR01;O.PURCHASE;5;R$ 109,54;R$ 547,70;Jaú
50083904;20002675;"BOTINA SEG;NUM 44;FUJIWARA/90HBS20044";BRCZ;MR01;O.PURCHASE;4;R$ 44,93;R$ 179,73;Norte (Caieiras)
50083904;20002675;"BOTINA SEG;NUM 44;FUJIWARA/90HBS20044";BRD0;MR01;O.PURCHASE;6;R$ 76,74;R$ 460,41;Presidente Prudente
50083904;20002675;"BOTINA SEG;NUM 44;FUJIWARA/90HBS20044";BRD1;MR01;O.PURCHASE;0;R$ 0,00;R$ 0,00;Ribeirão Preto
50083905;20002676;"BOTINA SEG;NUM 45;FUJIWARA/90HBS20045";BRCN;MR01;O.PURCHASE;4;R$ 121,48;R$ 485,90;Araraquara
50083905;20002676;"BOTINA SEG;NUM 45;FUJIWARA/90HBS20045";BRCZ;MR01;O.PURCHASE;3;R$ 47,91;R$ 143,74;Norte (Caieiras)
50083905;20002676;"BOTINA SEG;NUM 45;FUJIWARA/90HBS20045";BRD0;MR01;O.PURCHASE;1;R$ 73,57;R$ 73,57;Presidente Prudente
50083905;20002676;"BOTINA SEG;NUM 45;FUJIWARA/90HBS20045";BRD1;MR01;O.PURCHASE;0;R$ 0,00;R$ 0,00;Ribeirão Preto
50083905;20002676;"BOTINA SEG;NUM 45;FUJIWARA/90HBS20045";BRD5;MR01;O.PURCHASE;0;R$ 0,00;R$ 0,00;Taubaté
50083906;20002677;"BOTINA SEG;NUM 46;FUJIWARA/90HBS20046";BRCM;MR01;O.PURCHASE;1;R$ 80,63;R$ 80,63;Araçatuba
50083906;20002677;"BOTINA SEG;NUM 46;FUJIWARA/90HBS20046";BRCZ;MR01;O.PURCHASE;3;R$ 47,91;R$ 143,74;Norte (Caieiras)
50083906;20002677;"BOTINA SEG;NUM 46;FUJIWARA/90HBS20046";BRD1;MR01;O.PURCHASE;2;R$ 68,18;R$ 136,36;Ribeirão Preto
50083907;20002678;"BOTA SEG;MR;S/BIQ;FUJIWARA/90HVAMB60046";BRCV;MR01;O.PURCHASE;0;R$ 0,00;R$ 0,00;Jundiai (SALTO)
50083907;20002678;"BOTA SEG;MR;S/BIQ;FUJIWARA/90HVAMB60046";BRCZ;MR01;O.PURCHASE;0;R$ 0,00;R$ 0,00;Norte (Caieiras)
50083967;0;"LUVA SEG;PE REVEST PU;COR CZ;TAM 6";BRCM;MR01;O.IMPORTED;9;R$ 45,94;R$ 413,44;Araçatuba
50083967;0;"LUVA SEG;PE REVEST PU;COR CZ;TAM 6";BRCO;MR01;O.IMPORTED;20;R$ 45,88;R$ 917,67;Barueri
50083967;0;"LUVA SEG;PE REVEST PU;COR CZ;TAM 6";BRCV;MR01;O.IMPORTED;0;R$ 0,00;R$ 0,00;Jundiai (SALTO)
50083968;0;"LUVA SEG;PE REVEST PU;COR CZ;TAM 7";BRCV;MR01;O.IMPORTED;0;R$ 0,00;R$ 0,00;Jundiai (SALTO)
50083980;20002800;"BOTINA SEG;PT;50B19CPAPHIDROFUGADONUM35";BRCS;MR01;O.PURCHASE;1;R$ 90,47;R$ 90,47;Embu (SUL)
50083980;20002800;"BOTINA SEG;PT;50B19CPAPHIDROFUGADONUM35";BRCV;MR01;O.PURCHASE;7;R$ 105,32;R$ 737,25;Jundiai (SALTO)
50083980;20002800;"BOTINA SEG;PT;50B19CPAPHIDROFUGADONUM35";BRCX;MR01;O.IMPORTED;0;R$ 0,00;R$ 0,00;Mauá
50083980;20002800;"BOTINA SEG;PT;50B19CPAPHIDROFUGADONUM35";BRCX;MR01;O.PURCHASE;2;R$ 139,75;R$ 279,50;Mauá
50083980;20002800;"BOTINA SEG;PT;50B19CPAPHIDROFUGADONUM35";BRD0;MR01;O.IMPORTED;5;R$ 64,39;R$ 321,97;Presidente Prudente
50083980;20002800;"BOTINA SEG;PT;50B19CPAPHIDROFUGADONUM35";BRD0;MR01;O.PURCHASE;4;R$ 97,94;R$ 391,75;Presidente Prudente
50083980;20002800;"BOTINA SEG;PT;50B19CPAPHIDROFUGADONUM35";BRD1;MR01;O.PURCHASE;0;R$ 0,00;R$ 0,00;Ribeirão Preto
50083980;20002800;"BOTINA SEG;PT;50B19CPAPHIDROFUGADONUM35";BRD2;MR01;O.PURCHASE;0;R$ 0,00;R$ 0,00;São José dos Campos
50083980;20002800;"BOTINA SEG;PT;50B19CPAPHIDROFUGADONUM35";BRD3;MR01;O.PURCHASE;3;R$ 111,07;R$ 333,20;Suzano
50083980;20002800;"BOTINA SEG;PT;50B19CPAPHIDROFUGADONUM35";BRD5;MR01;O.IMPORTED;0;R$ 0,00;R$ 0,00;Taubaté
50083980;20002800;"BOTINA SEG;PT;50B19CPAPHIDROFUGADONUM35";BRD7;MR01;O.PURCHASE;14;R$ 74,36;R$ 1.041,06;Litoral - Praia Grande
50083981;20002801;"BOTINA SEG;PT;50B19CPAPHIDROFUGADONUM36";BRCM;MR01;O.PURCHASE;11;R$ 75,30;R$ 828,26;Araçatuba
50083981;20002801;"BOTINA SEG;PT;50B19CPAPHIDROFUGADONUM36";BRCN;MR01;O.PURCHASE;31;R$ 75,06;R$ 2.326,71;Araraquara
50083981;20002801;"BOTINA SEG;PT;50B19CPAPHIDROFUGADONUM36";BRCQ;MR01;O.PURCHASE;0;R$ 0,00;R$ 0,00;Campinas
50083981;20002801;"BOTINA SEG;PT;50B19CPAPHIDROFUGADONUM36";BRCT;MR01;O.PURCHASE;0;R$ 0,00;R$ 0,00;Guarulhos
50083981;20002801;"BOTINA SEG;PT;50B19CPAPHIDROFUGADONUM36";BRCV;MR01;O.PURCHASE;6;R$ 101,15;R$ 606,91;Jundiai (SALTO)
50083981;20002801;"BOTINA SEG;PT;50B19CPAPHIDROFUGADONUM36";BRCX;MR01;O.PURCHASE;8;R$ 75,84;R$ 606,75;Mauá
50083981;20002801;"BOTINA SEG;PT;50B19CPAPHIDROFUGADONUM36";BRD1;MR01;O.PURCHASE;1;R$ 37,18;R$ 37,18;Ribeirão Preto
50083981;20002801;"BOTINA SEG;PT;50B19CPAPHIDROFUGADONUM36";BRD2;MR01;O.PURCHASE;0;R$ 0,00;R$ 0,00;São José dos Campos
50083981;20002801;"BOTINA SEG;PT;50B19CPAPHIDROFUGADONUM36";BRD3;MR01;O.PURCHASE;2;R$ 114,25;R$ 228,50;Suzano
50083981;20002801;"BOTINA SEG;PT;50B19CPAPHIDROFUGADONUM36";BRD4;MR01;O.PURCHASE;0;R$ 0,00;R$ 0,00;Votorantim (SALTO)
50083981;20002801;"BOTINA SEG;PT;50B19CPAPHIDROFUGADONUM36";BRD5;MR01;O.PURCHASE;0;R$ 0,00;R$ 0,00;Taubaté
50083981;20002801;"BOTINA SEG;PT;50B19CPAPHIDROFUGADONUM36";BRD7;MR01;O.PURCHASE;17;R$ 75,04;R$ 1.275,63;Litoral - Praia Grande
50083982;20002802;"BOTA SEG;COUR;PT;NUM-37-;;S/50B19CPAP";BRCN;MR01;O.PURCHASE;78;R$ 74,96;R$ 5.846,83;Araraquara
50083982;20002802;"BOTA SEG;COUR;PT;NUM-37-;;S/50B19CPAP";BRCO;MR01;O.PURCHASE;11;R$ 86,38;R$ 950,17;Barueri
50083982;20002802;"BOTA SEG;COUR;PT;NUM-37-;;S/50B19CPAP";BRCQ;MR01;O.PURCHASE;0;R$ 0,00;R$ 0,00;Campinas
50083982;20002802;"BOTA SEG;COUR;PT;NUM-37-;;S/50B19CPAP";BRCR;MR01;O.PURCHASE;8;R$ 113,81;R$ 910,46;Diadema
50083982;20002802;"BOTA SEG;COUR;PT;NUM-37-;;S/50B19CPAP";BRCV;MR01;O.PURCHASE;9;R$ 86,25;R$ 776,26;Jundiai (SALTO)
50083982;20002802;"BOTA SEG;COUR;PT;NUM-37-;;S/50B19CPAP";BRCZ;MR01;O.PURCHASE;5;R$ 86,23;R$ 431,17;Norte (Caieiras)
50083982;20002802;"BOTA SEG;COUR;PT;NUM-37-;;S/50B19CPAP";BRD0;MR01;O.PURCHASE;1;R$ 84,26;R$ 84,26;Presidente Prudente
50083982;20002802;"BOTA SEG;COUR;PT;NUM-37-;;S/50B19CPAP";BRD1;MR01;O.PURCHASE;0;R$ 0,00;R$ 0,00;Ribeirão Preto
50083982;20002802;"BOTA SEG;COUR;PT;NUM-37-;;S/50B19CPAP";BRD2;MR01;O.PURCHASE;4;R$ 150,19;R$ 600,75;São José dos Campos
50083982;20002802;"BOTA SEG;COUR;PT;NUM-37-;;S/50B19CPAP";BRD4;MR01;O.PURCHASE;0;R$ 0,00;R$ 0,00;Votorantim (SALTO)
50083982;20002802;"BOTA SEG;COUR;PT;NUM-37-;;S/50B19CPAP";BRD5;MR01;O.PURCHASE;9;R$ 93,96;R$ 845,63;Taubaté
50083982;20002802;"BOTA SEG;COUR;PT;NUM-37-;;S/50B19CPAP";BRD7;MR01;O.PURCHASE;11;R$ 85,99;R$ 945,91;Litoral - Praia Grande
50083983;20002803;"BOTINA SEG;PT;50B19CPAPHIDROFUGADONUM38";BRCM;MR01;O.IMPORTED;1;R$ 82,28;R$ 82,28;Araçatuba
50083983;20002803;"BOTINA SEG;PT;50B19CPAPHIDROFUGADONUM38";BRCM;MR01;O.PURCHASE;10;R$ 79,87;R$ 798,74;Araçatuba
50083983;20002803;"BOTINA SEG;PT;50B19CPAPHIDROFUGADONUM38";BRCN;MR01;O.PURCHASE;118;R$ 73,83;R$ 8.711,64;Araraquara
50083983;20002803;"BOTINA SEG;PT;50B19CPAPHIDROFUGADONUM38";BRCO;MR01;O.PURCHASE;6;R$ 120,73;R$ 724,36;Barueri
50083983;20002803;"BOTINA SEG;PT;50B19CPAPHIDROFUGADONUM38";BRCQ;MR01;O.PURCHASE;7;R$ 115,40;R$ 807,80;Campinas
50083983;20002803;"BOTINA SEG;PT;50B19CPAPHIDROFUGADONUM38";BRCS;MR01;O.PURCHASE;9;R$ 89,34;R$ 804,02;Embu (SUL)
50083983;20002803;"BOTINA SEG;PT;50B19CPAPHIDROFUGADONUM38";BRCT;MR01;O.IMPORTED;1;R$ 63,19;R$ 63,19;Guarulhos
50083983;20002803;"BOTINA SEG;PT;50B19CPAPHIDROFUGADONUM38";BRCT;MR01;O.PURCHASE;5;R$ 124,66;R$ 623,31;Guarulhos
50083983;20002803;"BOTINA SEG;PT;50B19CPAPHIDROFUGADONUM38";BRCU;MR01;O.PURCHASE;1;R$ 41,90;R$ 41,90;Jaú
50083983;20002803;"BOTINA SEG;PT;50B19CPAPHIDROFUGADONUM38";BRCV;MR01;O.IMPORTED;1;R$ 60,56;R$ 60,56;Jundiai (SALTO)
50083983;20002803;"BOTINA SEG;PT;50B19CPAPHIDROFUGADONUM38";BRCV;MR01;O.PURCHASE;15;R$ 117,13;R$ 1.756,94;Jundiai (SALTO)
50083983;20002803;"BOTINA SEG;PT;50B19CPAPHIDROFUGADONUM38";BRD0;MR01;O.PURCHASE;3;R$ 96,15;R$ 288,45;Presidente Prudente
50083983;20002803;"BOTINA SEG;PT;50B19CPAPHIDROFUGADONUM38";BRD1;MR01;O.PURCHASE;0;R$ 0,00;R$ 0,00;Ribeirão Preto
50083983;20002803;"BOTINA SEG;PT;50B19CPAPHIDROFUGADONUM38";BRD2;MR01;O.PURCHASE;1;R$ 121,88;R$ 121,88;São José dos Campos
50083983;20002803;"BOTINA SEG;PT;50B19CPAPHIDROFUGADONUM38";BRD3;MR01;O.PURCHASE;3;R$ 115,84;R$ 347,53;Suzano
50083983;20002803;"BOTINA SEG;PT;50B19CPAPHIDROFUGADONUM38";BRD4;MR01;O.PURCHASE;0;R$ 0,00;R$ 0,00;Votorantim (SALTO)
50083983;20002803;"BOTINA SEG;PT;50B19CPAPHIDROFUGADONUM38";BRD5;MR01;O.PURCHASE;0;R$ 0,00;R$ 0,00;Taubaté
50083983;20002803;"BOTINA SEG;PT;50B19CPAPHIDROFUGADONUM38";BRD7;MR01;O.IMPORTED;4;R$ 97,84;R$ 391,34;Litoral - Praia Grande
50083983;20002803;"BOTINA SEG;PT;50B19CPAPHIDROFUGADONUM38";BRD7;MR01;O.PURCHASE;4;R$ 128,55;R$ 514,20;Litoral - Praia Grande
50083984;20002806;"BOTINA SEG;NUM 46;BIQ COMPOSITE";BRCN;MR01;O.PURCHASE;3;R$ 79,44;R$ 238,32;Araraquara
50083984;20002806;"BOTINA SEG;NUM 46;BIQ COMPOSITE";BRCV;MR01;O.IMPORTED;0;R$ 0,00;R$ 0,00;Jundiai (SALTO)
50083984;20002806;"BOTINA SEG;NUM 46;BIQ COMPOSITE";BRD1;MR01;O.IMPORTED;0;R$ 0,00;R$ 0,00;Ribeirão Preto
50083986;20002809;"BOTINA SEG;PT;50B19CPAPHIDROFUGADONUM47";BRCM;MR01;O.IMPORTED;5;R$ 64,39;R$ 321,97;Araçatuba
50083986;20002809;"BOTINA SEG;PT;50B19CPAPHIDROFUGADONUM47";BRCT;MR01;O.PURCHASE;4;R$ 58,23;R$ 232,90;Guarulhos
50083986;20002809;"BOTINA SEG;PT;50B19CPAPHIDROFUGADONUM47";BRCV;MR01;O.IMPORTED;1;R$ 64,39;R$ 64,39;Jundiai (SALTO)
50083986;20002809;"BOTINA SEG;PT;50B19CPAPHIDROFUGADONUM47";BRCX;MR01;O.IMPORTED;2;R$ 66,71;R$ 133,41;Mauá
50083995;20002819;ÓCULOS AMPLA VISÃO USO VISITANTES-TAM.UN;BRCM;MR01;O.IMPORTED;0;R$ 0,00;R$ 0,00;Araçatuba
50083995;20002819;ÓCULOS AMPLA VISÃO USO VISITANTES-TAM.UN;BRCM;MR01;O.PURCHASE;58,000;R$ 8,05;R$ 466,90;Araçatuba
50083995;20002819;ÓCULOS AMPLA VISÃO USO VISITANTES-TAM.UN;BRCO;MR01;O.IMPORTED;96,000;R$ 7,44;R$ 714,22;Barueri
50083995;20002819;ÓCULOS AMPLA VISÃO USO VISITANTES-TAM.UN;BRCQ;MR01;O.IMPORTED;1,000;R$ 7,44;R$ 7,44;Campinas
50083995;20002819;ÓCULOS AMPLA VISÃO USO VISITANTES-TAM.UN;BRCQ;MR01;O.PURCHASE;76,000;R$ 8,05;R$ 611,81;Campinas
50083995;20002819;ÓCULOS AMPLA VISÃO USO VISITANTES-TAM.UN;BRCR;MR01;O.PURCHASE;0;R$ 0,00;R$ 0,00;Diadema
50083995;20002819;ÓCULOS AMPLA VISÃO USO VISITANTES-TAM.UN;BRCS;MR01;O.PURCHASE;0;R$ 0,00;R$ 0,00;Embu (SUL)
50083995;20002819;ÓCULOS AMPLA VISÃO USO VISITANTES-TAM.UN;BRCT;MR01;O.IMPORTED;0;R$ 0,00;R$ 0,00;Guarulhos
50083995;20002819;ÓCULOS AMPLA VISÃO USO VISITANTES-TAM.UN;BRCT;MR01;O.PURCHASE;69,000;R$ 8,05;R$ 555,45;Guarulhos
50083995;20002819;ÓCULOS AMPLA VISÃO USO VISITANTES-TAM.UN;BRCU;MR01;O.IMPORTED;70,000;R$ 7,44;R$ 520,75;Jaú
50083995;20002819;ÓCULOS AMPLA VISÃO USO VISITANTES-TAM.UN;BRCV;MR01;O.IMPORTED;17,000;R$ 7,44;R$ 126,47;Jundiai (SALTO)
50083995;20002819;ÓCULOS AMPLA VISÃO USO VISITANTES-TAM.UN;BRCV;MR01;O.PURCHASE;82,000;R$ 8,37;R$ 686,54;Jundiai (SALTO)
50083995;20002819;ÓCULOS AMPLA VISÃO USO VISITANTES-TAM.UN;BRCX;MR01;O.IMPORTED;25,000;R$ 7,46;R$ 186,42;Mauá
50083995;20002819;ÓCULOS AMPLA VISÃO USO VISITANTES-TAM.UN;BRCY;MR01;O.IMPORTED;50,000;R$ 7,43;R$ 371,74;Mogi Mirim
50083995;20002819;ÓCULOS AMPLA VISÃO USO VISITANTES-TAM.UN;BRD0;MR01;O.IMPORTED;6,000;R$ 7,44;R$ 44,64;Presidente Prudente
50083995;20002819;ÓCULOS AMPLA VISÃO USO VISITANTES-TAM.UN;BRD0;MR01;O.PURCHASE;66,000;R$ 8,38;R$ 553,08;Presidente Prudente
50083995;20002819;ÓCULOS AMPLA VISÃO USO VISITANTES-TAM.UN;BRD2;MR01;O.IMPORTED;2,000;R$ 7,59;R$ 15,17;São José dos Campos
50083995;20002819;ÓCULOS AMPLA VISÃO USO VISITANTES-TAM.UN;BRD2;MR01;O.PURCHASE;43,000;R$ 8,05;R$ 346,15;São José dos Campos
50083995;20002819;ÓCULOS AMPLA VISÃO USO VISITANTES-TAM.UN;BRD3;MR01;O.IMPORTED;24,000;R$ 7,45;R$ 178,70;Suzano
50083995;20002819;ÓCULOS AMPLA VISÃO USO VISITANTES-TAM.UN;BRD5;MR01;O.IMPORTED;27,000;R$ 7,59;R$ 204,84;Taubaté
50083995;20002819;ÓCULOS AMPLA VISÃO USO VISITANTES-TAM.UN;BRD7;MR01;O.IMPORTED;11,000;R$ 7,44;R$ 81,85;Litoral - Praia Grande
50083995;20002819;ÓCULOS AMPLA VISÃO USO VISITANTES-TAM.UN;BRD7;MR01;O.PURCHASE;41,000;R$ 8,37;R$ 343,07;Litoral - Praia Grande
50083996;20002824;"BOTINA SEG;PT;50B19CPAPHIDROFUGADONUM33";BRCM;MR01;O.PURCHASE;4;R$ 25,63;R$ 102,53;Araçatuba
50083996;20002824;"BOTINA SEG;PT;50B19CPAPHIDROFUGADONUM33";BRCN;MR01;O.PURCHASE;2;R$ 78,31;R$ 156,61;Araraquara
50083996;20002824;"BOTINA SEG;PT;50B19CPAPHIDROFUGADONUM33";BRCR;MR01;O.PURCHASE;1;R$ 118,67;R$ 118,67;Diadema
50083996;20002824;"BOTINA SEG;PT;50B19CPAPHIDROFUGADONUM33";BRCS;MR01;O.PURCHASE;0;R$ 0,00;R$ 0,00;Embu (SUL)
50083996;20002824;"BOTINA SEG;PT;50B19CPAPHIDROFUGADONUM33";BRCT;MR01;O.IMPORTED;5;R$ 79,20;R$ 396,00;Guarulhos
50083996;20002824;"BOTINA SEG;PT;50B19CPAPHIDROFUGADONUM33";BRCV;MR01;O.IMPORTED;2;R$ 70,47;R$ 140,94;Jundiai (SALTO)
50083996;20002824;"BOTINA SEG;PT;50B19CPAPHIDROFUGADONUM33";BRCV;MR01;O.PURCHASE;1;R$ 89,70;R$ 89,70;Jundiai (SALTO)
50083996;20002824;"BOTINA SEG;PT;50B19CPAPHIDROFUGADONUM33";BRCX;MR01;O.IMPORTED;0;R$ 0,00;R$ 0,00;Mauá
50083996;20002824;"BOTINA SEG;PT;50B19CPAPHIDROFUGADONUM33";BRCY;MR01;O.IMPORTED;2;R$ 86,62;R$ 173,23;Mogi Mirim
50083996;20002824;"BOTINA SEG;PT;50B19CPAPHIDROFUGADONUM33";BRD0;MR01;O.PURCHASE;1;R$ 29,90;R$ 29,90;Presidente Prudente
50083996;20002824;"BOTINA SEG;PT;50B19CPAPHIDROFUGADONUM33";BRD1;MR01;O.PURCHASE;0;R$ 0,00;R$ 0,00;Ribeirão Preto
50083996;20002824;"BOTINA SEG;PT;50B19CPAPHIDROFUGADONUM33";BRD2;MR01;O.PURCHASE;1;R$ 89,32;R$ 89,32;São José dos Campos
50083997;20002825;"BOTINA SEG;PT;50B19CPAPHIDROFUGADONUM34";BRCR;MR01;O.PURCHASE;5;R$ 98,05;R$ 490,27;Diadema
50083997;20002825;"BOTINA SEG;PT;50B19CPAPHIDROFUGADONUM34";BRCS;MR01;O.IMPORTED;1;R$ 64,39;R$ 64,39;Embu (SUL)
50083997;20002825;"BOTINA SEG;PT;50B19CPAPHIDROFUGADONUM34";BRCS;MR01;O.PURCHASE;1;R$ 98,81;R$ 98,81;Embu (SUL)
50083997;20002825;"BOTINA SEG;PT;50B19CPAPHIDROFUGADONUM34";BRCV;MR01;O.PURCHASE;5;R$ 85,57;R$ 427,83;Jundiai (SALTO)
50083997;20002825;"BOTINA SEG;PT;50B19CPAPHIDROFUGADONUM34";BRCX;MR01;O.IMPORTED;0;R$ 0,00;R$ 0,00;Mauá
50083997;20002825;"BOTINA SEG;PT;50B19CPAPHIDROFUGADONUM34";BRCY;MR01;O.PURCHASE;7;R$ 79,13;R$ 553,93;Mogi Mirim
50083997;20002825;"BOTINA SEG;PT;50B19CPAPHIDROFUGADONUM34";BRD1;MR01;O.IMPORTED;0;R$ 0,00;R$ 0,00;Ribeirão Preto
50083997;20002825;"BOTINA SEG;PT;50B19CPAPHIDROFUGADONUM34";BRD1;MR01;O.PURCHASE;0;R$ 0,00;R$ 0,00;Ribeirão Preto
50083997;20002825;"BOTINA SEG;PT;50B19CPAPHIDROFUGADONUM34";BRD2;MR01;O.PURCHASE;0;R$ 0,00;R$ 0,00;São José dos Campos
50084001;0;JAQUETA MOTOCICLISTA AZUL(C/FORRO)-TAM G;BRD1;MR01;O.PURCHASE;14,000;R$ 320,05;R$ 4.480,66;Ribeirão Preto
50084003;20002843;"BOTINA;BIQ.COMPOSITE PALM ANTIPERF-TAM48";BRCT;MR01;O.IMPORTED;3;R$ 79,20;R$ 237,60;Guarulhos
50084021;20002868;"CAMISA;CINZA;TAM PP;MANG CURT;";BRCN;MR01;O.PURCHASE;0;R$ 0,00;R$ 0,00;Araraquara
50084021;20002868;"CAMISA;CINZA;TAM PP;MANG CURT;";BRCQ;MR01;O.PURCHASE;5,000;R$ 89,42;R$ 447,11;Campinas
50084021;20002868;"CAMISA;CINZA;TAM PP;MANG CURT;";BRCT;MR01;O.PURCHASE;1,000;R$ 188,60;R$ 188,60;Guarulhos
50084021;20002868;"CAMISA;CINZA;TAM PP;MANG CURT;";BRCU;MR01;O.PURCHASE;7,000;R$ 112,75;R$ 789,25;Jaú
50084021;20002868;"CAMISA;CINZA;TAM PP;MANG CURT;";BRCV;MR01;O.PURCHASE;5,000;R$ 34,96;R$ 174,78;Jundiai (SALTO)
50084021;20002868;"CAMISA;CINZA;TAM PP;MANG CURT;";BRCX;MR01;O.PURCHASE;24,000;R$ 35,16;R$ 843,86;Mauá
50084021;20002868;"CAMISA;CINZA;TAM PP;MANG CURT;";BRD1;MR01;O.PURCHASE;3,000;R$ 36,64;R$ 109,91;Ribeirão Preto
50084021;20002868;"CAMISA;CINZA;TAM PP;MANG CURT;";BRD4;MR01;O.PURCHASE;30,000;R$ 57,20;R$ 1.716,01;Votorantim (SALTO)
50084021;20002868;"CAMISA;CINZA;TAM PP;MANG CURT;";BRD7;MR01;O.PURCHASE;2,000;R$ 32,53;R$ 65,05;Litoral - Praia Grande
50084022;20002869;"CAMISA;CINZA;TAM P;MANG CURT;";BRCM;MR01;O.PURCHASE;8,000;R$ 84,48;R$ 675,84;Araçatuba
50084022;20002869;"CAMISA;CINZA;TAM P;MANG CURT;";BRCN;MR01;O.PURCHASE;0;R$ 0,00;R$ 0,00;Araraquara
50084022;20002869;"CAMISA;CINZA;TAM P;MANG CURT;";BRCQ;MR01;O.PURCHASE;15,000;R$ 75,24;R$ 1.128,60;Campinas
50084022;20002869;"CAMISA;CINZA;TAM P;MANG CURT;";BRCT;MR01;O.PURCHASE;8,000;R$ 31,53;R$ 252,22;Guarulhos
50084022;20002869;"CAMISA;CINZA;TAM P;MANG CURT;";BRCU;MR01;O.PURCHASE;33,000;R$ 28,20;R$ 930,64;Jaú
50084022;20002869;"CAMISA;CINZA;TAM P;MANG CURT;";BRCX;MR01;O.PURCHASE;22,000;R$ 35,29;R$ 776,36;Mauá
50084022;20002869;"CAMISA;CINZA;TAM P;MANG CURT;";BRD0;MR01;O.PURCHASE;1,000;R$ 27,03;R$ 27,03;Presidente Prudente
50084022;20002869;"CAMISA;CINZA;TAM P;MANG CURT;";BRD1;MR01;O.PURCHASE;4,000;R$ 27,53;R$ 110,13;Ribeirão Preto
50084022;20002869;"CAMISA;CINZA;TAM P;MANG CURT;";BRD3;MR01;O.PURCHASE;4,000;R$ 93,69;R$ 374,77;Suzano
50084022;20002869;"CAMISA;CINZA;TAM P;MANG CURT;";BRD4;MR01;O.PURCHASE;0;R$ 0,00;R$ 0,00;Votorantim (SALTO)
50084023;20002870;"CAMISA;CINZA;TAM M;MANG CURT;";BRCN;MR01;O.PURCHASE;0;R$ 0,00;R$ 0,00;Araraquara
50084023;20002870;"CAMISA;CINZA;TAM M;MANG CURT;";BRCT;MR01;O.PURCHASE;1,000;R$ 39,61;R$ 39,61;Guarulhos
50084023;20002870;"CAMISA;CINZA;TAM M;MANG CURT;";BRCU;MR01;O.PURCHASE;9,000;R$ 19,98;R$ 179,83;Jaú
50084023;20002870;"CAMISA;CINZA;TAM M;MANG CURT;";BRCV;MR01;O.PURCHASE;6,000;R$ 252,79;R$ 1.516,76;Jundiai (SALTO)
50084023;20002870;"CAMISA;CINZA;TAM M;MANG CURT;";BRCX;MR01;O.PURCHASE;10,000;R$ 35,16;R$ 351,61;Mauá
50084023;20002870;"CAMISA;CINZA;TAM M;MANG CURT;";BRD0;MR01;O.PURCHASE;6,000;R$ 73,41;R$ 440,48;Presidente Prudente
50084023;20002870;"CAMISA;CINZA;TAM M;MANG CURT;";BRD1;MR01;O.PURCHASE;0;R$ 0,00;R$ 0,00;Ribeirão Preto
50084023;20002870;"CAMISA;CINZA;TAM M;MANG CURT;";BRD4;MR01;O.PURCHASE;0;R$ 0,00;R$ 0,00;Votorantim (SALTO)
50084023;20002870;"CAMISA;CINZA;TAM M;MANG CURT;";BRD7;MR01;O.PURCHASE;13,000;R$ 53,89;R$ 700,54;Litoral - Praia Grande
50084024;20002871;"CAMISA;UNIS;100PCT PES;CZ;TAM G;C/LOGO";BRCM;MR01;O.PURCHASE;6,000;R$ 101,97;R$ 611,83;Araçatuba
50084024;20002871;"CAMISA;UNIS;100PCT PES;CZ;TAM G;C/LOGO";BRCN;MR01;O.PURCHASE;10,000;R$ 102,78;R$ 1.027,78;Araraquara
50084024;20002871;"CAMISA;UNIS;100PCT PES;CZ;TAM G;C/LOGO";BRCT;MR01;O.PURCHASE;2,000;R$ 103,21;R$ 206,41;Guarulhos
50084024;20002871;"CAMISA;UNIS;100PCT PES;CZ;TAM G;C/LOGO";BRCX;MR01;O.PURCHASE;6,000;R$ 33,50;R$ 200,98;Mauá
50084024;20002871;"CAMISA;UNIS;100PCT PES;CZ;TAM G;C/LOGO";BRD0;MR01;O.PURCHASE;10,000;R$ 31,82;R$ 318,19;Presidente Prudente
50084024;20002871;"CAMISA;UNIS;100PCT PES;CZ;TAM G;C/LOGO";BRD1;MR01;O.PURCHASE;0;R$ 0,00;R$ 0,00;Ribeirão Preto
50084024;20002871;"CAMISA;UNIS;100PCT PES;CZ;TAM G;C/LOGO";BRD7;MR01;O.PURCHASE;4,000;R$ 31,12;R$ 124,49;Litoral - Praia Grande
50084025;20002872;"CAMISA;CINZA;TAM GG;MANG CURT;";BRCM;MR01;O.PURCHASE;11,000;R$ 33,49;R$ 368,44;Araçatuba
50084025;20002872;"CAMISA;CINZA;TAM GG;MANG CURT;";BRCN;MR01;O.PURCHASE;0;R$ 0,00;R$ 0,00;Araraquara
50084025;20002872;"CAMISA;CINZA;TAM GG;MANG CURT;";BRCT;MR01;O.PURCHASE;3,000;R$ 74,42;R$ 223,27;Guarulhos
50084025;20002872;"CAMISA;CINZA;TAM GG;MANG CURT;";BRCU;MR01;O.PURCHASE;4,000;R$ 29,47;R$ 117,87;Jaú
50084025;20002872;"CAMISA;CINZA;TAM GG;MANG CURT;";BRCV;MR01;O.PURCHASE;6,000;R$ 111,29;R$ 667,74;Jundiai (SALTO)
50084025;20002872;"CAMISA;CINZA;TAM GG;MANG CURT;";BRCX;MR01;O.PURCHASE;23,000;R$ 35,16;R$ 808,70;Mauá
50084025;20002872;"CAMISA;CINZA;TAM GG;MANG CURT;";BRCY;MR01;O.PURCHASE;11,000;R$ 9,30;R$ 102,25;Mogi Mirim
50084025;20002872;"CAMISA;CINZA;TAM GG;MANG CURT;";BRD0;MR01;O.PURCHASE;15,000;R$ 20,43;R$ 306,49;Presidente Prudente
50084025;20002872;"CAMISA;CINZA;TAM GG;MANG CURT;";BRD1;MR01;O.PURCHASE;4,000;R$ 31,15;R$ 124,58;Ribeirão Preto
50084025;20002872;"CAMISA;CINZA;TAM GG;MANG CURT;";BRD3;MR01;O.PURCHASE;9,000;R$ 91,73;R$ 825,59;Suzano
50084025;20002872;"CAMISA;CINZA;TAM GG;MANG CURT;";BRD4;MR01;O.PURCHASE;0;R$ 0,00;R$ 0,00;Votorantim (SALTO)
50084025;20002872;"CAMISA;CINZA;TAM GG;MANG CURT;";BRD7;MR01;O.PURCHASE;17,000;R$ 26,12;R$ 444,10;Litoral - Praia Grande
50084026;20002873;"CAMISA;CINZA;TAM EXG;MANG CURT;";BRCM;MR01;O.PURCHASE;5,000;R$ 30,02;R$ 150,09;Araçatuba
50084026;20002873;"CAMISA;CINZA;TAM EXG;MANG CURT;";BRCN;MR01;O.PURCHASE;0;R$ 0,00;R$ 0,00;Araraquara
50084026;20002873;"CAMISA;CINZA;TAM EXG;MANG CURT;";BRCT;MR01;O.PURCHASE;3,000;R$ 113,54;R$ 340,61;Guarulhos
50084026;20002873;"CAMISA;CINZA;TAM EXG;MANG CURT;";BRCU;MR01;O.PURCHASE;1,000;R$ 173,87;R$ 173,87;Jaú
50084026;20002873;"CAMISA;CINZA;TAM EXG;MANG CURT;";BRCX;MR01;O.PURCHASE;25,000;R$ 36,12;R$ 903,00;Mauá
50084026;20002873;"CAMISA;CINZA;TAM EXG;MANG CURT;";BRCY;MR01;O.PURCHASE;0;R$ 0,00;R$ 0,00;Mogi Mirim
50084026;20002873;"CAMISA;CINZA;TAM EXG;MANG CURT;";BRCZ;MR01;O.PURCHASE;10,000;R$ 46,07;R$ 460,69;Norte (Caieiras)
50084026;20002873;"CAMISA;CINZA;TAM EXG;MANG CURT;";BRD0;MR01;O.PURCHASE;13,000;R$ 15,24;R$ 198,18;Presidente Prudente
50084026;20002873;"CAMISA;CINZA;TAM EXG;MANG CURT;";BRD1;MR01;O.PURCHASE;4,000;R$ 30,29;R$ 121,14;Ribeirão Preto
50084026;20002873;"CAMISA;CINZA;TAM EXG;MANG CURT;";BRD3;MR01;O.PURCHASE;17,000;R$ 79,01;R$ 1.343,18;Suzano
50084026;20002873;"CAMISA;CINZA;TAM EXG;MANG CURT;";BRD7;MR01;O.PURCHASE;9,000;R$ 30,28;R$ 272,50;Litoral - Praia Grande
50084027;20002874;"CAMISA;MASC;SUP.ARM.;AZUL;TAM PP;M/C;";BRCN;MR01;O.PURCHASE;12,000;R$ 34,55;R$ 414,61;Araraquara
50084027;20002874;"CAMISA;MASC;SUP.ARM.;AZUL;TAM PP;M/C;";BRCY;MR01;O.PURCHASE;2,000;R$ 21,78;R$ 43,55;Mogi Mirim
50084027;20002874;"CAMISA;MASC;SUP.ARM.;AZUL;TAM PP;M/C;";BRD1;MR01;O.PURCHASE;0;R$ 0,00;R$ 0,00;Ribeirão Preto
50084027;20002874;"CAMISA;MASC;SUP.ARM.;AZUL;TAM PP;M/C;";BRD4;MR01;O.PURCHASE;3,000;R$ 37,02;R$ 111,05;Votorantim (SALTO)
50084028;20002875;"CAMISA;MASC;SUP.ARM.;AZUL;TAM P;M/C;";BRCM;MR01;O.PURCHASE;7,000;R$ 34,15;R$ 239,03;Araçatuba
50084028;20002875;"CAMISA;MASC;SUP.ARM.;AZUL;TAM P;M/C;";BRCN;MR01;O.PURCHASE;3,000;R$ 35,16;R$ 105,48;Araraquara
50084028;20002875;"CAMISA;MASC;SUP.ARM.;AZUL;TAM P;M/C;";BRCR;MR01;O.PURCHASE;0;R$ 0,00;R$ 0,00;Diadema
50084028;20002875;"CAMISA;MASC;SUP.ARM.;AZUL;TAM P;M/C;";BRCY;MR01;O.PURCHASE;0;R$ 0,00;R$ 0,00;Mogi Mirim
50084028;20002875;"CAMISA;MASC;SUP.ARM.;AZUL;TAM P;M/C;";BRD0;MR01;O.PURCHASE;7,000;R$ 38,27;R$ 267,91;Presidente Prudente
50084028;20002875;"CAMISA;MASC;SUP.ARM.;AZUL;TAM P;M/C;";BRD1;MR01;O.PURCHASE;2,000;R$ 32,22;R$ 64,43;Ribeirão Preto
50084028;20002875;"CAMISA;MASC;SUP.ARM.;AZUL;TAM P;M/C;";BRD7;MR01;O.PURCHASE;6,000;R$ 71,03;R$ 426,18;Litoral - Praia Grande
50084029;20002876;"CAMISA;MASC;SUP.ARM.;AZUL;TAM M;M/C;";BRCN;MR01;O.PURCHASE;7,000;R$ 45,99;R$ 321,91;Araraquara
50084029;20002876;"CAMISA;MASC;SUP.ARM.;AZUL;TAM M;M/C;";BRCQ;MR01;O.PURCHASE;7,000;R$ 32,90;R$ 230,32;Campinas
50084029;20002876;"CAMISA;MASC;SUP.ARM.;AZUL;TAM M;M/C;";BRCR;MR01;O.PURCHASE;0;R$ 0,00;R$ 0,00;Diadema
50084029;20002876;"CAMISA;MASC;SUP.ARM.;AZUL;TAM M;M/C;";BRCX;MR01;O.PURCHASE;1,000;R$ 36,23;R$ 36,23;Mauá
50084029;20002876;"CAMISA;MASC;SUP.ARM.;AZUL;TAM M;M/C;";BRD0;MR01;O.PURCHASE;8,000;R$ 23,51;R$ 188,10;Presidente Prudente
50084029;20002876;"CAMISA;MASC;SUP.ARM.;AZUL;TAM M;M/C;";BRD1;MR01;O.PURCHASE;3,000;R$ 76,79;R$ 230,36;Ribeirão Preto
50084030;20002877;"CAMISA;MASC;SUP.ARM.;AZUL;TAM G;M/C;";BRCN;MR01;O.PURCHASE;7,000;R$ 38,02;R$ 266,17;Araraquara
50084030;20002877;"CAMISA;MASC;SUP.ARM.;AZUL;TAM G;M/C;";BRCQ;MR01;O.PURCHASE;1,000;R$ 36,85;R$ 36,85;Campinas
50084030;20002877;"CAMISA;MASC;SUP.ARM.;AZUL;TAM G;M/C;";BRCY;MR01;O.PURCHASE;0;R$ 0,00;R$ 0,00;Mogi Mirim
50084030;20002877;"CAMISA;MASC;SUP.ARM.;AZUL;TAM G;M/C;";BRD0;MR01;O.PURCHASE;5,000;R$ 59,37;R$ 296,87;Presidente Prudente
50084030;20002877;"CAMISA;MASC;SUP.ARM.;AZUL;TAM G;M/C;";BRD1;MR01;O.PURCHASE;17,000;R$ 40,23;R$ 683,84;Ribeirão Preto
50084030;20002877;"CAMISA;MASC;SUP.ARM.;AZUL;TAM G;M/C;";BRD4;MR01;O.PURCHASE;4,000;R$ 37,46;R$ 149,84;Votorantim (SALTO)
50084030;20002877;"CAMISA;MASC;SUP.ARM.;AZUL;TAM G;M/C;";BRD7;MR01;O.PURCHASE;9,000;R$ 42,55;R$ 382,94;Litoral - Praia Grande
50084031;20002878;"CAMISA;MASC;SUP.ARM.;AZUL;TAM GG;M/C;";BRCM;MR01;O.PURCHASE;12,000;R$ 31,04;R$ 372,51;Araçatuba
50084031;20002878;"CAMISA;MASC;SUP.ARM.;AZUL;TAM GG;M/C;";BRCN;MR01;O.PURCHASE;7,000;R$ 39,50;R$ 276,48;Araraquara
50084031;20002878;"CAMISA;MASC;SUP.ARM.;AZUL;TAM GG;M/C;";BRCQ;MR01;O.PURCHASE;10,000;R$ 25,10;R$ 250,95;Campinas
50084031;20002878;"CAMISA;MASC;SUP.ARM.;AZUL;TAM GG;M/C;";BRCY;MR01;O.PURCHASE;1,000;R$ 35,33;R$ 35,33;Mogi Mirim
50084031;20002878;"CAMISA;MASC;SUP.ARM.;AZUL;TAM GG;M/C;";BRD0;MR01;O.PURCHASE;28,000;R$ 64,30;R$ 1.800,33;Presidente Prudente
50084031;20002878;"CAMISA;MASC;SUP.ARM.;AZUL;TAM GG;M/C;";BRD1;MR01;O.PURCHASE;9,000;R$ 38,87;R$ 349,80;Ribeirão Preto
50084031;20002878;"CAMISA;MASC;SUP.ARM.;AZUL;TAM GG;M/C;";BRD4;MR01;O.PURCHASE;3,000;R$ 37,02;R$ 111,05;Votorantim (SALTO)
50084031;20002878;"CAMISA;MASC;SUP.ARM.;AZUL;TAM GG;M/C;";BRD7;MR01;O.PURCHASE;10,000;R$ 46,32;R$ 463,24;Litoral - Praia Grande
50084032;20002879;"CAMISA;MASC;SUP.ARM.;AZUL;TAM EXG;M/C;";BRCM;MR01;O.PURCHASE;7,000;R$ 34,15;R$ 239,03;Araçatuba
50084032;20002879;"CAMISA;MASC;SUP.ARM.;AZUL;TAM EXG;M/C;";BRCN;MR01;O.PURCHASE;0;R$ 0,00;R$ 0,00;Araraquara
50084032;20002879;"CAMISA;MASC;SUP.ARM.;AZUL;TAM EXG;M/C;";BRCQ;MR01;O.PURCHASE;2,000;R$ 29,89;R$ 59,77;Campinas
50084032;20002879;"CAMISA;MASC;SUP.ARM.;AZUL;TAM EXG;M/C;";BRCR;MR01;O.PURCHASE;3,000;R$ 85,50;R$ 256,50;Diadema
50084032;20002879;"CAMISA;MASC;SUP.ARM.;AZUL;TAM EXG;M/C;";BRCY;MR01;O.PURCHASE;0;R$ 0,00;R$ 0,00;Mogi Mirim
50084032;20002879;"CAMISA;MASC;SUP.ARM.;AZUL;TAM EXG;M/C;";BRCZ;MR01;O.PURCHASE;4,000;R$ 41,14;R$ 164,55;Norte (Caieiras)
50084032;20002879;"CAMISA;MASC;SUP.ARM.;AZUL;TAM EXG;M/C;";BRD0;MR01;O.PURCHASE;1,000;R$ 15,06;R$ 15,06;Presidente Prudente
50084032;20002879;"CAMISA;MASC;SUP.ARM.;AZUL;TAM EXG;M/C;";BRD1;MR01;O.PURCHASE;3,000;R$ 37,60;R$ 112,80;Ribeirão Preto
50084032;20002879;"CAMISA;MASC;SUP.ARM.;AZUL;TAM EXG;M/C;";BRD7;MR01;O.PURCHASE;5,000;R$ 46,61;R$ 233,04;Litoral - Praia Grande
50084033;20002880;"CAMISA;BRIGADA;VM;TAM PP;MC;";BRD7;MR01;O.PURCHASE;1,000;R$ 26,32;R$ 26,32;Litoral - Praia Grande
50084034;20002881;"CAMISA;BRIGADA;VM;TAM P;MC;";BRCM;MR01;O.PURCHASE;4,000;R$ 32,28;R$ 129,10;Araçatuba
50084034;20002881;"CAMISA;BRIGADA;VM;TAM P;MC;";BRCU;MR01;O.PURCHASE;2,000;R$ 42,18;R$ 84,35;Jaú
50084034;20002881;"CAMISA;BRIGADA;VM;TAM P;MC;";BRCX;MR01;O.PURCHASE;1,000;R$ 70,83;R$ 70,83;Mauá
50084034;20002881;"CAMISA;BRIGADA;VM;TAM P;MC;";BRD0;MR01;O.PURCHASE;6,000;R$ 124,58;R$ 747,50;Presidente Prudente
50084034;20002881;"CAMISA;BRIGADA;VM;TAM P;MC;";BRD3;MR01;O.PURCHASE;5,000;R$ 63,18;R$ 315,92;Suzano
50084034;20002881;"CAMISA;BRIGADA;VM;TAM P;MC;";BRD5;MR01;O.PURCHASE;0;R$ 0,00;R$ 0,00;Taubaté
50084034;20002881;"CAMISA;BRIGADA;VM;TAM P;MC;";BRD7;MR01;O.PURCHASE;12,000;R$ 72,18;R$ 866,20;Litoral - Praia Grande
50084035;20002882;"CAMISA;BRIGADA;VM;TAM M;MC;";BRCQ;MR01;O.PURCHASE;5,000;R$ 55,01;R$ 275,07;Campinas
50084035;20002882;"CAMISA;BRIGADA;VM;TAM M;MC;";BRCR;MR01;O.PURCHASE;1,000;R$ 108,01;R$ 108,01;Diadema
50084035;20002882;"CAMISA;BRIGADA;VM;TAM M;MC;";BRCU;MR01;O.PURCHASE;0;R$ 0,00;R$ 0,00;Jaú
50084035;20002882;"CAMISA;BRIGADA;VM;TAM M;MC;";BRCX;MR01;O.PURCHASE;3,000;R$ 80,28;R$ 240,83;Mauá
50084035;20002882;"CAMISA;BRIGADA;VM;TAM M;MC;";BRD0;MR01;O.PURCHASE;4,000;R$ 81,02;R$ 324,08;Presidente Prudente
50084035;20002882;"CAMISA;BRIGADA;VM;TAM M;MC;";BRD3;MR01;O.PURCHASE;7,000;R$ 133,10;R$ 931,70;Suzano
50084035;20002882;"CAMISA;BRIGADA;VM;TAM M;MC;";BRD7;MR01;O.PURCHASE;2,000;R$ 61,86;R$ 123,72;Litoral - Praia Grande
50084036;20002883;"CAMISA;BRIGADA;VM;TAM; G;MC;";BRCM;MR01;O.PURCHASE;3,000;R$ 106,78;R$ 320,35;Araçatuba
50084036;20002883;"CAMISA;BRIGADA;VM;TAM; G;MC;";BRCQ;MR01;O.PURCHASE;3,000;R$ 57,32;R$ 171,97;Campinas
50084036;20002883;"CAMISA;BRIGADA;VM;TAM; G;MC;";BRCR;MR01;O.PURCHASE;11,000;R$ 144,46;R$ 1.589,07;Diadema
50084036;20002883;"CAMISA;BRIGADA;VM;TAM; G;MC;";BRCU;MR01;O.PURCHASE;5,000;R$ 41,36;R$ 206,82;Jaú
50084036;20002883;"CAMISA;BRIGADA;VM;TAM; G;MC;";BRCX;MR01;O.PURCHASE;2,000;R$ 70,77;R$ 141,53;Mauá
50084036;20002883;"CAMISA;BRIGADA;VM;TAM; G;MC;";BRD0;MR01;O.PURCHASE;1,000;R$ 162,94;R$ 162,94;Presidente Prudente
50084036;20002883;"CAMISA;BRIGADA;VM;TAM; G;MC;";BRD1;MR01;O.PURCHASE;0;R$ 0,00;R$ 0,00;Ribeirão Preto
50084036;20002883;"CAMISA;BRIGADA;VM;TAM; G;MC;";BRD3;MR01;O.PURCHASE;2,000;R$ 175,79;R$ 351,58;Suzano
50084036;20002883;"CAMISA;BRIGADA;VM;TAM; G;MC;";BRD7;MR01;O.PURCHASE;3,000;R$ 73,51;R$ 220,53;Litoral - Praia Grande
50084037;20002884;"CAMISA;BRIGADA;VM;TAM; GG;MC;";BRCM;MR01;O.PURCHASE;8,000;R$ 16,20;R$ 129,61;Araçatuba
50084037;20002884;"CAMISA;BRIGADA;VM;TAM; GG;MC;";BRCQ;MR01;O.PURCHASE;7,000;R$ 55,01;R$ 385,10;Campinas
50084037;20002884;"CAMISA;BRIGADA;VM;TAM; GG;MC;";BRCX;MR01;O.PURCHASE;1,000;R$ 103,52;R$ 103,52;Mauá
50084037;20002884;"CAMISA;BRIGADA;VM;TAM; GG;MC;";BRD1;MR01;O.PURCHASE;0;R$ 0,00;R$ 0,00;Ribeirão Preto
50084037;20002884;"CAMISA;BRIGADA;VM;TAM; GG;MC;";BRD3;MR01;O.PURCHASE;4,000;R$ 52,22;R$ 208,89;Suzano
50084037;20002884;"CAMISA;BRIGADA;VM;TAM; GG;MC;";BRD5;MR01;O.PURCHASE;0;R$ 0,00;R$ 0,00;Taubaté
50084038;0;"CAMISA;BRIGADA;VM;TAM EXG;MC;";BRCM;MR01;O.PURCHASE;1,000;R$ 32,22;R$ 32,22;Araçatuba
50084039;0;"CAMISA;SUP.VEN;MASC;JEANS;TAM P;MC;";BRCM;MR01;O.PURCHASE;9,000;R$ 25,58;R$ 230,26;Araçatuba
50084039;0;"CAMISA;SUP.VEN;MASC;JEANS;TAM P;MC;";BRD1;MR01;O.PURCHASE;13,000;R$ 38,58;R$ 501,55;Ribeirão Preto
50084040;20002892;"CAMISA;SUP.VEN;MASC;JEANS;TAM M;MC;";BRCM;MR01;O.PURCHASE;2,000;R$ 34,11;R$ 68,21;Araçatuba
50084040;20002892;"CAMISA;SUP.VEN;MASC;JEANS;TAM M;MC;";BRCS;MR01;O.PURCHASE;0;R$ 0,00;R$ 0,00;Embu (SUL)
50084040;20002892;"CAMISA;SUP.VEN;MASC;JEANS;TAM M;MC;";BRD0;MR01;O.PURCHASE;19,000;R$ 38,08;R$ 723,59;Presidente Prudente
50084040;20002892;"CAMISA;SUP.VEN;MASC;JEANS;TAM M;MC;";BRD1;MR01;O.PURCHASE;2,000;R$ 36,05;R$ 72,09;Ribeirão Preto
50084041;20002893;"CAMISA;SUP.VEN;MASC;JEANS;TAM G;MC;";BRCR;MR01;O.PURCHASE;16,000;R$ 35,82;R$ 573,11;Diadema
50084041;20002893;"CAMISA;SUP.VEN;MASC;JEANS;TAM G;MC;";BRCS;MR01;O.PURCHASE;0;R$ 0,00;R$ 0,00;Embu (SUL)
50084041;20002893;"CAMISA;SUP.VEN;MASC;JEANS;TAM G;MC;";BRD0;MR01;O.PURCHASE;18,000;R$ 17,43;R$ 313,74;Presidente Prudente
50084041;20002893;"CAMISA;SUP.VEN;MASC;JEANS;TAM G;MC;";BRD1;MR01;O.PURCHASE;0;R$ 0,00;R$ 0,00;Ribeirão Preto
50084042;20002894;"CAMISA;SUP.VEN;MASC;JEANS;TAM GG;MC;";BRCM;MR01;O.PURCHASE;21,000;R$ 19,54;R$ 410,37;Araçatuba
50084042;20002894;"CAMISA;SUP.VEN;MASC;JEANS;TAM GG;MC;";BRCN;MR01;O.PURCHASE;0;R$ 0,00;R$ 0,00;Araraquara
50084042;20002894;"CAMISA;SUP.VEN;MASC;JEANS;TAM GG;MC;";BRCR;MR01;O.PURCHASE;1,000;R$ 29,06;R$ 29,06;Diadema
50084042;20002894;"CAMISA;SUP.VEN;MASC;JEANS;TAM GG;MC;";BRCS;MR01;O.PURCHASE;0;R$ 0,00;R$ 0,00;Embu (SUL)
50084042;20002894;"CAMISA;SUP.VEN;MASC;JEANS;TAM GG;MC;";BRCX;MR01;O.PURCHASE;1,000;R$ 36,51;R$ 36,51;Mauá
50084042;20002894;"CAMISA;SUP.VEN;MASC;JEANS;TAM GG;MC;";BRCZ;MR01;O.PURCHASE;7,000;R$ 39,87;R$ 279,12;Norte (Caieiras)
50084042;20002894;"CAMISA;SUP.VEN;MASC;JEANS;TAM GG;MC;";BRD0;MR01;O.PURCHASE;14,000;R$ 35,15;R$ 492,12;Presidente Prudente
50084042;20002894;"CAMISA;SUP.VEN;MASC;JEANS;TAM GG;MC;";BRD1;MR01;O.PURCHASE;0;R$ 0,00;R$ 0,00;Ribeirão Preto
50084043;20002904;"CAMISA; SUP.VEN;FEM;JEANS;TAM G;MC;";BRCN;MR01;O.PURCHASE;5,000;R$ 38,33;R$ 191,66;Araraquara
50084043;20002904;"CAMISA; SUP.VEN;FEM;JEANS;TAM G;MC;";BRCS;MR01;O.PURCHASE;0;R$ 0,00;R$ 0,00;Embu (SUL)
50084044;20002905;"CAMISA; SUP.VEN;FEM;JEANS;TAM M;MC;";BRCN;MR01;O.PURCHASE;7,000;R$ 50,21;R$ 351,49;Araraquara
50084044;20002905;"CAMISA; SUP.VEN;FEM;JEANS;TAM M;MC;";BRCS;MR01;O.PURCHASE;7,000;R$ 35,72;R$ 250,04;Embu (SUL)
50084046;0;"CAMISA; VEND; FEM;BEGE;TAM P;ML;BRAHMA";BRCN;MR01;O.PURCHASE;5,000;R$ 41,55;R$ 207,76;Araraquara
50084046;0;"CAMISA; VEND; FEM;BEGE;TAM P;ML;BRAHMA";BRD1;MR01;O.PURCHASE;6,000;R$ 41,35;R$ 248,09;Ribeirão Preto
50084047;0;"CAMISA; VEND; FEM;BEGE;TAM M;ML;BRAHMA";BRCN;MR01;O.PURCHASE;3,000;R$ 43,17;R$ 129,51;Araraquara
50084047;0;"CAMISA; VEND; FEM;BEGE;TAM M;ML;BRAHMA";BRD1;MR01;O.PURCHASE;6,000;R$ 47,47;R$ 284,83;Ribeirão Preto
50084050;20002914;"CAMISA;VEND; FEM;BEGE;TAM PP;MC;BRAHMA";BRCN;MR01;O.PURCHASE;6,000;R$ 37,35;R$ 224,07;Araraquara
50084050;20002914;"CAMISA;VEND; FEM;BEGE;TAM PP;MC;BRAHMA";BRCQ;MR01;O.PURCHASE;3,000;R$ 46,20;R$ 138,60;Campinas
50084050;20002914;"CAMISA;VEND; FEM;BEGE;TAM PP;MC;BRAHMA";BRD1;MR01;O.PURCHASE;1,000;R$ 39,38;R$ 39,38;Ribeirão Preto
50084050;20002914;"CAMISA;VEND; FEM;BEGE;TAM PP;MC;BRAHMA";BRD7;MR01;O.PURCHASE;20,000;R$ 35,92;R$ 718,41;Litoral - Praia Grande
50084051;20002915;"CAMISA; :FEMININA;; CdN:- 20036417";BRCT;MR01;O.PURCHASE;0;R$ 0,00;R$ 0,00;Guarulhos
50084051;20002915;"CAMISA; :FEMININA;; CdN:- 20036417";BRCX;MR01;O.PURCHASE;10,000;R$ 35,39;R$ 353,94;Mauá
50084051;20002915;"CAMISA; :FEMININA;; CdN:- 20036417";BRCZ;MR01;O.PURCHASE;7,000;R$ 36,76;R$ 257,35;Norte (Caieiras)
50084051;20002915;"CAMISA; :FEMININA;; CdN:- 20036417";BRD1;MR01;O.PURCHASE;0;R$ 0,00;R$ 0,00;Ribeirão Preto
50084052;20002916;"CAMISA; :FEMININA;; CdN:- 20036418";BRCQ;MR01;O.PURCHASE;1,000;R$ 39,55;R$ 39,55;Campinas
50084052;20002916;"CAMISA; :FEMININA;; CdN:- 20036418";BRCT;MR01;O.PURCHASE;0;R$ 0,00;R$ 0,00;Guarulhos
50084052;20002916;"CAMISA; :FEMININA;; CdN:- 20036418";BRCZ;MR01;O.PURCHASE;7,000;R$ 37,93;R$ 265,52;Norte (Caieiras)
50084052;20002916;"CAMISA; :FEMININA;; CdN:- 20036418";BRD1;MR01;O.PURCHASE;0;R$ 0,00;R$ 0,00;Ribeirão Preto
50084053;20002917;"CAMISA;VEND; FEM;BEGE;TAM G;MC;ANTARCTIC";BRCN;MR01;O.PURCHASE;3,000;R$ 41,86;R$ 125,59;Araraquara
50084053;20002917;"CAMISA;VEND; FEM;BEGE;TAM G;MC;ANTARCTIC";BRCQ;MR01;O.PURCHASE;4,000;R$ 5,30;R$ 21,21;Campinas
50084053;20002917;"CAMISA;VEND; FEM;BEGE;TAM G;MC;ANTARCTIC";BRCS;MR01;O.PURCHASE;0;R$ 0,00;R$ 0,00;Embu (SUL)
50084053;20002917;"CAMISA;VEND; FEM;BEGE;TAM G;MC;ANTARCTIC";BRCT;MR01;O.PURCHASE;1,000;R$ 38,78;R$ 38,78;Guarulhos
50084053;20002917;"CAMISA;VEND; FEM;BEGE;TAM G;MC;ANTARCTIC";BRD1;MR01;O.PURCHASE;1,000;R$ 38,16;R$ 38,16;Ribeirão Preto
50084053;20002917;"CAMISA;VEND; FEM;BEGE;TAM G;MC;ANTARCTIC";BRD7;MR01;O.PURCHASE;26,000;R$ 10,20;R$ 265,19;Litoral - Praia Grande
50084058;20002922;"CAMISA;VEND; MASC;BEGE;TAM M;ML;BRAHMA";BRD7;MR01;O.PURCHASE;17,000;R$ 21,96;R$ 373,24;Litoral - Praia Grande
50084060;20002926;"CAMISA; VEND; MASC;BEGE;TAM PP EM BR2H";BRCQ;MR01;O.PURCHASE;2,000;R$ 44,28;R$ 88,55;Campinas
50084060;20002926;"CAMISA; VEND; MASC;BEGE;TAM PP EM BR2H";BRD7;MR01;O.PURCHASE;14,000;R$ 34,04;R$ 476,54;Litoral - Praia Grande
50084061;0;"CAMISA; VEND; MASC;BEGE;TAM P;MC;BRAHMA";BRD3;MR01;O.PURCHASE;1,000;R$ 41,54;R$ 41,54;Suzano
50084062;20002928;"CAMISA; VEND; MASC;BEGE;TAM M;MC;BRAHMA";BRD7;MR01;O.PURCHASE;1,000;R$ 36,61;R$ 36,61;Litoral - Praia Grande
50084063;0;Camisa CN: 20036412;BRCT;MR01;O.PURCHASE;1,000;R$ 35,78;R$ 35,78;Guarulhos
50084064;20002930;"CAMISA; VEND; MASC;BEGE;TAM GG;MC;BRAHMA";BRCQ;MR01;O.PURCHASE;3,000;R$ 28,72;R$ 86,16;Campinas
50084064;20002930;"CAMISA; VEND; MASC;BEGE;TAM GG;MC;BRAHMA";BRCT;MR01;O.PURCHASE;0;R$ 0,00;R$ 0,00;Guarulhos
50084064;20002930;"CAMISA; VEND; MASC;BEGE;TAM GG;MC;BRAHMA";BRCX;MR01;O.PURCHASE;14,000;R$ 35,52;R$ 497,26;Mauá
50084064;20002930;"CAMISA; VEND; MASC;BEGE;TAM GG;MC;BRAHMA";BRCY;MR01;O.PURCHASE;3,000;R$ 36,07;R$ 108,21;Mogi Mirim
50084064;20002930;"CAMISA; VEND; MASC;BEGE;TAM GG;MC;BRAHMA";BRCZ;MR01;O.PURCHASE;4,000;R$ 12,14;R$ 48,55;Norte (Caieiras)
50084064;20002930;"CAMISA; VEND; MASC;BEGE;TAM GG;MC;BRAHMA";BRD3;MR01;O.PURCHASE;12,000;R$ 35,68;R$ 428,14;Suzano
50084065;20002931;"CAMISA;VEND; MASC;BEGE;TAM EXG;MC;BRAHMA";BRCM;MR01;O.PURCHASE;16,000;R$ 33,09;R$ 529,49;Araçatuba
50084065;20002931;"CAMISA;VEND; MASC;BEGE;TAM EXG;MC;BRAHMA";BRCN;MR01;O.PURCHASE;4,000;R$ 33,69;R$ 134,75;Araraquara
50084065;20002931;"CAMISA;VEND; MASC;BEGE;TAM EXG;MC;BRAHMA";BRCQ;MR01;O.PURCHASE;22,000;R$ 29,36;R$ 645,84;Campinas
50084065;20002931;"CAMISA;VEND; MASC;BEGE;TAM EXG;MC;BRAHMA";BRCT;MR01;O.PURCHASE;57,000;R$ 33,81;R$ 1.927,28;Guarulhos
50084065;20002931;"CAMISA;VEND; MASC;BEGE;TAM EXG;MC;BRAHMA";BRCX;MR01;O.PURCHASE;20,000;R$ 35,43;R$ 708,60;Mauá
50084065;20002931;"CAMISA;VEND; MASC;BEGE;TAM EXG;MC;BRAHMA";BRCY;MR01;O.PURCHASE;7,000;R$ 37,01;R$ 259,05;Mogi Mirim
50084065;20002931;"CAMISA;VEND; MASC;BEGE;TAM EXG;MC;BRAHMA";BRD3;MR01;O.PURCHASE;15,000;R$ 35,20;R$ 528,07;Suzano
50084065;20002931;"CAMISA;VEND; MASC;BEGE;TAM EXG;MC;BRAHMA";BRD7;MR01;O.PURCHASE;12,000;R$ 25,57;R$ 306,83;Litoral - Praia Grande
50084066;20002934;"CAMISA;VEND;FEM;BEGE;TAM G;ML;SKOL";BRD0;MR01;O.PURCHASE;7,000;R$ 38,85;R$ 271,92;Presidente Prudente
50084066;20002934;"CAMISA;VEND;FEM;BEGE;TAM G;ML;SKOL";BRD7;MR01;O.PURCHASE;20,000;R$ 36,92;R$ 738,43;Litoral - Praia Grande
50084067;20002935;"CAMISA;VEND;FEM;BEGE;TAM GG;ML EM BR2H";BRD0;MR01;O.PURCHASE;1,000;R$ 40,09;R$ 40,09;Presidente Prudente
50084067;20002935;"CAMISA;VEND;FEM;BEGE;TAM GG;ML EM BR2H";BRD7;MR01;O.PURCHASE;25,000;R$ 25,71;R$ 642,74;Litoral - Praia Grande
50084068;20002936;"CAMISA;VEND;MASC;BEGE;TAM P;ML EM BR2H";BRD7;MR01;O.PURCHASE;27,000;R$ 44,37;R$ 1.198,06;Litoral - Praia Grande
50084069;20002937;"CAMISA;VEND;MASC;BEGE;TAM G;ML EM BR2H";BRD7;MR01;O.PURCHASE;33,000;R$ 37,38;R$ 1.233,47;Litoral - Praia Grande
50084071;20002939;"CAMISA;  MODELO:MASCULINA;  EM BR2H";BRD0;MR01;O.PURCHASE;8,000;R$ 54,40;R$ 435,19;Presidente Prudente
50084072;20002940;"CAMISA; :MASCULINA;; CdN:- 20036414";BRD0;MR01;O.PURCHASE;3,000;R$ 53,66;R$ 160,97;Presidente Prudente
50084073;20002941;"CAMISA; :MASCULINA;; CdN:- 20036410";BRD0;MR01;O.PURCHASE;14,000;R$ 28,42;R$ 397,92;Presidente Prudente
50084074;20002942;"CAMISA;VEND;MASC;BEGE;TAM P;MC;SKOL";BRCR;MR01;O.PURCHASE;11,000;R$ 40,10;R$ 441,07;Diadema
50084074;20002942;"CAMISA;VEND;MASC;BEGE;TAM P;MC;SKOL";BRD7;MR01;O.PURCHASE;37,000;R$ 36,32;R$ 1.343,77;Litoral - Praia Grande
50084075;20002943;"CAMISA;VEND;MASC;BEGE;TAM M;MC;SKOL";BRD7;MR01;O.PURCHASE;27,000;R$ 31,58;R$ 852,78;Litoral - Praia Grande
50084076;20002944;"CAMISA;VEND;MASC;BEGE;TAM G;MC;SKOL";BRD7;MR01;O.PURCHASE;44,000;R$ 33,93;R$ 1.493,03;Litoral - Praia Grande
50084077;20002945;"CAMISA;VEND;MASC;BEGE;TAM GG;MC;SKOL";BRCQ;MR01;O.PURCHASE;11,000;R$ 36,12;R$ 397,33;Campinas
50084077;20002945;"CAMISA;VEND;MASC;BEGE;TAM GG;MC;SKOL";BRD7;MR01;O.PURCHASE;61,000;R$ 29,95;R$ 1.827,20;Litoral - Praia Grande
50084078;20002946;"CAMISA;VEND;MASC;BEGE;TAM EXG;MC;SKOL";BRCQ;MR01;O.PURCHASE;5,000;R$ 27,44;R$ 137,21;Campinas
50084078;20002946;"CAMISA;VEND;MASC;BEGE;TAM EXG;MC;SKOL";BRCX;MR01;O.PURCHASE;18,000;R$ 34,98;R$ 629,68;Mauá
50084078;20002946;"CAMISA;VEND;MASC;BEGE;TAM EXG;MC;SKOL";BRCY;MR01;O.PURCHASE;9,000;R$ 4,99;R$ 44,93;Mogi Mirim
50084078;20002946;"CAMISA;VEND;MASC;BEGE;TAM EXG;MC;SKOL";BRD0;MR01;O.PURCHASE;4,000;R$ 16,17;R$ 64,68;Presidente Prudente
50084082;20002953;"CAMISA;VEND;MASC;BEGE;TAM GG;MC;ANTARCTI";BRCQ;MR01;O.PURCHASE;10,000;R$ 36,74;R$ 367,40;Campinas
50084082;20002953;"CAMISA;VEND;MASC;BEGE;TAM GG;MC;ANTARCTI";BRD7;MR01;O.PURCHASE;15,000;R$ 23,67;R$ 355,01;Litoral - Praia Grande
50084083;20002954;"CAMISA;VEND;MASC;BEGE;TAM EXG;MC;ANTARCT";BRD7;MR01;O.PURCHASE;10,000;R$ 28,14;R$ 281,42;Litoral - Praia Grande
50084090;20002974;"CALCA JEANS;MASC;AZ;NUM 36";BRCM;MR01;O.PURCHASE;8,000;R$ 35,09;R$ 280,73;Araçatuba
50084090;20002974;"CALCA JEANS;MASC;AZ;NUM 36";BRCS;MR01;O.PURCHASE;1,000;R$ 41,01;R$ 41,01;Embu (SUL)
50084090;20002974;"CALCA JEANS;MASC;AZ;NUM 36";BRCT;MR01;O.PURCHASE;5,000;R$ 93,28;R$ 466,42;Guarulhos
50084090;20002974;"CALCA JEANS;MASC;AZ;NUM 36";BRCV;MR01;O.PURCHASE;10,000;R$ 31,01;R$ 310,12;Jundiai (SALTO)
50084090;20002974;"CALCA JEANS;MASC;AZ;NUM 36";BRCX;MR01;O.PURCHASE;7,000;R$ 36,54;R$ 255,75;Mauá
50084090;20002974;"CALCA JEANS;MASC;AZ;NUM 36";BRCZ;MR01;O.PURCHASE;20,000;R$ 33,65;R$ 672,97;Norte (Caieiras)
50084090;20002974;"CALCA JEANS;MASC;AZ;NUM 36";BRD0;MR01;O.PURCHASE;9,000;R$ 10,25;R$ 92,21;Presidente Prudente
50084090;20002974;"CALCA JEANS;MASC;AZ;NUM 36";BRD1;MR01;O.PURCHASE;2,000;R$ 130,81;R$ 261,62;Ribeirão Preto
50084090;20002974;"CALCA JEANS;MASC;AZ;NUM 36";BRD4;MR01;O.PURCHASE;0;R$ 0,00;R$ 0,00;Votorantim (SALTO)
50084091;20002975;"CALCA JEANS;MASC;AZ;NUM 38";BRCM;MR01;O.PURCHASE;16,000;R$ 138,24;R$ 2.211,82;Araçatuba
50084091;20002975;"CALCA JEANS;MASC;AZ;NUM 38";BRCN;MR01;O.PURCHASE;18,000;R$ 37,73;R$ 679,11;Araraquara
50084091;20002975;"CALCA JEANS;MASC;AZ;NUM 38";BRCO;MR01;O.PURCHASE;0;R$ 0,00;R$ 0,00;Barueri
50084091;20002975;"CALCA JEANS;MASC;AZ;NUM 38";BRCR;MR01;O.PURCHASE;3,000;R$ 54,06;R$ 162,18;Diadema
50084091;20002975;"CALCA JEANS;MASC;AZ;NUM 38";BRCS;MR01;O.PURCHASE;1,000;R$ 114,56;R$ 114,56;Embu (SUL)
50084091;20002975;"CALCA JEANS;MASC;AZ;NUM 38";BRCU;MR01;O.PURCHASE;7,000;R$ 40,21;R$ 281,46;Jaú
50084091;20002975;"CALCA JEANS;MASC;AZ;NUM 38";BRCV;MR01;O.PURCHASE;0;R$ 0,00;R$ 0,00;Jundiai (SALTO)
50084091;20002975;"CALCA JEANS;MASC;AZ;NUM 38";BRCX;MR01;O.PURCHASE;31,000;R$ 36,54;R$ 1.132,64;Mauá
50084091;20002975;"CALCA JEANS;MASC;AZ;NUM 38";BRCY;MR01;O.PURCHASE;6,000;R$ 168,80;R$ 1.012,81;Mogi Mirim
50084091;20002975;"CALCA JEANS;MASC;AZ;NUM 38";BRCZ;MR01;O.PURCHASE;24,000;R$ 26,68;R$ 640,40;Norte (Caieiras)
50084091;20002975;"CALCA JEANS;MASC;AZ;NUM 38";BRD0;MR01;O.PURCHASE;10,000;R$ 19,21;R$ 192,12;Presidente Prudente
50084091;20002975;"CALCA JEANS;MASC;AZ;NUM 38";BRD1;MR01;O.PURCHASE;5,000;R$ 123,20;R$ 616,00;Ribeirão Preto
50084092;20002976;"CALCA JEANS;MASC;AZ;NUM 40";BRCM;MR01;O.PURCHASE;13,000;R$ 87,41;R$ 1.136,38;Araçatuba
50084092;20002976;"CALCA JEANS;MASC;AZ;NUM 40";BRCN;MR01;O.PURCHASE;22,000;R$ 24,53;R$ 539,62;Araraquara
50084092;20002976;"CALCA JEANS;MASC;AZ;NUM 40";BRCQ;MR01;O.PURCHASE;0;R$ 0,00;R$ 0,00;Campinas
50084092;20002976;"CALCA JEANS;MASC;AZ;NUM 40";BRCT;MR01;O.PURCHASE;3,000;R$ 168,24;R$ 504,71;Guarulhos
50084092;20002976;"CALCA JEANS;MASC;AZ;NUM 40";BRCU;MR01;O.PURCHASE;22,000;R$ 37,39;R$ 822,47;Jaú
50084092;20002976;"CALCA JEANS;MASC;AZ;NUM 40";BRCV;MR01;O.PURCHASE;3,000;R$ 65,29;R$ 195,86;Jundiai (SALTO)
50084092;20002976;"CALCA JEANS;MASC;AZ;NUM 40";BRCX;MR01;O.PURCHASE;32,000;R$ 36,54;R$ 1.169,18;Mauá
50084092;20002976;"CALCA JEANS;MASC;AZ;NUM 40";BRCY;MR01;O.PURCHASE;0;R$ 0,00;R$ 0,00;Mogi Mirim
50084092;20002976;"CALCA JEANS;MASC;AZ;NUM 40";BRD0;MR01;O.PURCHASE;5,000;R$ 77,08;R$ 385,39;Presidente Prudente
50084092;20002976;"CALCA JEANS;MASC;AZ;NUM 40";BRD1;MR01;O.PURCHASE;20,000;R$ 46,04;R$ 920,77;Ribeirão Preto
50084092;20002976;"CALCA JEANS;MASC;AZ;NUM 40";BRD3;MR01;O.PURCHASE;1,000;R$ 45,70;R$ 45,70;Suzano
50084092;20002976;"CALCA JEANS;MASC;AZ;NUM 40";BRD7;MR01;O.PURCHASE;8,000;R$ 33,65;R$ 269,22;Litoral - Praia Grande
50084093;20002977;"CALCA JEANS;MASC;AZ;NUM 42";BRCM;MR01;O.PURCHASE;14,000;R$ 37,60;R$ 526,39;Araçatuba
50084093;20002977;"CALCA JEANS;MASC;AZ;NUM 42";BRCN;MR01;O.PURCHASE;16,000;R$ 40,16;R$ 642,59;Araraquara
50084093;20002977;"CALCA JEANS;MASC;AZ;NUM 42";BRCO;MR01;O.PURCHASE;0;R$ 0,00;R$ 0,00;Barueri
50084093;20002977;"CALCA JEANS;MASC;AZ;NUM 42";BRCR;MR01;O.PURCHASE;3,000;R$ 120,22;R$ 360,66;Diadema
50084093;20002977;"CALCA JEANS;MASC;AZ;NUM 42";BRCT;MR01;O.PURCHASE;0;R$ 0,00;R$ 0,00;Guarulhos
50084093;20002977;"CALCA JEANS;MASC;AZ;NUM 42";BRCU;MR01;O.PURCHASE;12,000;R$ 37,58;R$ 451,00;Jaú
50084093;20002977;"CALCA JEANS;MASC;AZ;NUM 42";BRCV;MR01;O.PURCHASE;1,000;R$ 103,88;R$ 103,88;Jundiai (SALTO)
50084093;20002977;"CALCA JEANS;MASC;AZ;NUM 42";BRCX;MR01;O.PURCHASE;2,000;R$ 36,54;R$ 73,07;Mauá
50084093;20002977;"CALCA JEANS;MASC;AZ;NUM 42";BRD0;MR01;O.PURCHASE;10,000;R$ 37,34;R$ 373,35;Presidente Prudente
50084093;20002977;"CALCA JEANS;MASC;AZ;NUM 42";BRD1;MR01;O.PURCHASE;0;R$ 0,00;R$ 0,00;Ribeirão Preto
50084093;20002977;"CALCA JEANS;MASC;AZ;NUM 42";BRD2;MR01;O.PURCHASE;0;R$ 0,00;R$ 0,00;São José dos Campos
50084093;20002977;"CALCA JEANS;MASC;AZ;NUM 42";BRD7;MR01;O.PURCHASE;4,000;R$ 99,10;R$ 396,40;Litoral - Praia Grande
50084094;20002978;"CALCA JEANS;MASC;AZ;NUM 44";BRCM;MR01;O.PURCHASE;3,000;R$ 104,44;R$ 313,33;Araçatuba
50084094;20002978;"CALCA JEANS;MASC;AZ;NUM 44";BRCN;MR01;O.PURCHASE;69,000;R$ 119,88;R$ 8.271,43;Araraquara
50084094;20002978;"CALCA JEANS;MASC;AZ;NUM 44";BRCT;MR01;O.PURCHASE;1,000;R$ 83,85;R$ 83,85;Guarulhos
50084094;20002978;"CALCA JEANS;MASC;AZ;NUM 44";BRCU;MR01;O.PURCHASE;0;R$ 0,00;R$ 0,00;Jaú
50084094;20002978;"CALCA JEANS;MASC;AZ;NUM 44";BRCV;MR01;O.PURCHASE;0;R$ 0,00;R$ 0,00;Jundiai (SALTO)
50084094;20002978;"CALCA JEANS;MASC;AZ;NUM 44";BRD0;MR01;O.PURCHASE;15,000;R$ 19,81;R$ 297,19;Presidente Prudente
50084094;20002978;"CALCA JEANS;MASC;AZ;NUM 44";BRD1;MR01;O.PURCHASE;0;R$ 0,00;R$ 0,00;Ribeirão Preto
50084094;20002978;"CALCA JEANS;MASC;AZ;NUM 44";BRD7;MR01;O.PURCHASE;12,000;R$ 27,61;R$ 331,35;Litoral - Praia Grande
50084095;20002979;"CALCA JEANS;MASC;AZ;NUM 46";BRCM;MR01;O.PURCHASE;3,000;R$ 39,75;R$ 119,25;Araçatuba
50084095;20002979;"CALCA JEANS;MASC;AZ;NUM 46";BRCN;MR01;O.PURCHASE;33,000;R$ 61,91;R$ 2.043,19;Araraquara
50084095;20002979;"CALCA JEANS;MASC;AZ;NUM 46";BRCS;MR01;O.PURCHASE;1,000;R$ 52,25;R$ 52,25;Embu (SUL)
50084095;20002979;"CALCA JEANS;MASC;AZ;NUM 46";BRCT;MR01;O.PURCHASE;2,000;R$ 250,31;R$ 500,62;Guarulhos
50084095;20002979;"CALCA JEANS;MASC;AZ;NUM 46";BRCV;MR01;O.PURCHASE;2,000;R$ 59,66;R$ 119,32;Jundiai (SALTO)
50084095;20002979;"CALCA JEANS;MASC;AZ;NUM 46";BRCX;MR01;O.PURCHASE;23,000;R$ 36,54;R$ 840,35;Mauá
50084095;20002979;"CALCA JEANS;MASC;AZ;NUM 46";BRD0;MR01;O.PURCHASE;30,000;R$ 36,99;R$ 1.109,69;Presidente Prudente
50084095;20002979;"CALCA JEANS;MASC;AZ;NUM 46";BRD1;MR01;O.PURCHASE;0;R$ 0,00;R$ 0,00;Ribeirão Preto
50084095;20002979;"CALCA JEANS;MASC;AZ;NUM 46";BRD7;MR01;O.PURCHASE;0;R$ 0,00;R$ 0,00;Litoral - Praia Grande
50084096;20002980;"CALCA JEANS;MASC;AZ;NUM 48";BRCN;MR01;O.PURCHASE;10,000;R$ 33,61;R$ 336,11;Araraquara
50084096;20002980;"CALCA JEANS;MASC;AZ;NUM 48";BRCS;MR01;O.PURCHASE;2,000;R$ 30,51;R$ 61,01;Embu (SUL)
50084096;20002980;"CALCA JEANS;MASC;AZ;NUM 48";BRCT;MR01;O.PURCHASE;8,000;R$ 138,12;R$ 1.104,92;Guarulhos
50084096;20002980;"CALCA JEANS;MASC;AZ;NUM 48";BRCU;MR01;O.PURCHASE;4,000;R$ 38,98;R$ 155,92;Jaú
50084096;20002980;"CALCA JEANS;MASC;AZ;NUM 48";BRCV;MR01;O.PURCHASE;0;R$ 0,00;R$ 0,00;Jundiai (SALTO)
50084096;20002980;"CALCA JEANS;MASC;AZ;NUM 48";BRCX;MR01;O.PURCHASE;3,000;R$ 36,54;R$ 109,61;Mauá
50084096;20002980;"CALCA JEANS;MASC;AZ;NUM 48";BRCY;MR01;O.PURCHASE;12,000;R$ 74,32;R$ 891,78;Mogi Mirim
50084096;20002980;"CALCA JEANS;MASC;AZ;NUM 48";BRD0;MR01;O.PURCHASE;17,000;R$ 21,19;R$ 360,15;Presidente Prudente
50084096;20002980;"CALCA JEANS;MASC;AZ;NUM 48";BRD1;MR01;O.PURCHASE;0;R$ 0,00;R$ 0,00;Ribeirão Preto
50084096;20002980;"CALCA JEANS;MASC;AZ;NUM 48";BRD2;MR01;O.PURCHASE;36,000;R$ 80,69;R$ 2.904,72;São José dos Campos
50084096;20002980;"CALCA JEANS;MASC;AZ;NUM 48";BRD7;MR01;O.PURCHASE;3,000;R$ 237,85;R$ 713,56;Litoral - Praia Grande
50084097;20002981;"CALCA JEANS;MASC;AZ;NUM 50";BRCN;MR01;O.PURCHASE;17,000;R$ 55,70;R$ 946,91;Araraquara
50084097;20002981;"CALCA JEANS;MASC;AZ;NUM 50";BRCQ;MR01;O.PURCHASE;2,000;R$ 161,00;R$ 322,00;Campinas
50084097;20002981;"CALCA JEANS;MASC;AZ;NUM 50";BRCS;MR01;O.PURCHASE;0;R$ 0,00;R$ 0,00;Embu (SUL)
50084097;20002981;"CALCA JEANS;MASC;AZ;NUM 50";BRCT;MR01;O.PURCHASE;6,000;R$ 38,73;R$ 232,39;Guarulhos
50084097;20002981;"CALCA JEANS;MASC;AZ;NUM 50";BRCU;MR01;O.PURCHASE;3,000;R$ 38,98;R$ 116,94;Jaú
50084097;20002981;"CALCA JEANS;MASC;AZ;NUM 50";BRCV;MR01;O.PURCHASE;4,000;R$ 45,15;R$ 180,59;Jundiai (SALTO)
50084097;20002981;"CALCA JEANS;MASC;AZ;NUM 50";BRCX;MR01;O.PURCHASE;13,000;R$ 36,54;R$ 474,97;Mauá
50084097;20002981;"CALCA JEANS;MASC;AZ;NUM 50";BRCY;MR01;O.PURCHASE;6,000;R$ 39,13;R$ 234,75;Mogi Mirim
50084097;20002981;"CALCA JEANS;MASC;AZ;NUM 50";BRCZ;MR01;O.PURCHASE;9,000;R$ 45,18;R$ 406,60;Norte (Caieiras)
50084097;20002981;"CALCA JEANS;MASC;AZ;NUM 50";BRD0;MR01;O.PURCHASE;30,000;R$ 35,15;R$ 1.054,61;Presidente Prudente
50084097;20002981;"CALCA JEANS;MASC;AZ;NUM 50";BRD1;MR01;O.PURCHASE;5,000;R$ 39,55;R$ 197,74;Ribeirão Preto
50084097;20002981;"CALCA JEANS;MASC;AZ;NUM 50";BRD4;MR01;O.PURCHASE;0;R$ 0,00;R$ 0,00;Votorantim (SALTO)
50084097;20002981;"CALCA JEANS;MASC;AZ;NUM 50";BRD7;MR01;O.PURCHASE;4,000;R$ 26,56;R$ 106,22;Litoral - Praia Grande
50084098;20002982;"CALCA JEANS;MASC;AZ;NUM 52";BRCM;MR01;O.PURCHASE;3,000;R$ 31,15;R$ 93,46;Araçatuba
50084098;20002982;"CALCA JEANS;MASC;AZ;NUM 52";BRCN;MR01;O.PURCHASE;27,000;R$ 33,16;R$ 895,25;Araraquara
50084098;20002982;"CALCA JEANS;MASC;AZ;NUM 52";BRCQ;MR01;O.PURCHASE;4,000;R$ 43,58;R$ 174,33;Campinas
50084098;20002982;"CALCA JEANS;MASC;AZ;NUM 52";BRCR;MR01;O.PURCHASE;13,000;R$ 104,04;R$ 1.352,57;Diadema
50084098;20002982;"CALCA JEANS;MASC;AZ;NUM 52";BRCS;MR01;O.PURCHASE;2,000;R$ 57,88;R$ 115,76;Embu (SUL)
50084098;20002982;"CALCA JEANS;MASC;AZ;NUM 52";BRCT;MR01;O.PURCHASE;1,000;R$ 66,40;R$ 66,40;Guarulhos
50084098;20002982;"CALCA JEANS;MASC;AZ;NUM 52";BRCU;MR01;O.PURCHASE;4,000;R$ 43,69;R$ 174,77;Jaú
50084098;20002982;"CALCA JEANS;MASC;AZ;NUM 52";BRCV;MR01;O.PURCHASE;4,000;R$ 33,56;R$ 134,25;Jundiai (SALTO)
50084098;20002982;"CALCA JEANS;MASC;AZ;NUM 52";BRCX;MR01;O.PURCHASE;31,000;R$ 36,54;R$ 1.132,63;Mauá
50084098;20002982;"CALCA JEANS;MASC;AZ;NUM 52";BRCY;MR01;O.PURCHASE;11,000;R$ 39,13;R$ 430,38;Mogi Mirim
50084098;20002982;"CALCA JEANS;MASC;AZ;NUM 52";BRCZ;MR01;O.PURCHASE;25,000;R$ 32,90;R$ 822,47;Norte (Caieiras)
50084098;20002982;"CALCA JEANS;MASC;AZ;NUM 52";BRD0;MR01;O.PURCHASE;7,000;R$ 46,50;R$ 325,53;Presidente Prudente
50084098;20002982;"CALCA JEANS;MASC;AZ;NUM 52";BRD1;MR01;O.PURCHASE;28,000;R$ 35,59;R$ 996,43;Ribeirão Preto
50084098;20002982;"CALCA JEANS;MASC;AZ;NUM 52";BRD7;MR01;O.PURCHASE;2,000;R$ 31,97;R$ 63,94;Litoral - Praia Grande
50084099;20002983;"CALCA JEANS;MASC;AZ;NUM 54";BRCM;MR01;O.PURCHASE;0;R$ 0,00;R$ 0,00;Araçatuba
50084099;20002983;"CALCA JEANS;MASC;AZ;NUM 54";BRCN;MR01;O.PURCHASE;16,000;R$ 32,36;R$ 517,78;Araraquara
50084099;20002983;"CALCA JEANS;MASC;AZ;NUM 54";BRCQ;MR01;O.PURCHASE;4,000;R$ 97,39;R$ 389,57;Campinas
50084099;20002983;"CALCA JEANS;MASC;AZ;NUM 54";BRCT;MR01;O.PURCHASE;4,000;R$ 138,11;R$ 552,43;Guarulhos
50084099;20002983;"CALCA JEANS;MASC;AZ;NUM 54";BRCU;MR01;O.PURCHASE;3,000;R$ 43,69;R$ 131,08;Jaú
50084099;20002983;"CALCA JEANS;MASC;AZ;NUM 54";BRCV;MR01;O.PURCHASE;7,000;R$ 44,27;R$ 309,90;Jundiai (SALTO)
50084099;20002983;"CALCA JEANS;MASC;AZ;NUM 54";BRCX;MR01;O.PURCHASE;30,000;R$ 36,54;R$ 1.096,10;Mauá
50084099;20002983;"CALCA JEANS;MASC;AZ;NUM 54";BRCZ;MR01;O.PURCHASE;26,000;R$ 19,42;R$ 504,87;Norte (Caieiras)
50084099;20002983;"CALCA JEANS;MASC;AZ;NUM 54";BRD0;MR01;O.PURCHASE;12,000;R$ 28,67;R$ 344,06;Presidente Prudente
50084099;20002983;"CALCA JEANS;MASC;AZ;NUM 54";BRD1;MR01;O.PURCHASE;25,000;R$ 16,18;R$ 404,53;Ribeirão Preto
50084099;20002983;"CALCA JEANS;MASC;AZ;NUM 54";BRD3;MR01;O.PURCHASE;4,000;R$ 101,76;R$ 407,02;Suzano
50084099;20002983;"CALCA JEANS;MASC;AZ;NUM 54";BRD7;MR01;O.PURCHASE;4,000;R$ 31,74;R$ 126,95;Litoral - Praia Grande
50084100;20002984;"CALCA JEANS;MASC;AZ;NUM 56";BRCM;MR01;O.PURCHASE;6,000;R$ 31,16;R$ 186,93;Araçatuba
50084100;20002984;"CALCA JEANS;MASC;AZ;NUM 56";BRCQ;MR01;O.PURCHASE;0;R$ 0,00;R$ 0,00;Campinas
50084100;20002984;"CALCA JEANS;MASC;AZ;NUM 56";BRCR;MR01;O.PURCHASE;2,000;R$ 0,05;R$ 0,10;Diadema
50084100;20002984;"CALCA JEANS;MASC;AZ;NUM 56";BRCT;MR01;O.PURCHASE;0;R$ 0,00;R$ 0,00;Guarulhos
50084100;20002984;"CALCA JEANS;MASC;AZ;NUM 56";BRCU;MR01;O.PURCHASE;4,000;R$ 43,69;R$ 174,77;Jaú
50084100;20002984;"CALCA JEANS;MASC;AZ;NUM 56";BRCV;MR01;O.PURCHASE;0;R$ 0,00;R$ 0,00;Jundiai (SALTO)
50084100;20002984;"CALCA JEANS;MASC;AZ;NUM 56";BRCX;MR01;O.PURCHASE;7,000;R$ 36,54;R$ 255,75;Mauá
50084100;20002984;"CALCA JEANS;MASC;AZ;NUM 56";BRCZ;MR01;O.PURCHASE;23,000;R$ 27,77;R$ 638,72;Norte (Caieiras)
50084100;20002984;"CALCA JEANS;MASC;AZ;NUM 56";BRD0;MR01;O.PURCHASE;10,000;R$ 33,20;R$ 331,99;Presidente Prudente
50084100;20002984;"CALCA JEANS;MASC;AZ;NUM 56";BRD1;MR01;O.PURCHASE;18,000;R$ 30,67;R$ 552,05;Ribeirão Preto
50084100;20002984;"CALCA JEANS;MASC;AZ;NUM 56";BRD3;MR01;O.PURCHASE;1,000;R$ 99,29;R$ 99,29;Suzano
50084101;20002985;"CALCA JEANS;MASC;AZ;NUM 58";BRCN;MR01;O.PURCHASE;5,000;R$ 54,35;R$ 271,77;Araraquara
50084101;20002985;"CALCA JEANS;MASC;AZ;NUM 58";BRCO;MR01;O.PURCHASE;0;R$ 0,00;R$ 0,00;Barueri
50084101;20002985;"CALCA JEANS;MASC;AZ;NUM 58";BRCQ;MR01;O.IMPORTED;12,000;R$ 1,00;R$ 12,00;Campinas
50084101;20002985;"CALCA JEANS;MASC;AZ;NUM 58";BRCQ;MR01;O.PURCHASE;6,000;R$ 63,82;R$ 382,92;Campinas
50084101;20002985;"CALCA JEANS;MASC;AZ;NUM 58";BRCR;MR01;O.PURCHASE;12,000;R$ 36,21;R$ 434,46;Diadema
50084101;20002985;"CALCA JEANS;MASC;AZ;NUM 58";BRCU;MR01;O.PURCHASE;3,000;R$ 43,69;R$ 131,08;Jaú
50084101;20002985;"CALCA JEANS;MASC;AZ;NUM 58";BRCX;MR01;O.PURCHASE;11,000;R$ 36,54;R$ 401,90;Mauá
50084101;20002985;"CALCA JEANS;MASC;AZ;NUM 58";BRCZ;MR01;O.PURCHASE;20,000;R$ 23,80;R$ 476,07;Norte (Caieiras)
50084101;20002985;"CALCA JEANS;MASC;AZ;NUM 58";BRD0;MR01;O.PURCHASE;10,000;R$ 35,80;R$ 357,99;Presidente Prudente
50084101;20002985;"CALCA JEANS;MASC;AZ;NUM 58";BRD1;MR01;O.PURCHASE;4,000;R$ 19,40;R$ 77,61;Ribeirão Preto
50084102;20002986;"CALCA JEANS;MASC;AZ;NUM 62";BRCQ;MR01;O.PURCHASE;5,000;R$ 46,99;R$ 234,97;Campinas
50084102;20002986;"CALCA JEANS;MASC;AZ;NUM 62";BRCR;MR01;O.PURCHASE;11,000;R$ 36,16;R$ 397,80;Diadema
50084102;20002986;"CALCA JEANS;MASC;AZ;NUM 62";BRCS;MR01;O.PURCHASE;2,000;R$ 42,22;R$ 84,44;Embu (SUL)
50084102;20002986;"CALCA JEANS;MASC;AZ;NUM 62";BRCU;MR01;O.PURCHASE;3,000;R$ 45,83;R$ 137,49;Jaú
50084102;20002986;"CALCA JEANS;MASC;AZ;NUM 62";BRCX;MR01;O.PURCHASE;3,000;R$ 36,54;R$ 109,61;Mauá
50084103;0;"CALCA JEANS;MASC;AZ;NUM 64";BRCQ;MR01;O.PURCHASE;4,000;R$ 88,67;R$ 354,69;Campinas
50084103;0;"CALCA JEANS;MASC;AZ;NUM 64";BRCR;MR01;O.PURCHASE;14,000;R$ 36,16;R$ 506,29;Diadema
50084103;0;"CALCA JEANS;MASC;AZ;NUM 64";BRCT;MR01;O.PURCHASE;2,000;R$ 100,95;R$ 201,90;Guarulhos
50084103;0;"CALCA JEANS;MASC;AZ;NUM 64";BRCX;MR01;O.PURCHASE;16,000;R$ 36,54;R$ 584,58;Mauá
50084104;20002988;"CALCA JEANS;FEM;AZ;NUM 36;13OZ";BRD3;MR01;O.PURCHASE;7,000;R$ 137,42;R$ 961,95;Suzano
50084105;0;"CALCA JEANS;FEM;AZ;NUM 38;13OZ";BRCQ;MR01;O.PURCHASE;3,000;R$ 37,90;R$ 113,71;Campinas
50084105;0;"CALCA JEANS;FEM;AZ;NUM 38;13OZ";BRD1;MR01;O.PURCHASE;5,000;R$ 39,68;R$ 198,40;Ribeirão Preto
50084105;0;"CALCA JEANS;FEM;AZ;NUM 38;13OZ";BRD3;MR01;O.PURCHASE;10,000;R$ 104,23;R$ 1.042,25;Suzano
50084106;0;"CALCA JEANS;FEM;AZ;NUM 40;13OZ";BRCM;MR01;O.PURCHASE;4,000;R$ 52,65;R$ 210,61;Araçatuba
50084106;0;"CALCA JEANS;FEM;AZ;NUM 40;13OZ";BRCT;MR01;O.PURCHASE;1,000;R$ 42,59;R$ 42,59;Guarulhos
50084106;0;"CALCA JEANS;FEM;AZ;NUM 40;13OZ";BRD0;MR01;O.PURCHASE;6,000;R$ 38,57;R$ 231,41;Presidente Prudente
50084106;0;"CALCA JEANS;FEM;AZ;NUM 40;13OZ";BRD1;MR01;O.PURCHASE;5,000;R$ 40,55;R$ 202,74;Ribeirão Preto
50084106;0;"CALCA JEANS;FEM;AZ;NUM 40;13OZ";BRD3;MR01;O.PURCHASE;6,000;R$ 61,01;R$ 366,03;Suzano
50084107;0;"CALCA JEANS;FEM;AZ;NUM 42;13OZ";BRCM;MR01;O.PURCHASE;5,000;R$ 57,76;R$ 288,81;Araçatuba
50084107;0;"CALCA JEANS;FEM;AZ;NUM 42;13OZ";BRD0;MR01;O.PURCHASE;7,000;R$ 30,42;R$ 212,92;Presidente Prudente
50084107;0;"CALCA JEANS;FEM;AZ;NUM 42;13OZ";BRD1;MR01;O.PURCHASE;2,000;R$ 28,50;R$ 57,00;Ribeirão Preto
50084108;20002992;"CALCA JEANS;FEM;AZ;NUM 44;13OZ";BRCN;MR01;O.PURCHASE;8,000;R$ 95,45;R$ 763,63;Araraquara
50084109;20002993;"CALCA JEANS;FEM;AZ;NUM 46;13OZ";BRCS;MR01;O.PURCHASE;1,000;R$ 127,41;R$ 127,41;Embu (SUL)
50084109;20002993;"CALCA JEANS;FEM;AZ;NUM 46;13OZ";BRD1;MR01;O.PURCHASE;0;R$ 0,00;R$ 0,00;Ribeirão Preto
50084213;20000238;"BOTINA SEG;BR;MARLUVAS/50B19CPAPN43CBIQ";BRCM;MR01;O.PURCHASE;2;R$ 109,18;R$ 218,35;Araçatuba
50084213;20000238;"BOTINA SEG;BR;MARLUVAS/50B19CPAPN43CBIQ";BRCN;MR01;O.PURCHASE;1;R$ 103,27;R$ 103,27;Araraquara
50084213;20000238;"BOTINA SEG;BR;MARLUVAS/50B19CPAPN43CBIQ";BRCQ;MR01;O.PURCHASE;1;R$ 111,59;R$ 111,59;Campinas
50084213;20000238;"BOTINA SEG;BR;MARLUVAS/50B19CPAPN43CBIQ";BRCR;MR01;O.PURCHASE;11;R$ 117,14;R$ 1.288,59;Diadema
50084213;20000238;"BOTINA SEG;BR;MARLUVAS/50B19CPAPN43CBIQ";BRCS;MR01;O.PURCHASE;2;R$ 77,45;R$ 154,89;Embu (SUL)
50084213;20000238;"BOTINA SEG;BR;MARLUVAS/50B19CPAPN43CBIQ";BRCV;MR01;O.PURCHASE;0;R$ 0,00;R$ 0,00;Jundiai (SALTO)
50084213;20000238;"BOTINA SEG;BR;MARLUVAS/50B19CPAPN43CBIQ";BRCX;MR01;O.PURCHASE;2;R$ 139,75;R$ 279,50;Mauá
50084213;20000238;"BOTINA SEG;BR;MARLUVAS/50B19CPAPN43CBIQ";BRD1;MR01;O.PURCHASE;4;R$ 89,25;R$ 356,98;Ribeirão Preto
50084213;20000238;"BOTINA SEG;BR;MARLUVAS/50B19CPAPN43CBIQ";BRD2;MR01;O.PURCHASE;0;R$ 0,00;R$ 0,00;São José dos Campos
50084213;20000238;"BOTINA SEG;BR;MARLUVAS/50B19CPAPN43CBIQ";BRD3;MR01;O.PURCHASE;5;R$ 116,16;R$ 580,79;Suzano
50084213;20000238;"BOTINA SEG;BR;MARLUVAS/50B19CPAPN43CBIQ";BRD5;MR01;O.PURCHASE;0;R$ 0,00;R$ 0,00;Taubaté
50084213;20000238;"BOTINA SEG;BR;MARLUVAS/50B19CPAPN43CBIQ";BRD7;MR01;O.PURCHASE;5;R$ 113,25;R$ 566,23;Litoral - Praia Grande
50084214;20000239;"CINTO SEG;POLIES;HERCULES/SPL01203M";BRCS;MR01;O.PURCHASE;0;R$ 0,00;R$ 0,00;Embu (SUL)
50084214;20000239;"CINTO SEG;POLIES;HERCULES/SPL01203M";BRCY;MR01;O.PURCHASE;0;R$ 0,00;R$ 0,00;Mogi Mirim
50084214;20000239;"CINTO SEG;POLIES;HERCULES/SPL01203M";BRD1;MR01;O.PURCHASE;0;R$ 0,00;R$ 0,00;Ribeirão Preto
50084231;0;"CARTAO;IDENTIFIC BLOQ;PES;S/LOG";BRD2;MR01;O.PURCHASE;1,000;R$ 19,93;R$ 19,93;São José dos Campos
50084234;0;"GARRA TRAV SEG P/EQUIP;SIMP;BRADY/99668";BRD2;MR01;O.IMPORTED;1,000;R$ 72,00;R$ 72,00;São José dos Campos
50084256;0;"CADEADO;CORP FIBR VIDR;LARG 40MM;21MM";BRD2;MR01;O.PURCHASE;1,000;R$ 47,84;R$ 47,84;São José dos Campos
50084280;20000390;FITA ZEBRADA ISO PP,AM/PT,3M/H0001918830;BRCM;MR01;O.PURCHASE;1,000;R$ 6,14;R$ 6,14;Araçatuba
50084280;20000390;FITA ZEBRADA ISO PP,AM/PT,3M/H0001918830;BRCN;MR01;O.PURCHASE;14,000;R$ 6,24;R$ 87,40;Araraquara
50084280;20000390;FITA ZEBRADA ISO PP,AM/PT,3M/H0001918830;BRCO;MR01;O.PURCHASE;79,000;R$ 5,42;R$ 428,12;Barueri
50084280;20000390;FITA ZEBRADA ISO PP,AM/PT,3M/H0001918830;BRCR;MR01;O.PURCHASE;42,000;R$ 6,27;R$ 263,41;Diadema
50084280;20000390;FITA ZEBRADA ISO PP,AM/PT,3M/H0001918830;BRCT;MR01;O.PURCHASE;47,000;R$ 6,30;R$ 296,04;Guarulhos
50084280;20000390;FITA ZEBRADA ISO PP,AM/PT,3M/H0001918830;BRCV;MR01;O.PURCHASE;79,000;R$ 5,64;R$ 445,93;Jundiai (SALTO)
50084280;20000390;FITA ZEBRADA ISO PP,AM/PT,3M/H0001918830;BRCX;MR01;O.PURCHASE;42,000;R$ 5,64;R$ 237,08;Mauá
50084280;20000390;FITA ZEBRADA ISO PP,AM/PT,3M/H0001918830;BRD0;MR01;O.PURCHASE;6,000;R$ 6,52;R$ 39,13;Presidente Prudente
50084280;20000390;FITA ZEBRADA ISO PP,AM/PT,3M/H0001918830;BRD1;MR01;O.PURCHASE;98,000;R$ 5,61;R$ 549,95;Ribeirão Preto
50084280;20000390;FITA ZEBRADA ISO PP,AM/PT,3M/H0001918830;BRD2;MR01;O.PURCHASE;27,000;R$ 4,80;R$ 129,55;São José dos Campos
50084280;20000390;FITA ZEBRADA ISO PP,AM/PT,3M/H0001918830;BRD3;MR01;O.PURCHASE;190,000;R$ 6,15;R$ 1.168,99;Suzano
50084280;20000390;FITA ZEBRADA ISO PP,AM/PT,3M/H0001918830;BRD5;MR01;O.PURCHASE;4,000;R$ 4,91;R$ 19,62;Taubaté
50084280;20000390;FITA ZEBRADA ISO PP,AM/PT,3M/H0001918830;BRD7;MR01;O.PURCHASE;100,000;R$ 5,76;R$ 575,82;Litoral - Praia Grande
50084283;20000396;"OCULOS SEG;LENT POLICARB;AEARO/OX2000";BRCM;MR01;O.IMPORTED;0;R$ 0,00;R$ 0,00;Araçatuba
50084283;20000396;"OCULOS SEG;LENT POLICARB;AEARO/OX2000";BRCM;MR01;O.PURCHASE;15,000;R$ 21,18;R$ 317,63;Araçatuba
50084283;20000396;"OCULOS SEG;LENT POLICARB;AEARO/OX2000";BRCN;MR01;O.IMPORTED;12,000;R$ 18,31;R$ 219,76;Araraquara
50084283;20000396;"OCULOS SEG;LENT POLICARB;AEARO/OX2000";BRCO;MR01;O.IMPORTED;1,000;R$ 19,63;R$ 19,63;Barueri
50084283;20000396;"OCULOS SEG;LENT POLICARB;AEARO/OX2000";BRCO;MR01;O.PURCHASE;47,000;R$ 21,85;R$ 1.027,02;Barueri
50084283;20000396;"OCULOS SEG;LENT POLICARB;AEARO/OX2000";BRCQ;MR01;O.IMPORTED;10,000;R$ 19,63;R$ 196,32;Campinas
50084283;20000396;"OCULOS SEG;LENT POLICARB;AEARO/OX2000";BRCQ;MR01;O.PURCHASE;28,000;R$ 21,18;R$ 592,93;Campinas
50084283;20000396;"OCULOS SEG;LENT POLICARB;AEARO/OX2000";BRCS;MR01;O.PURCHASE;0;R$ 0,00;R$ 0,00;Embu (SUL)
50084283;20000396;"OCULOS SEG;LENT POLICARB;AEARO/OX2000";BRCT;MR01;O.IMPORTED;6,000;R$ 17,85;R$ 107,12;Guarulhos
50084283;20000396;"OCULOS SEG;LENT POLICARB;AEARO/OX2000";BRCU;MR01;O.IMPORTED;43,000;R$ 17,83;R$ 766,80;Jaú
50084283;20000396;"OCULOS SEG;LENT POLICARB;AEARO/OX2000";BRCV;MR01;O.IMPORTED;8,000;R$ 19,63;R$ 157,06;Jundiai (SALTO)
50084283;20000396;"OCULOS SEG;LENT POLICARB;AEARO/OX2000";BRCV;MR01;O.PURCHASE;18,000;R$ 22,03;R$ 396,60;Jundiai (SALTO)
50084283;20000396;"OCULOS SEG;LENT POLICARB;AEARO/OX2000";BRCX;MR01;O.IMPORTED;3,000;R$ 19,08;R$ 57,24;Mauá
50084283;20000396;"OCULOS SEG;LENT POLICARB;AEARO/OX2000";BRCY;MR01;O.IMPORTED;0;R$ 0,00;R$ 0,00;Mogi Mirim
50084283;20000396;"OCULOS SEG;LENT POLICARB;AEARO/OX2000";BRCZ;MR01;O.IMPORTED;4,000;R$ 17,02;R$ 68,09;Norte (Caieiras)
50084283;20000396;"OCULOS SEG;LENT POLICARB;AEARO/OX2000";BRD0;MR01;O.IMPORTED;3,000;R$ 19,17;R$ 57,52;Presidente Prudente
50084283;20000396;"OCULOS SEG;LENT POLICARB;AEARO/OX2000";BRD1;MR01;O.PURCHASE;0;R$ 0,00;R$ 0,00;Ribeirão Preto
50084283;20000396;"OCULOS SEG;LENT POLICARB;AEARO/OX2000";BRD2;MR01;O.IMPORTED;2,000;R$ 17,44;R$ 34,87;São José dos Campos
50084283;20000396;"OCULOS SEG;LENT POLICARB;AEARO/OX2000";BRD2;MR01;O.PURCHASE;20,000;R$ 21,18;R$ 423,53;São José dos Campos
50084283;20000396;"OCULOS SEG;LENT POLICARB;AEARO/OX2000";BRD3;MR01;O.IMPORTED;6,000;R$ 17,85;R$ 107,07;Suzano
50084283;20000396;"OCULOS SEG;LENT POLICARB;AEARO/OX2000";BRD3;MR01;O.PURCHASE;8,000;R$ 21,18;R$ 169,41;Suzano
50084283;20000396;"OCULOS SEG;LENT POLICARB;AEARO/OX2000";BRD5;MR01;O.IMPORTED;4,000;R$ 19,63;R$ 78,53;Taubaté
50084283;20000396;"OCULOS SEG;LENT POLICARB;AEARO/OX2000";BRD5;MR01;O.PURCHASE;26,000;R$ 22,03;R$ 572,87;Taubaté
50084291;20000407;"BOTA SEG;PVC;BR;S/BIQ;SPN°44;;P/SPK06144";BRCN;MR01;O.PURCHASE;4;R$ 48,29;R$ 193,14;Araraquara
50084291;20000407;"BOTA SEG;PVC;BR;S/BIQ;SPN°44;;P/SPK06144";BRCU;MR01;O.PURCHASE;5;R$ 39,59;R$ 197,96;Jaú
50084291;20000407;"BOTA SEG;PVC;BR;S/BIQ;SPN°44;;P/SPK06144";BRD0;MR01;O.PURCHASE;4;R$ 50,84;R$ 203,37;Presidente Prudente
50084291;20000407;"BOTA SEG;PVC;BR;S/BIQ;SPN°44;;P/SPK06144";BRD1;MR01;O.PURCHASE;5;R$ 44,68;R$ 223,41;Ribeirão Preto
50084293;20000409;"BOTA SEG;PVC;BR;41;CURT;C/FORR;S/BIQ";BRCN;MR01;O.PURCHASE;5;R$ 48,28;R$ 241,42;Araraquara
50084293;20000409;"BOTA SEG;PVC;BR;41;CURT;C/FORR;S/BIQ";BRCU;MR01;O.PURCHASE;2;R$ 38,00;R$ 75,99;Jaú
50084293;20000409;"BOTA SEG;PVC;BR;41;CURT;C/FORR;S/BIQ";BRD0;MR01;O.PURCHASE;7;R$ 45,68;R$ 319,74;Presidente Prudente
50084293;20000409;"BOTA SEG;PVC;BR;41;CURT;C/FORR;S/BIQ";BRD1;MR01;O.PURCHASE;4;R$ 41,63;R$ 166,53;Ribeirão Preto
50084306;20000424;"CAPA PROT CHUV;G;AM;HERCULES EQUIP/9884";BRCN;MR01;O.PURCHASE;0;R$ 0,00;R$ 0,00;Araraquara
50084306;20000424;"CAPA PROT CHUV;G;AM;HERCULES EQUIP/9884";BRCX;MR01;O.PURCHASE;21,000;R$ 18,34;R$ 385,16;Mauá
50084306;20000424;"CAPA PROT CHUV;G;AM;HERCULES EQUIP/9884";BRCZ;MR01;O.PURCHASE;44,000;R$ 16,31;R$ 717,63;Norte (Caieiras)
50084306;20000424;"CAPA PROT CHUV;G;AM;HERCULES EQUIP/9884";BRD1;MR01;O.PURCHASE;25,000;R$ 30,21;R$ 755,22;Ribeirão Preto
50084306;20000424;"CAPA PROT CHUV;G;AM;HERCULES EQUIP/9884";BRD7;MR01;O.PURCHASE;2,000;R$ 12,95;R$ 25,89;Litoral - Praia Grande
50084313;0;"CANETA MARC TXT;AM;FABER CASTELL/SMDTZF";BRD1;MR01;O.PURCHASE;10,000;R$ 2,77;R$ 27,66;Ribeirão Preto
50084332;20000453;"BOTA SEG;PVC;S/BIQ;ALPARGATAS/SPB05537";BRCM;MR01;O.PURCHASE;3;R$ 49,03;R$ 147,09;Araçatuba
50084332;20000453;"BOTA SEG;PVC;S/BIQ;ALPARGATAS/SPB05537";BRCO;MR01;O.PURCHASE;4;R$ 98,35;R$ 393,39;Barueri
50084332;20000453;"BOTA SEG;PVC;S/BIQ;ALPARGATAS/SPB05537";BRCQ;MR01;O.PURCHASE;3;R$ 53,19;R$ 159,57;Campinas
50084332;20000453;"BOTA SEG;PVC;S/BIQ;ALPARGATAS/SPB05537";BRCT;MR01;O.PURCHASE;12;R$ 25,93;R$ 311,11;Guarulhos
50084332;20000453;"BOTA SEG;PVC;S/BIQ;ALPARGATAS/SPB05537";BRCV;MR01;O.PURCHASE;12;R$ 55,32;R$ 663,85;Jundiai (SALTO)
50084332;20000453;"BOTA SEG;PVC;S/BIQ;ALPARGATAS/SPB05537";BRCX;MR01;O.PURCHASE;2;R$ 22,77;R$ 45,54;Mauá
50084332;20000453;"BOTA SEG;PVC;S/BIQ;ALPARGATAS/SPB05537";BRCZ;MR01;O.PURCHASE;2;R$ 31,61;R$ 63,21;Norte (Caieiras)
50084332;20000453;"BOTA SEG;PVC;S/BIQ;ALPARGATAS/SPB05537";BRD0;MR01;O.PURCHASE;5;R$ 49,84;R$ 249,22;Presidente Prudente
50084332;20000453;"BOTA SEG;PVC;S/BIQ;ALPARGATAS/SPB05537";BRD1;MR01;O.PURCHASE;2;R$ 43,69;R$ 87,37;Ribeirão Preto
50084332;20000453;"BOTA SEG;PVC;S/BIQ;ALPARGATAS/SPB05537";BRD3;MR01;O.PURCHASE;2;R$ 42,70;R$ 85,39;Suzano
50084332;20000453;"BOTA SEG;PVC;S/BIQ;ALPARGATAS/SPB05537";BRD7;MR01;O.PURCHASE;5;R$ 79,59;R$ 397,96;Litoral - Praia Grande
50084347;20000474;"CAPA PROT CHUV;TREVIRA;C/CAP;LONG;TAM P";BRCX;MR01;O.PURCHASE;29,000;R$ 17,83;R$ 517,08;Mauá
50084347;20000474;"CAPA PROT CHUV;TREVIRA;C/CAP;LONG;TAM P";BRCZ;MR01;O.PURCHASE;8,000;R$ 36,12;R$ 288,95;Norte (Caieiras)
50084347;20000474;"CAPA PROT CHUV;TREVIRA;C/CAP;LONG;TAM P";BRD1;MR01;O.PURCHASE;0;R$ 0,00;R$ 0,00;Ribeirão Preto
50084347;20000474;"CAPA PROT CHUV;TREVIRA;C/CAP;LONG;TAM P";BRD3;MR01;O.PURCHASE;35,000;R$ 19,65;R$ 687,78;Suzano
50084347;20000474;"CAPA PROT CHUV;TREVIRA;C/CAP;LONG;TAM P";BRD5;MR01;O.PURCHASE;0;R$ 0,00;R$ 0,00;Taubaté
50084347;20000474;"CAPA PROT CHUV;TREVIRA;C/CAP;LONG;TAM P";BRD7;MR01;O.PURCHASE;11,000;R$ 18,74;R$ 206,09;Litoral - Praia Grande
50084348;20000475;"CAPA PROT CHUV;TREVIRA;C/CAP;LONG;TAM GG";BRCX;MR01;O.PURCHASE;73,000;R$ 19,80;R$ 1.445,40;Mauá
50084348;20000475;"CAPA PROT CHUV;TREVIRA;C/CAP;LONG;TAM GG";BRCZ;MR01;O.PURCHASE;13,000;R$ 19,79;R$ 257,26;Norte (Caieiras)
50084348;20000475;"CAPA PROT CHUV;TREVIRA;C/CAP;LONG;TAM GG";BRD0;MR01;O.PURCHASE;48,000;R$ 19,92;R$ 956,05;Presidente Prudente
50084348;20000475;"CAPA PROT CHUV;TREVIRA;C/CAP;LONG;TAM GG";BRD1;MR01;O.PURCHASE;32,000;R$ 19,73;R$ 631,48;Ribeirão Preto
50084348;20000475;"CAPA PROT CHUV;TREVIRA;C/CAP;LONG;TAM GG";BRD5;MR01;O.PURCHASE;0;R$ 0,00;R$ 0,00;Taubaté
50084371;0;"JAPONA SEG;PA;AZ;C/;G;HERCULES/SPK026TAG";BRCM;MR01;O.PURCHASE;7,000;R$ 84,85;R$ 593,97;Araçatuba
50084371;0;"JAPONA SEG;PA;AZ;C/;G;HERCULES/SPK026TAG";BRCO;MR01;O.PURCHASE;6,000;R$ 84,85;R$ 509,11;Barueri
50084371;0;"JAPONA SEG;PA;AZ;C/;G;HERCULES/SPK026TAG";BRCR;MR01;O.PURCHASE;7,000;R$ 84,85;R$ 593,97;Diadema
50084371;0;"JAPONA SEG;PA;AZ;C/;G;HERCULES/SPK026TAG";BRCU;MR01;O.PURCHASE;5,000;R$ 84,85;R$ 424,26;Jaú
50084371;0;"JAPONA SEG;PA;AZ;C/;G;HERCULES/SPK026TAG";BRCX;MR01;O.PURCHASE;2,000;R$ 84,86;R$ 169,71;Mauá
50084371;0;"JAPONA SEG;PA;AZ;C/;G;HERCULES/SPK026TAG";BRD0;MR01;O.PURCHASE;5,000;R$ 84,85;R$ 424,26;Presidente Prudente
50084371;0;"JAPONA SEG;PA;AZ;C/;G;HERCULES/SPK026TAG";BRD1;MR01;O.PURCHASE;7,000;R$ 84,85;R$ 593,96;Ribeirão Preto
50084386;0;"TENIS SEG;NUM 39;FUJIWARA/90HTT600NUM39";BRCM;MR01;O.PURCHASE;0;R$ 0,00;R$ 0,00;Araçatuba
50084386;0;"TENIS SEG;NUM 39;FUJIWARA/90HTT600NUM39";BRCN;MR01;O.PURCHASE;0;R$ 0,00;R$ 0,00;Araraquara
50084386;0;"TENIS SEG;NUM 39;FUJIWARA/90HTT600NUM39";BRCQ;MR01;O.IMPORTED;12;R$ 61,61;R$ 739,31;Campinas
50084386;0;"TENIS SEG;NUM 39;FUJIWARA/90HTT600NUM39";BRCT;MR01;O.PURCHASE;6;R$ 92,77;R$ 556,63;Guarulhos
50084386;0;"TENIS SEG;NUM 39;FUJIWARA/90HTT600NUM39";BRCV;MR01;O.IMPORTED;1;R$ 57,77;R$ 57,77;Jundiai (SALTO)
50084386;0;"TENIS SEG;NUM 39;FUJIWARA/90HTT600NUM39";BRCV;MR01;O.PURCHASE;9;R$ 89,99;R$ 809,89;Jundiai (SALTO)
50084386;0;"TENIS SEG;NUM 39;FUJIWARA/90HTT600NUM39";BRD0;MR01;O.PURCHASE;1;R$ 102,56;R$ 102,56;Presidente Prudente
50084386;0;"TENIS SEG;NUM 39;FUJIWARA/90HTT600NUM39";BRD4;MR01;O.IMPORTED;0;R$ 0,00;R$ 0,00;Votorantim (SALTO)
50084403;20000565;"CAPA PROT CHUV;TREVIRA;M;HERCULES/SPE025";BRCZ;MR01;O.PURCHASE;9,000;R$ 25,96;R$ 233,63;Norte (Caieiras)
50084403;20000565;"CAPA PROT CHUV;TREVIRA;M;HERCULES/SPE025";BRD1;MR01;O.PURCHASE;0;R$ 0,00;R$ 0,00;Ribeirão Preto
50084403;20000565;"CAPA PROT CHUV;TREVIRA;M;HERCULES/SPE025";BRD3;MR01;O.PURCHASE;6,000;R$ 17,83;R$ 106,98;Suzano
50084403;20000565;"CAPA PROT CHUV;TREVIRA;M;HERCULES/SPE025";BRD5;MR01;O.IMPORTED;0;R$ 0,00;R$ 0,00;Taubaté
50084403;20000565;"CAPA PROT CHUV;TREVIRA;M;HERCULES/SPE025";BRD5;MR01;O.PURCHASE;0;R$ 0,00;R$ 0,00;Taubaté
50084434;0;"PINCEL ATOMICO;PT;PONT CHANFR;RECARR";BRD2;MR01;O.PURCHASE;120,000;R$ 3,36;R$ 403,20;São José dos Campos
50311372;20041998;"CAMISA;MASC;COLARINH;CT;AZ;TAM G;C/LOGO";BRCT;MR01;O.PURCHASE;0;R$ 0,00;R$ 0,00;Guarulhos
50311373;20041999;"CAMISA;MASC;COLARINH;CT;AZ;TAM GG;C/LOGO";BRD4;MR01;O.PURCHASE;22;R$ 88,05;R$ 1.937,11;Votorantim (SALTO)
50311374;20042000;"CAMISA;MASC;COLARINH;CT;AZ;TAM M;C/LOGO";BRCT;MR01;O.PURCHASE;5;R$ 76,13;R$ 380,63;Guarulhos
50311374;20042000;"CAMISA;MASC;COLARINH;CT;AZ;TAM M;C/LOGO";BRD4;MR01;O.PURCHASE;0;R$ 0,00;R$ 0,00;Votorantim (SALTO)
50311375;20042001;"CAMISA;MASC;COLARINH;CT;AZ;TAM P;C/LOGO";BRCT;MR01;O.PURCHASE;3;R$ 85,18;R$ 255,54;Guarulhos
50311375;20042001;"CAMISA;MASC;COLARINH;CT;AZ;TAM P;C/LOGO";BRD4;MR01;O.PURCHASE;0;R$ 0,00;R$ 0,00;Votorantim (SALTO)
50311376;20042002;"CAMISA;MASC;COLARINH;CT;AZ;TAM PP;C/LOGO";BRCT;MR01;O.PURCHASE;1;R$ 85,19;R$ 85,19;Guarulhos
50311377;20042003;"CAMISA;MASC;COLARINH;CT;AZ;TAM XG;C/LOGO";BRCT;MR01;O.PURCHASE;4;R$ 96,53;R$ 386,12;Guarulhos
50311377;20042003;"CAMISA;MASC;COLARINH;CT;AZ;TAM XG;C/LOGO";BRD4;MR01;O.PURCHASE;21;R$ 85,40;R$ 1.793,36;Votorantim (SALTO)
50311377;20042003;"CAMISA;MASC;COLARINH;CT;AZ;TAM XG;C/LOGO";BRD7;MR01;O.PURCHASE;13;R$ 87,90;R$ 1.142,76;Litoral - Praia Grande
50311380;20042006;"CAMISA;MASC;COLARINH;CT;AZ;TAM G;C/LOGO";BRCT;MR01;O.PURCHASE;0;R$ 0,00;R$ 0,00;Guarulhos
50311380;20042006;"CAMISA;MASC;COLARINH;CT;AZ;TAM G;C/LOGO";BRD4;MR01;O.PURCHASE;4;R$ 88,05;R$ 352,20;Votorantim (SALTO)
50311381;20042007;"CAMISA;MASC;COLARINH;CT;AZ;TAM GG;C/LOGO";BRCT;MR01;O.PURCHASE;4;R$ 90,34;R$ 361,37;Guarulhos
50311381;20042007;"CAMISA;MASC;COLARINH;CT;AZ;TAM GG;C/LOGO";BRD4;MR01;O.PURCHASE;13;R$ 88,05;R$ 1.144,66;Votorantim (SALTO)
50311381;20042007;"CAMISA;MASC;COLARINH;CT;AZ;TAM GG;C/LOGO";BRD7;MR01;O.PURCHASE;5;R$ 87,11;R$ 435,57;Litoral - Praia Grande
50311382;20042008;"CAMISA;MASC;COLARINH;CT;AZ;TAM M;C/LOGO";BRCT;MR01;O.PURCHASE;8;R$ 84,28;R$ 674,26;Guarulhos
50311382;20042008;"CAMISA;MASC;COLARINH;CT;AZ;TAM M;C/LOGO";BRCU;MR01;O.PURCHASE;0;R$ 0,00;R$ 0,00;Jaú
50311383;20042009;"CAMISA;MASC;COLARINH;CT;AZ;TAM P;C/LOGO";BRCT;MR01;O.PURCHASE;4;R$ 82,61;R$ 330,44;Guarulhos
50311383;20042009;"CAMISA;MASC;COLARINH;CT;AZ;TAM P;C/LOGO";BRD4;MR01;O.PURCHASE;1;R$ 89,01;R$ 89,01;Votorantim (SALTO)
50311384;20042010;"CAMISA;MASC;COLARINH;CT;AZ;TAM PP;C/LOGO";BRCT;MR01;O.PURCHASE;3;R$ 85,19;R$ 255,58;Guarulhos
50311385;20042011;"CAMISA;MASC;COLARINH;CT;AZ;TAM XG;C/LOGO";BRCU;MR01;O.PURCHASE;0;R$ 0,00;R$ 0,00;Jaú
50311385;20042011;"CAMISA;MASC;COLARINH;CT;AZ;TAM XG;C/LOGO";BRD4;MR01;O.PURCHASE;24;R$ 88,06;R$ 2.113,46;Votorantim (SALTO)
50311385;20042011;"CAMISA;MASC;COLARINH;CT;AZ;TAM XG;C/LOGO";BRD7;MR01;O.PURCHASE;13;R$ 86,99;R$ 1.130,82;Litoral - Praia Grande
50311390;20042016;"CAMISA;FEM;COLARINH;CT;AZ;TAM M;C/LOGO";BRCQ;MR01;O.PURCHASE;3;R$ 88,89;R$ 266,67;Campinas
50311391;20042017;"CAMISA;FEM;COLARINH;CT;AZ;TAM P;C/LOGO";BRCT;MR01;O.PURCHASE;1;R$ 96,89;R$ 96,89;Guarulhos
50311396;20042022;"CAMISA;FEM;COLARINH;CT;AZ;TAM G;C/LOGO";BRCQ;MR01;O.PURCHASE;1;R$ 91,26;R$ 91,26;Campinas
50311396;20042022;"CAMISA;FEM;COLARINH;CT;AZ;TAM G;C/LOGO";BRCX;MR01;O.PURCHASE;2;R$ 86,31;R$ 172,62;Mauá
50311398;20042024;"CAMISA;FEM;COLARINH;CT;AZ;TAM M;C/LOGO";BRCQ;MR01;O.PURCHASE;3;R$ 88,89;R$ 266,67;Campinas
50311398;20042024;"CAMISA;FEM;COLARINH;CT;AZ;TAM M;C/LOGO";BRCX;MR01;O.PURCHASE;2;R$ 90,38;R$ 180,76;Mauá
50311399;20042025;"CAMISA;FEM;COLARINH;CT;AZ;TAM P;C/LOGO";BRCQ;MR01;O.PURCHASE;1;R$ 94,73;R$ 94,73;Campinas
50311399;20042025;"CAMISA;FEM;COLARINH;CT;AZ;TAM P;C/LOGO";BRCT;MR01;O.PURCHASE;5;R$ 131,64;R$ 658,20;Guarulhos
50311925;20032861;"CINTA LOMB SEG;NYLON/PVC;VIC41110TAMXXG";BRCO;MR01;O.PURCHASE;0;R$ 0,00;R$ 0,00;Barueri
50311925;20032861;"CINTA LOMB SEG;NYLON/PVC;VIC41110TAMXXG";BRCV;MR01;O.IMPORTED;14;R$ 40,84;R$ 571,72;Jundiai (SALTO)
50311925;20032861;"CINTA LOMB SEG;NYLON/PVC;VIC41110TAMXXG";BRD0;MR01;O.IMPORTED;5;R$ 40,84;R$ 204,19;Presidente Prudente
50312950;0;"BLOCO P/REGISTRO ATEND;ORD SERV;2 VIAS";BRCQ;MR01;O.PURCHASE;100;R$ 11,71;R$ 1.170,78;Campinas
50313052;0;"DESCONTINUADO: ""CAMISA;TECIDO:SEMPRIGUAL";BRCN;MR01;O.PURCHASE;0;R$ 0,00;R$ 0,00;Araraquara
50313052;0;"DESCONTINUADO: ""CAMISA;TECIDO:SEMPRIGUAL";BRD1;MR01;O.PURCHASE;25,000;R$ 32,50;R$ 812,58;Ribeirão Preto
50313053;0;"CAMISA;SUP.VEN;MASC;JEANS;TAM PP;MC;";BRCN;MR01;O.PURCHASE;5,000;R$ 39,02;R$ 195,08;Araraquara
50313053;0;"CAMISA;SUP.VEN;MASC;JEANS;TAM PP;MC;";BRCX;MR01;O.PURCHASE;19,000;R$ 36,03;R$ 684,53;Mauá
50313053;0;"CAMISA;SUP.VEN;MASC;JEANS;TAM PP;MC;";BRD1;MR01;O.PURCHASE;15,000;R$ 45,92;R$ 688,87;Ribeirão Preto
50313054;20002895;"CAMISA;SUP.VEN;MASC;JEANS;TAM EXG;MC;";BRCM;MR01;O.PURCHASE;11,000;R$ 13,66;R$ 150,22;Araçatuba
50313054;20002895;"CAMISA;SUP.VEN;MASC;JEANS;TAM EXG;MC;";BRCN;MR01;O.PURCHASE;4,000;R$ 39,02;R$ 156,07;Araraquara
50313054;20002895;"CAMISA;SUP.VEN;MASC;JEANS;TAM EXG;MC;";BRCR;MR01;O.PURCHASE;2,000;R$ 52,38;R$ 104,76;Diadema
50313054;20002895;"CAMISA;SUP.VEN;MASC;JEANS;TAM EXG;MC;";BRCS;MR01;O.PURCHASE;8,000;R$ 30,11;R$ 240,88;Embu (SUL)
50313054;20002895;"CAMISA;SUP.VEN;MASC;JEANS;TAM EXG;MC;";BRCZ;MR01;O.PURCHASE;10,000;R$ 35,45;R$ 354,45;Norte (Caieiras)
50313054;20002895;"CAMISA;SUP.VEN;MASC;JEANS;TAM EXG;MC;";BRD1;MR01;O.PURCHASE;16,000;R$ 16,84;R$ 269,40;Ribeirão Preto
50313057;0;"CAMISA;SUP.VEN;MASC; JEANS;TAM G;ML;";BRD1;MR01;O.PURCHASE;11,000;R$ 44,12;R$ 485,27;Ribeirão Preto
50313058;0;"CAMISA;SUP.VEN;MASC; JEANS;TAM GG;ML;";BRD1;MR01;O.PURCHASE;4,000;R$ 53,56;R$ 214,25;Ribeirão Preto
50313059;20002900;"CAMISA;SUP.VEN;MASC; JEANS;TAM EXG;ML;";BRD1;MR01;O.PURCHASE;0;R$ 0,00;R$ 0,00;Ribeirão Preto
50313060;0;CAMISA SUP. VENDAS JEANS M/L FEM - TAM.G;BRD0;MR01;O.PURCHASE;2,000;R$ 1,00;R$ 2,00;Presidente Prudente
50313061;20002902;"CAMISA; SUP.VEN;FEM;JEANS;TAM PP;MC;";BRCN;MR01;O.PURCHASE;3,000;R$ 42,96;R$ 128,88;Araraquara
50313061;20002902;"CAMISA; SUP.VEN;FEM;JEANS;TAM PP;MC;";BRCQ;MR01;O.PURCHASE;11,000;R$ 36,29;R$ 399,19;Campinas
50313061;20002902;"CAMISA; SUP.VEN;FEM;JEANS;TAM PP;MC;";BRCS;MR01;O.PURCHASE;10,000;R$ 42,79;R$ 427,87;Embu (SUL)
50313061;20002902;"CAMISA; SUP.VEN;FEM;JEANS;TAM PP;MC;";BRCX;MR01;O.PURCHASE;15,000;R$ 34,67;R$ 520,11;Mauá
50313062;20002903;"CAMISA; SUP.VEN;FEM;JEANS;TAM P;MC;";BRCN;MR01;O.PURCHASE;1,000;R$ 40,37;R$ 40,37;Araraquara
50313062;20002903;"CAMISA; SUP.VEN;FEM;JEANS;TAM P;MC;";BRCQ;MR01;O.PURCHASE;7,000;R$ 36,77;R$ 257,36;Campinas
50313062;20002903;"CAMISA; SUP.VEN;FEM;JEANS;TAM P;MC;";BRCS;MR01;O.PURCHASE;12,000;R$ 36,42;R$ 437,01;Embu (SUL)
50313062;20002903;"CAMISA; SUP.VEN;FEM;JEANS;TAM P;MC;";BRCZ;MR01;O.PURCHASE;4,000;R$ 12,28;R$ 49,13;Norte (Caieiras)
50313063;20002906;"CAMISA; SUP.VEN;FEM;JEANS;TAM GG;MC;";BRCQ;MR01;O.PURCHASE;1,000;R$ 37,17;R$ 37,17;Campinas
50313063;20002906;"CAMISA; SUP.VEN;FEM;JEANS;TAM GG;MC;";BRCS;MR01;O.PURCHASE;12,000;R$ 36,42;R$ 437,01;Embu (SUL)
50313063;20002906;"CAMISA; SUP.VEN;FEM;JEANS;TAM GG;MC;";BRD7;MR01;O.PURCHASE;1,000;R$ 34,08;R$ 34,08;Litoral - Praia Grande
50313064;20002907;"CAMISA; SUP.VEN;FEM;JEANS;TAM EXG;MC;";BRCS;MR01;O.PURCHASE;0;R$ 0,00;R$ 0,00;Embu (SUL)
50313064;20002907;"CAMISA; SUP.VEN;FEM;JEANS;TAM EXG;MC;";BRCX;MR01;O.PURCHASE;12,000;R$ 35,24;R$ 422,88;Mauá
50313064;20002907;"CAMISA; SUP.VEN;FEM;JEANS;TAM EXG;MC;";BRD7;MR01;O.PURCHASE;7,000;R$ 27,53;R$ 192,68;Litoral - Praia Grande
50313068;20002932;"CAMISA;VEND;FEM;BEGE;TAM P;ML;SKOL";BRD7;MR01;O.PURCHASE;45,000;R$ 40,68;R$ 1.830,74;Litoral - Praia Grande
50313069;20002933;"CAMISA;VEND;FEM;BEGE;TAM M;ML; EM BR2H";BRD0;MR01;O.PURCHASE;10,000;R$ 37,71;R$ 377,06;Presidente Prudente
50313069;20002933;"CAMISA;VEND;FEM;BEGE;TAM M;ML; EM BR2H";BRD7;MR01;O.PURCHASE;22,000;R$ 11,94;R$ 262,68;Litoral - Praia Grande
50313070;0;"CAMISA;VEND;FEM;BEGE;TAM P;MC;ANTARCTICA";BRCQ;MR01;O.PURCHASE;2,000;R$ 27,44;R$ 54,88;Campinas
50313071;0;"CAMISA;VEND;FEM;BEGE;TAM M;MC;ANTARCTICA";BRCN;MR01;O.PURCHASE;3,000;R$ 48,81;R$ 146,44;Araraquara
50313071;0;"CAMISA;VEND;FEM;BEGE;TAM M;MC;ANTARCTICA";BRCQ;MR01;O.PURCHASE;7,000;R$ 27,44;R$ 192,08;Campinas
50313071;0;"CAMISA;VEND;FEM;BEGE;TAM M;MC;ANTARCTICA";BRD7;MR01;O.PURCHASE;42,000;R$ 17,95;R$ 753,90;Litoral - Praia Grande
50313072;20002949;"CAMISA;VEND;FEM;BEGE;TAM GG;MC;ANTARCTIC";BRD7;MR01;O.PURCHASE;6,000;R$ 0,05;R$ 0,30;Litoral - Praia Grande
50313095;0;"LAMPADA;HONDA/34906KRM850";BRCO;MR01;O.PURCHASE;20,000;R$ 2,00;R$ 40,00;Barueri
50313113;0;"CILINDRO;HONDA/12100KGA900";BRCO;MR01;O.PURCHASE;2,000;R$ 54,00;R$ 108,00;Barueri
50313197;0;"RETENTOR;HONDA/91201965000";BRCO;MR01;O.PURCHASE;2,000;R$ 8,50;R$ 17,00;Barueri
50313237;0;"CALCA SEG;88PCT ALGODAO/12PCT FIB;TAM GG";BRCQ;MR01;O.PURCHASE;1,000;R$ 244,28;R$ 244,28;Campinas
50313343;20007306;SAPATO SEG SEM BIQUEIRA SEM PALM-TAM.45;BRCT;MR01;O.PURCHASE;1;R$ 67,64;R$ 67,64;Guarulhos
50313398;0;"RODA;HONDA/42650KRM860";BRCO;MR01;O.PURCHASE;8,000;R$ 59,00;R$ 472,01;Barueri
50313492;20009277;CALÇA VENDEDOR FEM S/ REFORÇO-TAM. Nº48;BRCX;MR01;O.PURCHASE;13,000;R$ 41,88;R$ 544,39;Mauá
50313493;20009278;"DESCONTINUADO: ""CAMISA;CAT,SEMPRIGUAL AZ";BRCQ;MR01;O.PURCHASE;19,000;R$ 35,14;R$ 667,70;Campinas
50313493;20009278;"DESCONTINUADO: ""CAMISA;CAT,SEMPRIGUAL AZ";BRCX;MR01;O.PURCHASE;70,000;R$ 35,35;R$ 2.474,52;Mauá
50313493;20009278;"DESCONTINUADO: ""CAMISA;CAT,SEMPRIGUAL AZ";BRD1;MR01;O.PURCHASE;15,000;R$ 35,36;R$ 530,45;Ribeirão Preto
50313494;20009282;CALÇA VENDEDOR FEM C/ REFORÇO-TAM. Nº54;BRCM;MR01;O.PURCHASE;6,000;R$ 82,87;R$ 497,19;Araçatuba
50313494;20009282;CALÇA VENDEDOR FEM C/ REFORÇO-TAM. Nº54;BRCV;MR01;O.PURCHASE;0;R$ 0,00;R$ 0,00;Jundiai (SALTO)
50313494;20009282;CALÇA VENDEDOR FEM C/ REFORÇO-TAM. Nº54;BRCX;MR01;O.PURCHASE;1,000;R$ 50,19;R$ 50,19;Mauá
50313494;20009282;CALÇA VENDEDOR FEM C/ REFORÇO-TAM. Nº54;BRD4;MR01;O.PURCHASE;1,000;R$ 61,44;R$ 61,44;Votorantim (SALTO)
50313494;20009282;CALÇA VENDEDOR FEM C/ REFORÇO-TAM. Nº54;BRD7;MR01;O.PURCHASE;3,000;R$ 49,80;R$ 149,40;Litoral - Praia Grande
50313495;20009283;CALÇA VENDEDOR FEM S/ REFORÇO-TAM. Nº52;BRCT;MR01;O.PURCHASE;3,000;R$ 78,99;R$ 236,98;Guarulhos
50313495;20009283;CALÇA VENDEDOR FEM S/ REFORÇO-TAM. Nº52;BRCX;MR01;O.PURCHASE;8,000;R$ 41,77;R$ 334,18;Mauá
50313496;20009287;CALÇA VENDEDOR FEM S/ REFORÇO-TAM. Nº50;BRCX;MR01;O.PURCHASE;2,000;R$ 42,53;R$ 85,06;Mauá
50313497;20009291;CALÇA VENDEDOR FEM S/ REFORÇO-TAM. Nº40;BRCX;MR01;O.PURCHASE;24,000;R$ 42,64;R$ 1.023,24;Mauá
50313499;20009296;CALÇA VENDEDOR FEM S/ REFORÇO-TAM. Nº56;BRCT;MR01;O.PURCHASE;3,000;R$ 78,99;R$ 236,98;Guarulhos
50313500;20009303;CALÇA VENDEDOR FEM S/ REFORÇO-TAM. Nº54;BRCT;MR01;O.PURCHASE;3,000;R$ 78,99;R$ 236,98;Guarulhos
50313908;0;"DESCONTINUADO: ""CAMISA;TECIDO:SEMPRIGUAL";BRCX;MR01;O.PURCHASE;37,000;R$ 35,52;R$ 1.314,23;Mauá
50313908;0;"DESCONTINUADO: ""CAMISA;TECIDO:SEMPRIGUAL";BRD1;MR01;O.PURCHASE;2,000;R$ 30,32;R$ 60,63;Ribeirão Preto
50313909;0;"DESCONTINUADO: ""CAMISA;TECIDO:SEMPRIGUAL";BRCN;MR01;O.PURCHASE;0;R$ 0,00;R$ 0,00;Araraquara
50313909;0;"DESCONTINUADO: ""CAMISA;TECIDO:SEMPRIGUAL";BRCX;MR01;O.PURCHASE;20,000;R$ 34,67;R$ 693,46;Mauá
50313909;0;"DESCONTINUADO: ""CAMISA;TECIDO:SEMPRIGUAL";BRD1;MR01;O.PURCHASE;26,000;R$ 40,48;R$ 1.052,39;Ribeirão Preto
50313910;0;"DESCONTINUADO: ""CAMISA;TECIDO:SEMPRIGUAL";BRCN;MR01;O.PURCHASE;11,000;R$ 18,75;R$ 206,26;Araraquara
50313910;0;"DESCONTINUADO: ""CAMISA;TECIDO:SEMPRIGUAL";BRCX;MR01;O.PURCHASE;1,000;R$ 35,74;R$ 35,74;Mauá
50313910;0;"DESCONTINUADO: ""CAMISA;TECIDO:SEMPRIGUAL";BRD1;MR01;O.PURCHASE;25,000;R$ 32,50;R$ 812,58;Ribeirão Preto
50326402;20034987;"CINTA LOMB SEG;NY/PVC;VICSA/VIC41110TAMG";BRD0;MR01;O.IMPORTED;26;R$ 53,56;R$ 1.392,52;Presidente Prudente
50326402;20034987;"CINTA LOMB SEG;NY/PVC;VICSA/VIC41110TAMG";BRD3;MR01;O.IMPORTED;3;R$ 50,20;R$ 150,60;Suzano
50371785;0;"VELOCIMETRO;HONDA/37100KVS741";BRCQ;MR01;O.PURCHASE;2;R$ 113,99;R$ 227,98;Campinas
50371786;0;"TAMPA;HONDA/17620KVS601";BRD1;MR01;O.PURCHASE;2;R$ 214,21;R$ 428,41;Ribeirão Preto
50371842;0;"SUPORTE;HONDA/61311KVS740";BRCQ;MR01;O.PURCHASE;5;R$ 27,98;R$ 139,90;Campinas
50371847;0;"BATERIA;HONDA/31500KRMB25";BRCQ;MR01;O.PURCHASE;9;R$ 157,52;R$ 1.417,68;Campinas
50371849;0;"ALAVANCA;HONDA/53175KVS750";BRD1;MR01;O.PURCHASE;1;R$ 30,02;R$ 30,02;Ribeirão Preto
50371850;0;"ARO;HONDA/44701KRM850";BRCQ;MR01;O.PURCHASE;5;R$ 133,68;R$ 668,40;Campinas
50371864;0;"ANTENA;HONDA/AC121600XX";BRCT;MR01;O.PURCHASE;8;R$ 21,82;R$ 174,56;Guarulhos
50371865;0;"PNEU;HONDA/44711KFT623";BRCT;MR01;O.PURCHASE;5;R$ 199,34;R$ 996,70;Guarulhos
50371865;0;"PNEU;HONDA/44711KFT623";BRD1;MR01;O.PURCHASE;5;R$ 208,93;R$ 1.044,65;Ribeirão Preto
50371867;0;"PISTAO;HONDA/13101KRM840";BRD1;MR01;O.PURCHASE;1;R$ 89,92;R$ 89,92;Ribeirão Preto
50372092;0;"CAMARA;HONDA/42712KWG651";BRD1;MR01;O.PURCHASE;5;R$ 16,11;R$ 80,56;Ribeirão Preto
50372099;0;"PNEU;DIAG;110/90;17;HONDA/42711KFT623";BRCT;MR01;O.PURCHASE;8;R$ 246,94;R$ 1.975,52;Guarulhos
50372168;0;"ESPELHO;HONDA/88220KRMB91";BRCQ;MR01;O.PURCHASE;6;R$ 7,77;R$ 46,62;Campinas
50372170;0;"CARCACA;HONDA/61301KRM860";BRD1;MR01;O.PURCHASE;2;R$ 43,63;R$ 87,25;Ribeirão Preto
50372254;0;"PASTILHA;HONDA/06455KHA942";BRCQ;MR01;O.PURCHASE;6;R$ 29,00;R$ 174,00;Campinas
50372401;0;"ESPELHO;HONDA/88210KRMB91";BRCQ;MR01;O.PURCHASE;5;R$ 7,77;R$ 38,85;Campinas
50372487;0;"ELEMENTO FILTRANTE;HONDA/17211KWGB00";BRD5;MR01;O.PURCHASE;1;R$ 19,93;R$ 19,93;Taubaté
50001334;0;"BEDAME MD;KYOCERA/GDM3020N020GMPR1225";BR09;MR01;O.PURCHASE;0,000;R$ 0,00;R$ 0,00;Agudos
50001381;0;"PASTILHA CORT;TRIANG;KYOCERA/TJZ06295";BR09;MR01;O.PURCHASE;0,000;R$ 0,00;R$ 0,00;Agudos
50001382;0;"PASTILHA CORT;TRIANG;KYOCERA/TJY18198";BR09;MR01;O.PURCHASE;0,000;R$ 0,00;R$ 0,00;Agudos
50001423;0;"PASTILHA CORT;KYOCERA/TNMG160408PQCA025P";BR09;MR01;O.PURCHASE;0,000;R$ 0,00;R$ 0,00;Agudos
50004896;0;"PASTILHA CORT;SANDVIK/R39011T308MMM1040";BR09;MR01;O.PURCHASE;0;R$ 0,00;R$ 0,00;Agudos
50005364;0;"ADITIVO;VOLKSWAGEN/G411381Q0";BRVH;MR01;O.PURCHASE;2;R$ 227,36;R$ 454,72;TP Connext Piracicaba
50009299;0;"HIGIENIZADOR;HSW200PLUSGRANADA200ML";BRVH;MR01;O.PURCHASE;2;R$ 143,64;R$ 287,28;TP Connext Piracicaba
50014695;0;"CONE SINAL;BORR;LJ C/2 FAIX BRANCAS;SI";BRVH;MR01;O.PURCHASE;10;R$ 75,35;R$ 753,50;TP Connext Piracicaba
50023791;0;"BROCA HELIC;AR;HSS;14,50MM;169MM;CIL";BR09;MR01;O.IMPORTED;7;R$ 125,03;R$ 875,21;Agudos
50024226;0;"20065264 OXIGENIO MEDIC GAS;CIL 10M3";BR09;MR01;O.PURCHASE;0;R$ 0,00;R$ 0,00;Agudos
50077875;20040593;"LUVA SEG;PE/PU;CZ;P;DANNY/DYFLEX7";BRDJ;MR01;O.IMPORTED;5;R$ 43,66;R$ 218,30;Piracicaba
50077875;20040593;"LUVA SEG;PE/PU;CZ;P;DANNY/DYFLEX7";BRDJ;MR01;O.PURCHASE;12;R$ 45,45;R$ 545,40;Piracicaba
50077875;20040593;"LUVA SEG;PE/PU;CZ;P;DANNY/DYFLEX7";BRVH;MR01;O.IMPORTED;50;R$ 34,46;R$ 1.723,24;TP Connext Piracicaba
50077875;20040593;"LUVA SEG;PE/PU;CZ;P;DANNY/DYFLEX7";BRZK;MR01;O.IMPORTED;0;R$ 0,00;R$ 0,00;Mooca
50077876;20040594;"LUVA SEG;PE/PU;CZ;M;DANNY/DYFLEX8";BR09;MR01;O.IMPORTED;1;R$ 37,16;R$ 37,16;Agudos
50077876;20040594;"LUVA SEG;PE/PU;CZ;M;DANNY/DYFLEX8";BR09;MR01;O.PURCHASE;7;R$ 28,42;R$ 198,95;Agudos
50077876;20040594;"LUVA SEG;PE/PU;CZ;M;DANNY/DYFLEX8";BRDI;MR01;O.IMPORTED;0;R$ 0,00;R$ 0,00;Osasco
50077876;20040594;"LUVA SEG;PE/PU;CZ;M;DANNY/DYFLEX8";BRVH;MR01;O.IMPORTED;152;R$ 42,43;R$ 6.449,47;TP Connext Piracicaba
50077876;20040594;"LUVA SEG;PE/PU;CZ;M;DANNY/DYFLEX8";BRZK;MR01;O.PURCHASE;19;R$ 44,79;R$ 851,03;Mooca
50077876;20040594;"LUVA SEG;PE/PU;CZ;M;DANNY/DYFLEX8";BRZL;MR01;O.PURCHASE;45;R$ 38,90;R$ 1.750,61;Capital
50077877;20040595;"LUVA SEG;PE/PU;CZ;G;DANNY/DYFLEX9";BR09;MR01;O.PURCHASE;12;R$ 41,20;R$ 494,41;Agudos
50077877;20040595;"LUVA SEG;PE/PU;CZ;G;DANNY/DYFLEX9";BRDI;MR01;O.IMPORTED;0;R$ 0,00;R$ 0,00;Osasco
50077877;20040595;"LUVA SEG;PE/PU;CZ;G;DANNY/DYFLEX9";BRVH;MR01;O.IMPORTED;336;R$ 42,90;R$ 14.414,76;TP Connext Piracicaba
50077877;20040595;"LUVA SEG;PE/PU;CZ;G;DANNY/DYFLEX9";BRZK;MR01;O.PURCHASE;5;R$ 43,66;R$ 218,29;Mooca
50077877;20040595;"LUVA SEG;PE/PU;CZ;G;DANNY/DYFLEX9";BRZL;MR01;O.PURCHASE;40;R$ 37,37;R$ 1.494,73;Capital
50077904;20040941;"LUVA SEG;PP/PU;DANNY/DYFLEXDA12500TAM6";BRZK;MR01;O.IMPORTED;1;R$ 38,00;R$ 38,00;Mooca
50077904;20040941;"LUVA SEG;PP/PU;DANNY/DYFLEXDA12500TAM6";BRZL;MR01;O.IMPORTED;6;R$ 39,12;R$ 234,71;Capital
50077905;20040942;"LUVA SEG;PP/PU;CZ;GG;20CM;DANNY/C";BR09;MR01;O.IMPORTED;7;R$ 48,90;R$ 342,30;Agudos
50077905;20040942;"LUVA SEG;PP/PU;CZ;GG;20CM;DANNY/C";BR09;MR01;O.PURCHASE;0;R$ 0,00;R$ 0,00;Agudos
50077905;20040942;"LUVA SEG;PP/PU;CZ;GG;20CM;DANNY/C";BRDI;MR01;O.IMPORTED;0;R$ 0,00;R$ 0,00;Osasco
50077905;20040942;"LUVA SEG;PP/PU;CZ;GG;20CM;DANNY/C";BRVH;MR01;O.IMPORTED;468;R$ 43,66;R$ 20.432,89;TP Connext Piracicaba
50077905;20040942;"LUVA SEG;PP/PU;CZ;GG;20CM;DANNY/C";BRZL;MR01;O.IMPORTED;16;R$ 32,34;R$ 517,43;Capital
50078218;20041859;"CAMISETA;FEM;CT;50 ALG/50 PES;PT;TAM G";BR09;MR01;O.PURCHASE;14;R$ 61,90;R$ 866,58;Agudos
50078218;20041859;"CAMISETA;FEM;CT;50 ALG/50 PES;PT;TAM G";BRDJ;MR01;O.PURCHASE;20;R$ 59,10;R$ 1.181,90;Piracicaba
50078218;20041859;"CAMISETA;FEM;CT;50 ALG/50 PES;PT;TAM G";BRZK;MR01;O.PURCHASE;10;R$ 60,35;R$ 603,51;Mooca
50078218;20041859;"CAMISETA;FEM;CT;50 ALG/50 PES;PT;TAM G";BRZL;MR01;O.PURCHASE;23;R$ 60,39;R$ 1.389,00;Capital
50078223;20041869;"CALCA SEG;JEANS;AZ MAR;TAM 36;S/FORR;FEM";BR09;MR01;O.PURCHASE;28;R$ 229,35;R$ 6.421,81;Agudos
50078223;20041869;"CALCA SEG;JEANS;AZ MAR;TAM 36;S/FORR;FEM";BRDJ;MR01;O.PURCHASE;7;R$ 239,40;R$ 1.675,82;Piracicaba
50078223;20041869;"CALCA SEG;JEANS;AZ MAR;TAM 36;S/FORR;FEM";BRZK;MR01;O.PURCHASE;7;R$ 232,53;R$ 1.627,68;Mooca
50078227;20041890;"CAMISETA;FEM;CT;50 ALG/50 PES;PT;TAM GG";BR09;MR01;O.PURCHASE;17;R$ 61,60;R$ 1.047,26;Agudos
50078227;20041890;"CAMISETA;FEM;CT;50 ALG/50 PES;PT;TAM GG";BRDJ;MR01;O.PURCHASE;20;R$ 59,10;R$ 1.181,90;Piracicaba
50078227;20041890;"CAMISETA;FEM;CT;50 ALG/50 PES;PT;TAM GG";BRZK;MR01;O.PURCHASE;27;R$ 58,51;R$ 1.579,73;Mooca
50078227;20041890;"CAMISETA;FEM;CT;50 ALG/50 PES;PT;TAM GG";BRZL;MR01;O.PURCHASE;13;R$ 61,00;R$ 793,04;Capital
50078228;20041891;"CAMISETA;FEM;CT;50 ALG/50 PES;PT;TAM M";BR09;MR01;O.PURCHASE;16;R$ 70,11;R$ 1.121,80;Agudos
50078228;20041891;"CAMISETA;FEM;CT;50 ALG/50 PES;PT;TAM M";BRDJ;MR01;O.PURCHASE;28;R$ 59,10;R$ 1.654,66;Piracicaba
50078228;20041891;"CAMISETA;FEM;CT;50 ALG/50 PES;PT;TAM M";BRZK;MR01;O.PURCHASE;28;R$ 58,51;R$ 1.638,24;Mooca
50078228;20041891;"CAMISETA;FEM;CT;50 ALG/50 PES;PT;TAM M";BRZL;MR01;O.PURCHASE;29;R$ 63,60;R$ 1.844,30;Capital
50078229;20041892;"CAMISETA;FEM;CT;50 ALG/50 PES;PT;TAM P";BR09;MR01;O.PURCHASE;1;R$ 70,15;R$ 70,15;Agudos
50078229;20041892;"CAMISETA;FEM;CT;50 ALG/50 PES;PT;TAM P";BRDJ;MR01;O.PURCHASE;29;R$ 59,09;R$ 1.713,75;Piracicaba
50078229;20041892;"CAMISETA;FEM;CT;50 ALG/50 PES;PT;TAM P";BRZK;MR01;O.PURCHASE;7;R$ 59,41;R$ 415,90;Mooca
50078229;20041892;"CAMISETA;FEM;CT;50 ALG/50 PES;PT;TAM P";BRZL;MR01;O.PURCHASE;18;R$ 60,84;R$ 1.095,18;Capital
50078231;20041894;"CAMISETA;FEM;CT;50 ALG/50 PES;PT;TAM XG";BR09;MR01;O.PURCHASE;36;R$ 60,04;R$ 2.161,28;Agudos
50078231;20041894;"CAMISETA;FEM;CT;50 ALG/50 PES;PT;TAM XG";BRDJ;MR01;O.PURCHASE;18;R$ 70,90;R$ 1.276,23;Piracicaba
50078231;20041894;"CAMISETA;FEM;CT;50 ALG/50 PES;PT;TAM XG";BRZK;MR01;O.PURCHASE;26;R$ 58,51;R$ 1.521,22;Mooca
50078231;20041894;"CAMISETA;FEM;CT;50 ALG/50 PES;PT;TAM XG";BRZL;MR01;O.PURCHASE;6;R$ 46,04;R$ 276,26;Capital
50078237;20041900;"CAMISETA;FEM;CT;50 ALG/50 PES;PT;TAM P";BR09;MR01;O.PURCHASE;2;R$ 52,03;R$ 104,06;Agudos
50078242;20041905;"CAMISETA;MASC;CT;50 ALG/50 PES;PT;TAM G";BR09;MR01;O.PURCHASE;0;R$ 0,00;R$ 0,00;Agudos
50078242;20041905;"CAMISETA;MASC;CT;50 ALG/50 PES;PT;TAM G";BRDJ;MR01;O.PURCHASE;2;R$ 61,22;R$ 122,43;Piracicaba
50078242;20041905;"CAMISETA;MASC;CT;50 ALG/50 PES;PT;TAM G";BRZL;MR01;O.PURCHASE;1;R$ 44,50;R$ 44,50;Capital
50078243;20041906;"CAMISETA;MASC;CT;50 ALG/50 PES;PT;TAM GG";BR09;MR01;O.PURCHASE;0;R$ 0,00;R$ 0,00;Agudos
50078243;20041906;"CAMISETA;MASC;CT;50 ALG/50 PES;PT;TAM GG";BRDJ;MR01;O.PURCHASE;10;R$ 61,22;R$ 612,15;Piracicaba
50078244;20041910;"CALCA SEG;JEANS;AZ MAR;TAM 38;S/FORR;FEM";BR09;MR01;O.PURCHASE;9;R$ 236,30;R$ 2.126,74;Agudos
50078244;20041910;"CALCA SEG;JEANS;AZ MAR;TAM 38;S/FORR;FEM";BRDJ;MR01;O.PURCHASE;12;R$ 238,41;R$ 2.860,86;Piracicaba
50078244;20041910;"CALCA SEG;JEANS;AZ MAR;TAM 38;S/FORR;FEM";BRZK;MR01;O.PURCHASE;15;R$ 250,97;R$ 3.764,52;Mooca
50078244;20041910;"CALCA SEG;JEANS;AZ MAR;TAM 38;S/FORR;FEM";BRZL;MR01;O.PURCHASE;18;R$ 256,77;R$ 4.621,91;Capital
50078245;20041911;"CALCA SEG;JEANS;AZ MAR;TAM 40;S/FORR;FEM";BR09;MR01;O.PURCHASE;28;R$ 229,35;R$ 6.421,81;Agudos
50078245;20041911;"CALCA SEG;JEANS;AZ MAR;TAM 40;S/FORR;FEM";BRDJ;MR01;O.PURCHASE;6;R$ 238,23;R$ 1.429,36;Piracicaba
50078245;20041911;"CALCA SEG;JEANS;AZ MAR;TAM 40;S/FORR;FEM";BRZK;MR01;O.PURCHASE;9;R$ 247,13;R$ 2.224,21;Mooca
50078245;20041911;"CALCA SEG;JEANS;AZ MAR;TAM 40;S/FORR;FEM";BRZL;MR01;O.PURCHASE;17;R$ 256,77;R$ 4.365,14;Capital
50078246;20041912;"CALCA SEG;JEANS;AZ MAR;TAM 42;S/FORR;FEM";BR09;MR01;O.PURCHASE;27;R$ 229,35;R$ 6.192,46;Agudos
50078246;20041912;"CALCA SEG;JEANS;AZ MAR;TAM 42;S/FORR;FEM";BRDJ;MR01;O.PURCHASE;9;R$ 243,92;R$ 2.195,30;Piracicaba
50078246;20041912;"CALCA SEG;JEANS;AZ MAR;TAM 42;S/FORR;FEM";BRZK;MR01;O.PURCHASE;15;R$ 267,67;R$ 4.015,09;Mooca
50078246;20041912;"CALCA SEG;JEANS;AZ MAR;TAM 42;S/FORR;FEM";BRZL;MR01;O.PURCHASE;20;R$ 256,83;R$ 5.136,52;Capital
50078247;20041913;"CALCA SEG;JEANS;AZ MAR;TAM 44;S/FORR;FEM";BR09;MR01;O.PURCHASE;26;R$ 229,35;R$ 5.963,11;Agudos
50078247;20041913;"CALCA SEG;JEANS;AZ MAR;TAM 44;S/FORR;FEM";BRZK;MR01;O.PURCHASE;9;R$ 267,67;R$ 2.409,06;Mooca
50078247;20041913;"CALCA SEG;JEANS;AZ MAR;TAM 44;S/FORR;FEM";BRZL;MR01;O.PURCHASE;20;R$ 270,95;R$ 5.419,02;Capital
50078248;20041914;"CALCA SEG;JEANS;AZ MAR;TAM 46;S/FORR;FEM";BR09;MR01;O.PURCHASE;4;R$ 242,58;R$ 970,31;Agudos
50078248;20041914;"CALCA SEG;JEANS;AZ MAR;TAM 46;S/FORR;FEM";BRDJ;MR01;O.PURCHASE;1;R$ 194,24;R$ 194,24;Piracicaba
50078248;20041914;"CALCA SEG;JEANS;AZ MAR;TAM 46;S/FORR;FEM";BRZK;MR01;O.PURCHASE;23;R$ 248,52;R$ 5.715,85;Mooca
50078248;20041914;"CALCA SEG;JEANS;AZ MAR;TAM 46;S/FORR;FEM";BRZL;MR01;O.PURCHASE;21;R$ 188,80;R$ 3.964,83;Capital
50078249;20041915;"CALCA SEG;JEANS;AZ MAR;TAM 48;S/FORR;FEM";BR09;MR01;O.PURCHASE;5;R$ 242,58;R$ 1.212,89;Agudos
50078249;20041915;"CALCA SEG;JEANS;AZ MAR;TAM 48;S/FORR;FEM";BRDJ;MR01;O.PURCHASE;0;R$ 0,00;R$ 0,00;Piracicaba
50078249;20041915;"CALCA SEG;JEANS;AZ MAR;TAM 48;S/FORR;FEM";BRZK;MR01;O.PURCHASE;26;R$ 246,82;R$ 6.417,43;Mooca
50078249;20041915;"CALCA SEG;JEANS;AZ MAR;TAM 48;S/FORR;FEM";BRZL;MR01;O.PURCHASE;27;R$ 194,68;R$ 5.256,28;Capital
50078250;20041916;"CALCA SEG;JEANS;AZ MAR;TAM 50;S/FORR;FEM";BR09;MR01;O.PURCHASE;0;R$ 0,00;R$ 0,00;Agudos
50078250;20041916;"CALCA SEG;JEANS;AZ MAR;TAM 50;S/FORR;FEM";BRDJ;MR01;O.PURCHASE;0;R$ 0,00;R$ 0,00;Piracicaba
50078250;20041916;"CALCA SEG;JEANS;AZ MAR;TAM 50;S/FORR;FEM";BRZK;MR01;O.PURCHASE;18;R$ 257,62;R$ 4.637,14;Mooca
50078250;20041916;"CALCA SEG;JEANS;AZ MAR;TAM 50;S/FORR;FEM";BRZL;MR01;O.PURCHASE;27;R$ 246,91;R$ 6.666,49;Capital
50078251;20041917;"CALCA SEG;JEANS;AZ MAR;TAM 52;S/FORR;FEM";BR09;MR01;O.PURCHASE;4;R$ 285,19;R$ 1.140,75;Agudos
50078251;20041917;"CALCA SEG;JEANS;AZ MAR;TAM 52;S/FORR;FEM";BRDJ;MR01;O.PURCHASE;0;R$ 0,00;R$ 0,00;Piracicaba
50078251;20041917;"CALCA SEG;JEANS;AZ MAR;TAM 52;S/FORR;FEM";BRZK;MR01;O.PURCHASE;11;R$ 267,67;R$ 2.944,40;Mooca
50078251;20041917;"CALCA SEG;JEANS;AZ MAR;TAM 52;S/FORR;FEM";BRZL;MR01;O.PURCHASE;20;R$ 264,15;R$ 5.283,05;Capital
50078252;20041918;"CALCA SEG;JEANS;AZ MAR;TAM 54;S/FORR;FEM";BR09;MR01;O.PURCHASE;2;R$ 255,52;R$ 511,04;Agudos
50078252;20041918;"CALCA SEG;JEANS;AZ MAR;TAM 54;S/FORR;FEM";BRDJ;MR01;O.PURCHASE;32;R$ 223,91;R$ 7.165,19;Piracicaba
50078252;20041918;"CALCA SEG;JEANS;AZ MAR;TAM 54;S/FORR;FEM";BRZK;MR01;O.PURCHASE;16;R$ 267,67;R$ 4.282,76;Mooca
50078252;20041918;"CALCA SEG;JEANS;AZ MAR;TAM 54;S/FORR;FEM";BRZL;MR01;O.PURCHASE;17;R$ 13,76;R$ 233,90;Capital
50078253;20041919;"CALCA SEG;JEANS;AZ MAR;TAM 56;S/FORR;FEM";BRDJ;MR01;O.PURCHASE;4;R$ 194,25;R$ 776,98;Piracicaba
50078253;20041919;"CALCA SEG;JEANS;AZ MAR;TAM 56;S/FORR;FEM";BRZK;MR01;O.PURCHASE;4;R$ 261,83;R$ 1.047,33;Mooca
50078259;20041925;"CALCA SEG;JEANS;AZ MAR;TAM 36;S/FORR";BRDJ;MR01;O.PURCHASE;4;R$ 194,25;R$ 776,98;Piracicaba
50078259;20041925;"CALCA SEG;JEANS;AZ MAR;TAM 36;S/FORR";BRZK;MR01;O.PURCHASE;5;R$ 261,83;R$ 1.309,17;Mooca
50078260;20041926;"CALCA SEG;JEANS;AZ MAR;TAM 38;S/FORR";BR09;MR01;O.PURCHASE;19;R$ 223,35;R$ 4.243,58;Agudos
50078260;20041926;"CALCA SEG;JEANS;AZ MAR;TAM 38;S/FORR";BRDJ;MR01;O.PURCHASE;0;R$ 0,00;R$ 0,00;Piracicaba
50078260;20041926;"CALCA SEG;JEANS;AZ MAR;TAM 38;S/FORR";BRZL;MR01;O.PURCHASE;5;R$ 263,40;R$ 1.317,02;Capital
50078261;20041927;"CALCA SEG;JEANS;AZ MAR;40;S/FORR;MASC";BR09;MR01;O.PURCHASE;0;R$ 0,00;R$ 0,00;Agudos
50078261;20041927;"CALCA SEG;JEANS;AZ MAR;40;S/FORR;MASC";BRZK;MR01;O.PURCHASE;0;R$ 0,00;R$ 0,00;Mooca
50078261;20041927;"CALCA SEG;JEANS;AZ MAR;40;S/FORR;MASC";BRZL;MR01;O.PURCHASE;0;R$ 0,00;R$ 0,00;Capital
50078262;20041928;"CALCA SEG;JEANS;AZ MAR;42;S/FORR;MASC";BR09;MR01;O.PURCHASE;5;R$ 185,30;R$ 926,48;Agudos
50078262;20041928;"CALCA SEG;JEANS;AZ MAR;42;S/FORR;MASC";BRZK;MR01;O.PURCHASE;9;R$ 252,31;R$ 2.270,83;Mooca
50078262;20041928;"CALCA SEG;JEANS;AZ MAR;42;S/FORR;MASC";BRZL;MR01;O.PURCHASE;8;R$ 128,36;R$ 1.026,89;Capital
50078263;20041929;"CALCA SEG;JEANS;AZ MAR;TAM 44;S/FORR";BR09;MR01;O.PURCHASE;10;R$ 180,45;R$ 1.804,52;Agudos
50078263;20041929;"CALCA SEG;JEANS;AZ MAR;TAM 44;S/FORR";BRZK;MR01;O.PURCHASE;3;R$ 236,41;R$ 709,22;Mooca
50078263;20041929;"CALCA SEG;JEANS;AZ MAR;TAM 44;S/FORR";BRZL;MR01;O.PURCHASE;6;R$ 186,94;R$ 1.121,62;Capital
50078264;20041930;"CALCA SEG;JEANS;AZ MAR;TAM 46;S/FORR";BR09;MR01;O.PURCHASE;11;R$ 193,75;R$ 2.131,25;Agudos
50078264;20041930;"CALCA SEG;JEANS;AZ MAR;TAM 46;S/FORR";BRZK;MR01;O.PURCHASE;7;R$ 246,82;R$ 1.727,77;Mooca
50078264;20041930;"CALCA SEG;JEANS;AZ MAR;TAM 46;S/FORR";BRZL;MR01;O.PURCHASE;16;R$ 140,38;R$ 2.246,00;Capital
50078265;20041931;"CALCA SEG;JEANS;AZ MAR;TAM 48;S/FORR";BR09;MR01;O.PURCHASE;6;R$ 201,16;R$ 1.206,98;Agudos
50078265;20041931;"CALCA SEG;JEANS;AZ MAR;TAM 48;S/FORR";BRZK;MR01;O.PURCHASE;5;R$ 245,31;R$ 1.226,57;Mooca
50078265;20041931;"CALCA SEG;JEANS;AZ MAR;TAM 48;S/FORR";BRZL;MR01;O.PURCHASE;2;R$ 7,44;R$ 14,87;Capital
50078266;20041932;"CALCA SEG;JEANS;AZ MAR;TAM 50;S/FORR";BR09;MR01;O.PURCHASE;8;R$ 128,36;R$ 1.026,90;Agudos
50078266;20041932;"CALCA SEG;JEANS;AZ MAR;TAM 50;S/FORR";BRDJ;MR01;O.PURCHASE;0;R$ 0,00;R$ 0,00;Piracicaba
50078266;20041932;"CALCA SEG;JEANS;AZ MAR;TAM 50;S/FORR";BRZK;MR01;O.PURCHASE;8;R$ 246,83;R$ 1.974,60;Mooca
50078266;20041932;"CALCA SEG;JEANS;AZ MAR;TAM 50;S/FORR";BRZL;MR01;O.PURCHASE;11;R$ 256,20;R$ 2.818,17;Capital
50078267;20041933;"CALCA SEG;JEANS;AZ MAR;TAM 52;S/FORR";BR09;MR01;O.PURCHASE;7;R$ 237,01;R$ 1.659,09;Agudos
50078267;20041933;"CALCA SEG;JEANS;AZ MAR;TAM 52;S/FORR";BRDJ;MR01;O.PURCHASE;2;R$ 194,25;R$ 388,49;Piracicaba
50078267;20041933;"CALCA SEG;JEANS;AZ MAR;TAM 52;S/FORR";BRZK;MR01;O.PURCHASE;7;R$ 267,67;R$ 1.873,71;Mooca
50078267;20041933;"CALCA SEG;JEANS;AZ MAR;TAM 52;S/FORR";BRZL;MR01;O.PURCHASE;12;R$ 256,77;R$ 3.081,28;Capital
50078268;20041934;"CALCA SEG;JEANS;AZ MAR;TAM 54;S/FORR";BR09;MR01;O.PURCHASE;1;R$ 225,32;R$ 225,32;Agudos
50078268;20041934;"CALCA SEG;JEANS;AZ MAR;TAM 54;S/FORR";BRDJ;MR01;O.PURCHASE;4;R$ 194,25;R$ 776,98;Piracicaba
50078268;20041934;"CALCA SEG;JEANS;AZ MAR;TAM 54;S/FORR";BRZK;MR01;O.PURCHASE;3;R$ 254,33;R$ 762,98;Mooca
50078268;20041934;"CALCA SEG;JEANS;AZ MAR;TAM 54;S/FORR";BRZL;MR01;O.PURCHASE;5;R$ 256,47;R$ 1.282,37;Capital
50078269;20041935;"CALCA SEG;JEANS;AZ MAR;TAM 56;S/FORR";BRDJ;MR01;O.PURCHASE;9;R$ 194,25;R$ 1.748,21;Piracicaba
50078269;20041935;"CALCA SEG;JEANS;AZ MAR;TAM 56;S/FORR";BRZK;MR01;O.PURCHASE;8;R$ 256,38;R$ 2.051,00;Mooca
50078269;20041935;"CALCA SEG;JEANS;AZ MAR;TAM 56;S/FORR";BRZL;MR01;O.PURCHASE;11;R$ 256,47;R$ 2.821,22;Capital
50078270;20041936;"CALCA SEG;JEANS;AZ MAR;TAM 58;S/FORR";BR09;MR01;O.PURCHASE;8;R$ 245,88;R$ 1.967,02;Agudos
50078270;20041936;"CALCA SEG;JEANS;AZ MAR;TAM 58;S/FORR";BRDJ;MR01;O.PURCHASE;25;R$ 265,57;R$ 6.639,32;Piracicaba
50078270;20041936;"CALCA SEG;JEANS;AZ MAR;TAM 58;S/FORR";BRZK;MR01;O.PURCHASE;5;R$ 289,01;R$ 1.445,05;Mooca
50078271;20041937;"CALCA SEG;JEANS;AZ MAR;TAM 60;S/FORR";BRDJ;MR01;O.PURCHASE;0;R$ 0,00;R$ 0,00;Piracicaba
50078272;20041938;"CALCA SEG;JEANS;AZ MAR;TAM 62;S/FORR";BRDJ;MR01;O.PURCHASE;0;R$ 0,00;R$ 0,00;Piracicaba
50078273;20041939;"CALCA SEG;JEANS;AZ MAR;TAM 64;S/FORR";BRDJ;MR01;O.PURCHASE;0;R$ 0,00;R$ 0,00;Piracicaba
50078290;20041956;"CAMISETA;MASC;CT;50 ALG/50 PES;PT;TAM M";BR09;MR01;O.PURCHASE;6;R$ 69,83;R$ 418,96;Agudos
50078290;20041956;"CAMISETA;MASC;CT;50 ALG/50 PES;PT;TAM M";BRDJ;MR01;O.PURCHASE;0;R$ 0,00;R$ 0,00;Piracicaba
50078290;20041956;"CAMISETA;MASC;CT;50 ALG/50 PES;PT;TAM M";BRZL;MR01;O.PURCHASE;17;R$ 44,10;R$ 749,65;Capital
50078291;20041957;"CAMISETA;MASC;CT;50 ALG/50 PES;PT;TAM P";BR09;MR01;O.PURCHASE;0;R$ 0,00;R$ 0,00;Agudos
50078291;20041957;"CAMISETA;MASC;CT;50 ALG/50 PES;PT;TAM P";BRDJ;MR01;O.PURCHASE;3;R$ 60,26;R$ 180,79;Piracicaba
50078293;20041959;"CAMISETA;MASC;CT;50 ALG/50 PES;PT;TAM XG";BR09;MR01;O.PURCHASE;17;R$ 59,93;R$ 1.018,77;Agudos
50078293;20041959;"CAMISETA;MASC;CT;50 ALG/50 PES;PT;TAM XG";BRDJ;MR01;O.PURCHASE;17;R$ 60,26;R$ 1.024,50;Piracicaba
50078293;20041959;"CAMISETA;MASC;CT;50 ALG/50 PES;PT;TAM XG";BRZK;MR01;O.PURCHASE;14;R$ 63,28;R$ 885,90;Mooca
50078293;20041959;"CAMISETA;MASC;CT;50 ALG/50 PES;PT;TAM XG";BRZL;MR01;O.PURCHASE;8;R$ 61,06;R$ 488,49;Capital
50078296;20041962;"CAMISETA;MASC;CT;50 ALG/50 PES;PT;TAM G";BRDJ;MR01;O.PURCHASE;0;R$ 0,00;R$ 0,00;Piracicaba
50078297;20041963;"CAMISETA;MASC;CT;50 ALG/50 PES;PT;TAM GG";BRDJ;MR01;O.PURCHASE;0;R$ 0,00;R$ 0,00;Piracicaba
50078298;20041964;"CAMISETA;MASC;CT;50 ALG/50 PES;PT;TAM M";BRDJ;MR01;O.PURCHASE;0;R$ 0,00;R$ 0,00;Piracicaba
50078299;20041965;"CAMISETA;MASC;CT;50 ALG/50 PES;PT;TAM P";BRDJ;MR01;O.PURCHASE;0;R$ 0,00;R$ 0,00;Piracicaba
50078315;20041982;"CAMISA;FEM;COLARINH;LG;AZ;TAM G;C/LOGO";BR09;MR01;O.PURCHASE;2;R$ 85,19;R$ 170,38;Agudos
50078317;20041984;"CAMISA;FEM;COLARINH;LG;AZ;TAM M;C/LOGO";BR09;MR01;O.PURCHASE;7;R$ 86,77;R$ 607,40;Agudos
50078318;20041985;"CAMISA;FEM;COLARINH;LG;AZ;TAM P;C/LOGO";BR09;MR01;O.PURCHASE;5;R$ 88,03;R$ 440,17;Agudos
50078323;20041990;"CAMISA;FEM;COLARINH;LG;AZ;TAM G;C/LOGO";BR09;MR01;O.PURCHASE;2;R$ 85,19;R$ 170,38;Agudos
50078324;20041991;"CAMISA;FEM;COLARINH;LG;AZ;TAM GG;C/LOGO";BR09;MR01;O.PURCHASE;2;R$ 89,69;R$ 179,38;Agudos
50078325;20041992;"CAMISA;FEM;COLARINH;LG;AZ;TAM M;C/LOGO";BR09;MR01;O.PURCHASE;7;R$ 89,27;R$ 624,89;Agudos
50078326;20041993;"CAMISA;FEM;COLARINH;LG;AZ;TAM P;C/LOGO";BR09;MR01;O.PURCHASE;2;R$ 89,69;R$ 179,38;Agudos
50078327;20041994;"CAMISA;FEM;COLARINH;LG;AZ;TAM PP;C/LOGO";BR09;MR01;O.PURCHASE;2;R$ 124,51;R$ 249,02;Agudos
50078347;20042046;"CAMISETA;MASC;CT;MALH PV;CZ/PT;TAM G";BR09;MR01;O.PURCHASE;0;R$ 0,00;R$ 0,00;Agudos
50078349;20042048;"CAMISETA;MASC;CAREC;CT;MALH PV;CZ/PT;M";BR09;MR01;O.PURCHASE;43;R$ 54,41;R$ 2.339,68;Agudos
50078469;0;"PAPEL SULF;A4;210X297MM;BR;75G/M2";BRDJ;MR01;O.PURCHASE;20;R$ 224,50;R$ 4.490,00;Piracicaba
50078552;20035410;"CAMISA;MASC;ML;AZ MAR;G;LOGO;BORD AMBEV";BRDI;MR01;O.PURCHASE;1;R$ 90,68;R$ 90,68;Osasco
50078555;20035413;"CAMISETA;FEM;MC;AZ MAR;PP;BORD AMBEV";BRZL;MR01;O.PURCHASE;15;R$ 80,81;R$ 1.212,16;Capital
50078556;20035414;"CAMISETA;FEM;MC;AZ MAR;P;BORD AMBEV";BR09;MR01;O.PURCHASE;1;R$ 58,76;R$ 58,76;Agudos
50078556;20035414;"CAMISETA;FEM;MC;AZ MAR;P;BORD AMBEV";BRZL;MR01;O.PURCHASE;5;R$ 80,95;R$ 404,74;Capital
50078557;20035415;"CAMISETA;FEM;MC;AZ MAR;M;BORD AMBEV";BRDJ;MR01;O.PURCHASE;2;R$ 56,06;R$ 112,11;Piracicaba
50078557;20035415;"CAMISETA;FEM;MC;AZ MAR;M;BORD AMBEV";BRZL;MR01;O.PURCHASE;3;R$ 80,96;R$ 242,89;Capital
50078558;20035416;"CAMISETA;FEM;MC;AZ MAR;G;BORD AMBEV";BRZL;MR01;O.PURCHASE;7;R$ 81,64;R$ 571,47;Capital
50078559;20035418;"CAMISETA;FEM;MC;AZ MAR;GG;BORD AMBEV";BRZL;MR01;O.PURCHASE;4;R$ 80,81;R$ 323,25;Capital
50078560;20035419;"CAMISETA;FEM;MC;AZ MAR;XG;BORD AMBEV";BRZL;MR01;O.PURCHASE;0;R$ 0,00;R$ 0,00;Capital
50078564;20035423;"CAMISETA;MASC;MC;AZ MAR;G;BORD AMBEV";BRZL;MR01;O.PURCHASE;0;R$ 0,00;R$ 0,00;Capital
50078565;20035424;"CAMISETA;MASC;MC;AZ MAR;GG;BORD AMBEV";BRZL;MR01;O.PURCHASE;1;R$ 80,17;R$ 80,17;Capital
50078566;20035425;"CAMISETA;MASC;MC;AZ MAR;XG;BORD AMBEV";BRZL;MR01;O.PURCHASE;1;R$ 82,40;R$ 82,40;Capital
50078605;20036409;"CAMISA;MASC;C/COLAR;MC;UNIOFFICE;CZ;P";BRDI;MR01;O.PURCHASE;4;R$ 60,30;R$ 241,20;Osasco
50078606;20036410;"CAMISA;MASC;C/COLAR;MC;UNIOFFICE;CZ;PP";BR09;MR01;O.PURCHASE;0;R$ 0,00;R$ 0,00;Agudos
50078606;20036410;"CAMISA;MASC;C/COLAR;MC;UNIOFFICE;CZ;PP";BRDI;MR01;O.PURCHASE;16;R$ 60,30;R$ 964,79;Osasco
50078607;20036411;"CAMISA;MASC;C/COLAR;MC;UNIOFFICE;CZ;M";BRDI;MR01;O.PURCHASE;16;R$ 62,44;R$ 999,00;Osasco
50078607;20036411;"CAMISA;MASC;C/COLAR;MC;UNIOFFICE;CZ;M";BRDJ;MR01;O.PURCHASE;2;R$ 56,89;R$ 113,78;Piracicaba
50078608;20036412;"CAMISA;MASC;C/COLAR;MC;UNIOFFICE;CZ;G";BR09;MR01;O.PURCHASE;0;R$ 0,00;R$ 0,00;Agudos
50078608;20036412;"CAMISA;MASC;C/COLAR;MC;UNIOFFICE;CZ;G";BRDI;MR01;O.PURCHASE;13;R$ 59,87;R$ 778,27;Osasco
50078609;20036413;"CAMISA;MASC;MC;UNIOFFICE;CZ;GG;C/BOLS";BRDI;MR01;O.PURCHASE;20;R$ 62,44;R$ 1.248,75;Osasco
50078610;20036414;"CAMISA;MASC;C/COLAR;MC;UNIOFFICE;CZ;XG";BR09;MR01;O.PURCHASE;5;R$ 78,93;R$ 394,67;Agudos
50078610;20036414;"CAMISA;MASC;C/COLAR;MC;UNIOFFICE;CZ;XG";BRDI;MR01;O.PURCHASE;124;R$ 58,21;R$ 7.218,45;Osasco
50078611;20036416;"CAMISA;FEM;MC;UNIOFFICE;CZ;PP;C/BOLS";BR09;MR01;O.PURCHASE;4;R$ 59,28;R$ 237,10;Agudos
50078611;20036416;"CAMISA;FEM;MC;UNIOFFICE;CZ;PP;C/BOLS";BRDI;MR01;O.PURCHASE;18;R$ 60,87;R$ 1.095,61;Osasco
50078612;20036417;"CAMISA;FEM;MC;UNIOFFICE;CZ;P;C/BOLS";BR09;MR01;O.PURCHASE;8;R$ 61,45;R$ 491,58;Agudos
50078612;20036417;"CAMISA;FEM;MC;UNIOFFICE;CZ;P;C/BOLS";BRDI;MR01;O.PURCHASE;12;R$ 61,58;R$ 738,98;Osasco
50078613;20036418;"CAMISA;FEM;MC;UNIOFFICE;CZ;M;C/BOLS";BR09;MR01;O.PURCHASE;17;R$ 59,46;R$ 1.010,81;Agudos
50078613;20036418;"CAMISA;FEM;MC;UNIOFFICE;CZ;M;C/BOLS";BRDI;MR01;O.PURCHASE;2;R$ 62,05;R$ 124,10;Osasco
50078614;20036419;"CAMISA;FEM;MC;UNIOFFICE;CZ;G;C/BOLS";BR09;MR01;O.PURCHASE;1;R$ 92,20;R$ 92,20;Agudos
50078614;20036419;"CAMISA;FEM;MC;UNIOFFICE;CZ;G;C/BOLS";BRDI;MR01;O.PURCHASE;1;R$ 70,85;R$ 70,85;Osasco
50078615;20036420;"CAMISA;FEM;MC;UNIOFFICE;CZ;GG;C/BOLS";BR09;MR01;O.PURCHASE;6;R$ 72,28;R$ 433,68;Agudos
50078704;0;"PAPEL SULF;A4;210X297MM;BR;75G/M2";BR09;MR01;O.IMPORTED;0;R$ 0,00;R$ 0,00;Agudos
50078704;0;"PAPEL SULF;A4;210X297MM;BR;75G/M2";BR09;MR01;O.PURCHASE;167;R$ 27,73;R$ 4.630,35;Agudos
50078740;0;"RESPIRADOR DESCART;C/;MALH PP;BR;3M/8212";BR09;MR01;O.PURCHASE;6089;R$ 1,87;R$ 11.386,43;Agudos
50079136;0;"ALCOOL;ETIL;ANTISSEPT;70PCT;GEL";BR09;MR01;O.PURCHASE;183;R$ 14,10;R$ 2.580,02;Agudos
50079221;0;"CAMISETA;MASC;POLO;BRIM;CZ/PT;EXG;C/LOGO";BRVH;MR01;O.PURCHASE;4;R$ 45,55;R$ 182,21;TP Connext Piracicaba
50079222;0;"CAMISETA;MASC;POLO;BRIM;CZ/PT;EG;C/LOGO";BRVH;MR01;O.PURCHASE;4;R$ 45,55;R$ 182,21;TP Connext Piracicaba
50079380;0;"CAMISA SEG;CAMBRIMTAMGGCZPTPARCEIROCFAI";BRVH;MR01;O.PURCHASE;4;R$ 45,55;R$ 182,21;TP Connext Piracicaba
50079381;0;"CALCA SEG;BRIM;CZ;TAM M;S/FORR";BRVH;MR01;O.PURCHASE;59;R$ 68,72;R$ 4.054,65;TP Connext Piracicaba
50079382;0;"CALCA SEG;BRIM;CZ;TAM G;S/FORR";BRVH;MR01;O.PURCHASE;59;R$ 68,72;R$ 4.054,65;TP Connext Piracicaba
50079383;0;"CALCA SEG;BRIM;CZ;TAM GG;S/FORR";BRVH;MR01;O.PURCHASE;59;R$ 68,72;R$ 4.054,65;TP Connext Piracicaba
50079531;0;"GRAMPO PIST;P/MARCEN;40MM;AIRFIX/6315011";BR09;MR01;O.PURCHASE;23;R$ 401,86;R$ 9.242,76;Agudos
50079577;20032526;"CINTA LOMB SEG;NY;PT;VICSA/VIC41110TAMP";BR09;MR01;O.IMPORTED;13;R$ 53,67;R$ 697,73;Agudos
50079577;20032526;"CINTA LOMB SEG;NY;PT;VICSA/VIC41110TAMP";BRDI;MR01;O.IMPORTED;7;R$ 54,45;R$ 381,15;Osasco
50079577;20032526;"CINTA LOMB SEG;NY;PT;VICSA/VIC41110TAMP";BRVH;MR01;O.IMPORTED;19;R$ 55,02;R$ 1.045,47;TP Connext Piracicaba
50079577;20032526;"CINTA LOMB SEG;NY;PT;VICSA/VIC41110TAMP";BRVH;MR01;O.PURCHASE;63;R$ 59,41;R$ 3.742,83;TP Connext Piracicaba
50079577;20032526;"CINTA LOMB SEG;NY;PT;VICSA/VIC41110TAMP";BRZL;MR01;O.IMPORTED;13;R$ 54,45;R$ 707,85;Capital
50079594;0;"RODO;PP;1 BORR;700MM;S/CAB;AZ";BR09;MR01;O.IMPORTED;3;R$ 230,12;R$ 690,37;Agudos
50079595;0;"RODO;PP;1 BORR;700MM;S/CAB;VM";BR09;MR01;O.IMPORTED;34;R$ 196,50;R$ 6.680,89;Agudos
50079596;0;"RODO;PE;1 BORR;700MM;S/CAB;AM";BR09;MR01;O.IMPORTED;1;R$ 237,17;R$ 237,17;Agudos
50079597;0;"RODO;PP;1 BORR;700MM;S/CAB;VD";BR09;MR01;O.IMPORTED;4;R$ 211,91;R$ 847,62;Agudos
50079599;20032560;"CINTA LOMB SEG;PT;VICSA/VIC41110TAMM";BR09;MR01;O.IMPORTED;0;R$ 0,00;R$ 0,00;Agudos
50079599;20032560;"CINTA LOMB SEG;PT;VICSA/VIC41110TAMM";BR09;MR01;O.PURCHASE;5;R$ 50,94;R$ 254,72;Agudos
50079599;20032560;"CINTA LOMB SEG;PT;VICSA/VIC41110TAMM";BRDI;MR01;O.IMPORTED;1;R$ 54,45;R$ 54,45;Osasco
50079599;20032560;"CINTA LOMB SEG;PT;VICSA/VIC41110TAMM";BRVH;MR01;O.IMPORTED;17;R$ 54,90;R$ 933,36;TP Connext Piracicaba
50079599;20032560;"CINTA LOMB SEG;PT;VICSA/VIC41110TAMM";BRZK;MR01;O.PURCHASE;10;R$ 62,08;R$ 620,79;Mooca
50079599;20032560;"CINTA LOMB SEG;PT;VICSA/VIC41110TAMM";BRZL;MR01;O.IMPORTED;90;R$ 54,45;R$ 4.900,50;Capital
50079615;0;"RODO;PP;1 BORR;500MM;S/CAB;AZ";BR09;MR01;O.IMPORTED;1;R$ 189,70;R$ 189,70;Agudos
50079616;0;"RODO;PP;1 BORR;500MM;S/CAB;VM";BR09;MR01;O.IMPORTED;10;R$ 178,28;R$ 1.782,82;Agudos
50079654;0;"CABO;P/VASSOURA;ALU;CZ;1500MM;C/REV AZ";BR09;MR01;O.IMPORTED;0;R$ 0,00;R$ 0,00;Agudos
50079655;0;"CABO;P/VASSOURA;ALU;CZ;1500MM;C/REV VM";BR09;MR01;O.IMPORTED;9;R$ 166,64;R$ 1.499,72;Agudos
50079656;0;"CABO;P/VASSOURA;ALU;CZ;1500MM;C/REV AM";BR09;MR01;O.IMPORTED;3;R$ 165,69;R$ 497,06;Agudos
50079690;0;"TAPETE ISOL ELET;BORR;LJ;LEAL/TAP35LA";BR09;MR01;O.PURCHASE;3;R$ 352,59;R$ 1.057,77;Agudos
50079698;20032860;"CINTA LOMB SEG;NYLON/PVC;VIC41110TAMXG";BR09;MR01;O.IMPORTED;11;R$ 55,00;R$ 604,96;Agudos
50079698;20032860;"CINTA LOMB SEG;NYLON/PVC;VIC41110TAMXG";BR09;MR01;O.PURCHASE;11;R$ 51,12;R$ 562,31;Agudos
50079698;20032860;"CINTA LOMB SEG;NYLON/PVC;VIC41110TAMXG";BRDI;MR01;O.IMPORTED;12;R$ 54,45;R$ 653,40;Osasco
50079698;20032860;"CINTA LOMB SEG;NYLON/PVC;VIC41110TAMXG";BRVH;MR01;O.IMPORTED;96;R$ 54,90;R$ 5.270,76;TP Connext Piracicaba
50079698;20032860;"CINTA LOMB SEG;NYLON/PVC;VIC41110TAMXG";BRZK;MR01;O.PURCHASE;9;R$ 59,41;R$ 534,69;Mooca
50079698;20032860;"CINTA LOMB SEG;NYLON/PVC;VIC41110TAMXG";BRZL;MR01;O.IMPORTED;38;R$ 54,45;R$ 2.069,10;Capital
50079763;0;"AVENTAL SEG;LON;VD;60X100CM;TKVB/AL01";BR09;MR01;O.PURCHASE;13;R$ 38,45;R$ 499,91;Agudos
50079834;0;"PANO P/LIMP;MICROFIBRA;VD;400MM;400MM";BR09;MR01;O.PURCHASE;0;R$ 0,00;R$ 0,00;Agudos
50079835;0;"PANO P/LIMP;MICROFIBRA;VM;400MM;400MM";BR09;MR01;O.PURCHASE;120;R$ 7,05;R$ 845,63;Agudos
50079837;0;"PANO P/LIMP;MICROFIBRA;MR;400MM;400MM";BR09;MR01;O.PURCHASE;84;R$ 6,80;R$ 570,95;Agudos
50079844;0;"PANO P/LIMP;MICROFIBRA;AM;400MM;400MM";BR09;MR01;O.PURCHASE;108;R$ 8,28;R$ 894,16;Agudos
50079845;0;"PANO P/LIMP;MICROFIBRA;AZ;400MM;400MM";BR09;MR01;O.PURCHASE;80;R$ 7,14;R$ 571,50;Agudos
50079883;0;"PANO P/LIMP;POLIEST/POLIAM;VM;300X300MM";BR09;MR01;O.PURCHASE;24;R$ 3,64;R$ 87,26;Agudos
50079885;0;"PANO P/LIMP;POLIEST/POLIAM;AM;500X600MM";BR09;MR01;O.IMPORTED;0;R$ 0,00;R$ 0,00;Agudos
50079885;0;"PANO P/LIMP;POLIEST/POLIAM;AM;500X600MM";BR09;MR01;O.PURCHASE;396;R$ 8,74;R$ 3.461,53;Agudos
50079895;0;"BONE;BIOPROT/CLASSICJAPONESTACTEL7CMAZ";BR09;MR01;O.PURCHASE;96;R$ 54,03;R$ 5.186,40;Agudos
50079904;0;"PASTA TERM;THERMALGRIZZLY/KRYONAUT5,5G";BR09;MR01;O.PURCHASE;1;R$ 19,61;R$ 19,61;Agudos
50079908;0;"BONE;VD;BIOPROT/BONEVD121CLOGOAMBEVCIPA";BR09;MR01;O.PURCHASE;18;R$ 68,60;R$ 1.234,80;Agudos
50079942;20035401;"CAMISA;FEM;ML;AZ MAR;PP;LOGO;BORD AMBEV";BRDI;MR01;O.PURCHASE;0;R$ 0,00;R$ 0,00;Osasco
50079943;20035402;"CAMISA;FEM;ML;AZ MAR;P;LOGO;BORD AMBEV";BR09;MR01;O.PURCHASE;6;R$ 87,43;R$ 524,59;Agudos
50079943;20035402;"CAMISA;FEM;ML;AZ MAR;P;LOGO;BORD AMBEV";BRDI;MR01;O.PURCHASE;8;R$ 90,68;R$ 725,45;Osasco
50079944;20035403;"CAMISA;FEM;ML;AZ MAR;M;LOGO;BORD AMBEV";BRDI;MR01;O.PURCHASE;10;R$ 90,68;R$ 906,81;Osasco
50079945;20035404;"CAMISA;FEM;ML;AZ MAR;G;LOGO;BORD AMBEV";BR09;MR01;O.PURCHASE;1;R$ 89,15;R$ 89,15;Agudos
50079945;20035404;"CAMISA;FEM;ML;AZ MAR;G;LOGO;BORD AMBEV";BRDI;MR01;O.PURCHASE;0;R$ 0,00;R$ 0,00;Osasco
50079946;20035405;"CAMISA;FEM;ML;AZ MAR;GG;LOGO;BORD AMBEV";BR09;MR01;O.PURCHASE;7;R$ 88,45;R$ 619,16;Agudos
50079946;20035405;"CAMISA;FEM;ML;AZ MAR;GG;LOGO;BORD AMBEV";BRDI;MR01;O.PURCHASE;2;R$ 91,94;R$ 183,87;Osasco
50079947;20035406;"CAMISA;FEM;ML;AZ MAR;XG;C/LOG;BORD AMBEV";BRDI;MR01;O.PURCHASE;0;R$ 0,00;R$ 0,00;Osasco
50080140;0;"OLEO LUBRIF;BAS SINT;ISO VG 150;BALD 20L";BR09;MR01;O.PURCHASE;4;R$ 2.006,23;R$ 8.024,91;Agudos
50080152;0;"OLEO LUBR;20L;ITW/SAPPHIREHITORQUE46020L";BR09;MR01;O.PURCHASE;4;R$ 1.785,38;R$ 7.141,53;Agudos
50080184;0;"OCULOS SEG;PC;C/HAST ARTIC;LENT PC INCOL";BR09;MR01;O.IMPORTED;0;R$ 0,00;R$ 0,00;Agudos
50080184;0;"OCULOS SEG;PC;C/HAST ARTIC;LENT PC INCOL";BR09;MR01;O.PURCHASE;0;R$ 0,00;R$ 0,00;Agudos
50080231;20026166;"COLETE SINAL;FORMAT BLUS;ALG;AM FLUOR";BRVH;MR01;O.IMPORTED;18;R$ 18,34;R$ 330,20;TP Connext Piracicaba
50080231;20026166;"COLETE SINAL;FORMAT BLUS;ALG;AM FLUOR";BRVH;MR01;O.PURCHASE;29;R$ 19,85;R$ 575,65;TP Connext Piracicaba
50080232;20026167;"COLETE SINAL;FORMAT BLUS;ALG;AM FLUOR";BR09;MR01;O.IMPORTED;0;R$ 0,00;R$ 0,00;Agudos
50080232;20026167;"COLETE SINAL;FORMAT BLUS;ALG;AM FLUOR";BR09;MR01;O.PURCHASE;28;R$ 15,01;R$ 420,26;Agudos
50080232;20026167;"COLETE SINAL;FORMAT BLUS;ALG;AM FLUOR";BRVH;MR01;O.IMPORTED;18;R$ 18,35;R$ 330,21;TP Connext Piracicaba
50080256;20026371;"COLETE SINAL;FORMAT BLUS;ALG;LJ;TAM M";BR09;MR01;O.IMPORTED;0;R$ 0,00;R$ 0,00;Agudos
50080256;20026371;"COLETE SINAL;FORMAT BLUS;ALG;LJ;TAM M";BR09;MR01;O.PURCHASE;0;R$ 0,00;R$ 0,00;Agudos
50080257;20026372;"COLETE SINAL;FORMAT BLUS;ALG;LJ;TAM G";BR09;MR01;O.IMPORTED;0;R$ 0,00;R$ 0,00;Agudos
50080257;20026372;"COLETE SINAL;FORMAT BLUS;ALG;LJ;TAM G";BR09;MR01;O.PURCHASE;0;R$ 0,00;R$ 0,00;Agudos
50080258;20026373;"COLETE SINAL;FORMAT BLUS;ALG;LJ;TAM GG";BR09;MR01;O.IMPORTED;0;R$ 0,00;R$ 0,00;Agudos
50080259;20026374;"COLETE SINAL;FORMAT BLUS;ALG;LJ;TAM XG";BR09;MR01;O.IMPORTED;20;R$ 20,04;R$ 400,74;Agudos
50080490;0;"ETIQUETA P/IDENTIF;POLIEST;PT;40X70MM";BR09;MR01;O.PURCHASE;25;R$ 3,78;R$ 94,60;Agudos
50080491;0;"ETIQUETA P/IDENTIF;PS;CZ;40X70MM";BR09;MR01;O.PURCHASE;128;R$ 2,30;R$ 294,97;Agudos
50080492;0;"ETIQUETA P/IDENTIF;POLIEST;VD;40X70MM";BR09;MR01;O.PURCHASE;109;R$ 1,62;R$ 176,38;Agudos
50080494;0;"ETIQUETA P/IDENTIF;PS;AZ;40X70MM";BR09;MR01;O.PURCHASE;4;R$ 1,69;R$ 6,75;Agudos
50080495;0;"ETIQUETA P/IDENTIF;PS;AZ CL;40X70MM";BR09;MR01;O.PURCHASE;183;R$ 1,97;R$ 360,33;Agudos
50080497;0;"ETIQUETA P/IDENTIF;PS;LJ;40X70MM";BR09;MR01;O.PURCHASE;277;R$ 1,89;R$ 524,22;Agudos
50080498;0;"ETIQUETA P/IDENTIF;POLIEST;AM;40X70MM";BR09;MR01;O.PURCHASE;0;R$ 0,00;R$ 0,00;Agudos
50080499;0;"ETIQUETA P/IDENTIF;PS;RS;40X70MM";BR09;MR01;O.PURCHASE;117;R$ 1,78;R$ 208,41;Agudos
50080502;20028052;"OCULOS SEG;NY;POLI INC;3M/HB004003107";BRDJ;MR01;O.IMPORTED;8;R$ 6,49;R$ 51,90;Piracicaba
50080505;0;"ETIQUETA P/IDENTIF;PS;CZ;60X108,12MM";BR09;MR01;O.PURCHASE;0;R$ 0,00;R$ 0,00;Agudos
50080506;0;"ETIQUETA P/IDENTIF;PS;VD;60X108,12MM";BR09;MR01;O.PURCHASE;100;R$ 2,49;R$ 249,29;Agudos
50080507;0;"ETIQUETA P/IDENTIF;PS;VD CL;60X108,12MM";BR09;MR01;O.PURCHASE;76;R$ 2,43;R$ 184,64;Agudos
50080514;0;"ETIQUETA P/IDENTIF;PS;AZ CL;60X108,12MM";BR09;MR01;O.PURCHASE;160;R$ 3,76;R$ 602,17;Agudos
50080515;0;"ETIQUETA P/IDENTIF;PS;VM;60X108,12MM";BR09;MR01;O.PURCHASE;30;R$ 2,43;R$ 72,88;Agudos
50080516;0;"ETIQUETA P/IDENTIF;PS;LJ;60X108,12MM";BR09;MR01;O.PURCHASE;150;R$ 2,54;R$ 381,62;Agudos
50080517;0;"ETIQUETA P/IDENTIF;POLIEST;AM";BR09;MR01;O.PURCHASE;185;R$ 2,57;R$ 474,67;Agudos
50080518;0;"ETIQUETA P/IDENTIF;PS;RS;60X108,12MM";BR09;MR01;O.PURCHASE;42;R$ 2,49;R$ 104,60;Agudos
50080534;0;"ETIQUETA P/IDENTIF;PE;BR;60X108,12MM";BR09;MR01;O.PURCHASE;14;R$ 2,37;R$ 33,11;Agudos
50080537;0;"ETIQUETA P/IDENTIF;PS;VT;40X70MM";BR09;MR01;O.PURCHASE;0;R$ 0,00;R$ 0,00;Agudos
50080538;0;"ETIQUETA P/IDENTIF;PP;MR;60X108,12MM";BR09;MR01;O.IMPORTED;0;R$ 0,00;R$ 0,00;Agudos
50080538;0;"ETIQUETA P/IDENTIF;PP;MR;60X108,12MM";BR09;MR01;O.PURCHASE;60;R$ 2,43;R$ 146,06;Agudos
50080539;0;"ETIQUETA P/IDENTIF;PP;VT;60X108,12MM";BR09;MR01;O.PURCHASE;300;R$ 2,45;R$ 733,71;Agudos
50080666;0;"CREME LIMP P/MAOS;FASTORANGE252184L";BR09;MR01;O.PURCHASE;0;R$ 0,00;R$ 0,00;Agudos
50080680;20016592;"JAQUETA;MUNOZ/JAQUETANYLONAZROYALPP";BR09;MR01;O.PURCHASE;3;R$ 419,96;R$ 1.259,88;Agudos
50080680;20016592;"JAQUETA;MUNOZ/JAQUETANYLONAZROYALPP";BRDJ;MR01;O.PURCHASE;4;R$ 400,37;R$ 1.601,46;Piracicaba
50080680;20016592;"JAQUETA;MUNOZ/JAQUETANYLONAZROYALPP";BRZK;MR01;O.PURCHASE;1;R$ 329,19;R$ 329,19;Mooca
50080680;20016592;"JAQUETA;MUNOZ/JAQUETANYLONAZROYALPP";BRZL;MR01;O.PURCHASE;4;R$ 394,04;R$ 1.576,14;Capital
50080681;20016593;"JAQUETA;MUNOZ/JAQUETANYLONAZROYALEXG";BR09;MR01;O.PURCHASE;8;R$ 326,57;R$ 2.612,52;Agudos
50080681;20016593;"JAQUETA;MUNOZ/JAQUETANYLONAZROYALEXG";BRDJ;MR01;O.PURCHASE;11;R$ 464,21;R$ 5.106,26;Piracicaba
50080681;20016593;"JAQUETA;MUNOZ/JAQUETANYLONAZROYALEXG";BRZK;MR01;O.PURCHASE;9;R$ 433,19;R$ 3.898,70;Mooca
50080696;20016705;"JAQUETA;TAM P;MUNOZ/JAQUETANYLONAZROYALP";BR09;MR01;O.PURCHASE;28;R$ 327,08;R$ 9.158,21;Agudos
50080696;20016705;"JAQUETA;TAM P;MUNOZ/JAQUETANYLONAZROYALP";BRDJ;MR01;O.PURCHASE;11;R$ 332,27;R$ 3.655,00;Piracicaba
50080696;20016705;"JAQUETA;TAM P;MUNOZ/JAQUETANYLONAZROYALP";BRZK;MR01;O.PURCHASE;5;R$ 387,82;R$ 1.939,11;Mooca
50080696;20016705;"JAQUETA;TAM P;MUNOZ/JAQUETANYLONAZROYALP";BRZL;MR01;O.PURCHASE;8;R$ 332,42;R$ 2.659,36;Capital
50080697;20016706;"JAQUETA;TAM M;MUNOZ/JAQUETANYLONAZROYALM";BR09;MR01;O.PURCHASE;22;R$ 327,62;R$ 7.207,72;Agudos
50080697;20016706;"JAQUETA;TAM M;MUNOZ/JAQUETANYLONAZROYALM";BRDJ;MR01;O.PURCHASE;2;R$ 389,07;R$ 778,13;Piracicaba
50080697;20016706;"JAQUETA;TAM M;MUNOZ/JAQUETANYLONAZROYALM";BRZK;MR01;O.PURCHASE;3;R$ 433,19;R$ 1.299,56;Mooca
50080697;20016706;"JAQUETA;TAM M;MUNOZ/JAQUETANYLONAZROYALM";BRZL;MR01;O.PURCHASE;3;R$ 432,90;R$ 1.298,71;Capital
50080698;20016707;"JAQUETA;TAM G;MUNOZ/JAQUETANYLONAZROYALG";BR09;MR01;O.PURCHASE;12;R$ 432,07;R$ 5.184,89;Agudos
50080698;20016707;"JAQUETA;TAM G;MUNOZ/JAQUETANYLONAZROYALG";BRDJ;MR01;O.PURCHASE;0;R$ 0,00;R$ 0,00;Piracicaba
50080698;20016707;"JAQUETA;TAM G;MUNOZ/JAQUETANYLONAZROYALG";BRZK;MR01;O.PURCHASE;10;R$ 433,20;R$ 4.331,96;Mooca
50080698;20016707;"JAQUETA;TAM G;MUNOZ/JAQUETANYLONAZROYALG";BRZL;MR01;O.PURCHASE;5;R$ 433,20;R$ 2.165,98;Capital
50080699;20016708;"JAQUETA;MUNOZ/JAQUETANYLONAZROYALGG";BR09;MR01;O.PURCHASE;10;R$ 326,09;R$ 3.260,93;Agudos
50080699;20016708;"JAQUETA;MUNOZ/JAQUETANYLONAZROYALGG";BRDJ;MR01;O.PURCHASE;6;R$ 361,00;R$ 2.165,97;Piracicaba
50080699;20016708;"JAQUETA;MUNOZ/JAQUETANYLONAZROYALGG";BRZK;MR01;O.PURCHASE;10;R$ 433,20;R$ 4.331,96;Mooca
50080717;0;"PASTA LUBRIF;BEGE;LAT 800G;HKW/ECG60800G";BR09;MR01;O.PURCHASE;1;R$ 894,96;R$ 894,96;Agudos
50080727;0;"BASTONETE P/LIMP;BR;HKW/APCB025BZ";BR09;MR01;O.PURCHASE;8;R$ 14,32;R$ 114,52;Agudos
50080767;0;"ELEMENTO;ATLAS COPCO/1621656300";BR09;MR01;O.PURCHASE;7;R$ 286,00;R$ 2.002,02;Agudos
50080769;0;"PASTA TERM;SILICON;PT 1KG;HKW/HTSP01K";BR09;MR01;O.PURCHASE;3;R$ 713,26;R$ 2.139,79;Agudos
50080770;0;"TINTA CONDUTIVA;PR;CZ;LIQ;HKW/ESCP03B";BR09;MR01;O.IMPORTED;3;R$ 53,03;R$ 159,10;Agudos
50080770;0;"TINTA CONDUTIVA;PR;CZ;LIQ;HKW/ESCP03B";BR09;MR01;O.PURCHASE;4;R$ 61,69;R$ 246,76;Agudos
50080774;0;"PINCEL ANTIESTATICO;FIBR PP;HIKARI/HK216";BR09;MR01;O.PURCHASE;105;R$ 9,61;R$ 1.009,55;Agudos
50080856;0;"PANO P/LIMP;SINT;BR;PCT C/50 UNID";BR09;MR01;O.PURCHASE;13;R$ 14,41;R$ 187,34;Agudos
50080887;0;"VERNIZ ISOL ELET;ELECTROLUBE BR/EPUC05L";BR09;MR01;O.IMPORTED;4;R$ 1.471,07;R$ 5.884,26;Agudos
50080889;0;"SACO ANTIESTATICO BLIND;DESCO/13505";BR09;MR01;O.IMPORTED;1;R$ 264,77;R$ 264,77;Agudos
50080889;0;"SACO ANTIESTATICO BLIND;DESCO/13505";BR09;MR01;O.PURCHASE;1;R$ 204,13;R$ 204,13;Agudos
50080891;0;"ESCOVA ANTIEST;FIBR PP;FIX SEM SUPORT";BR09;MR01;O.PURCHASE;20;R$ 14,44;R$ 288,83;Agudos
50080892;0;"ESCOVA ANTIEST;FIBR PP;FIX S/SUPORTE";BR09;MR01;O.IMPORTED;60;R$ 12,99;R$ 779,28;Agudos
50080892;0;"ESCOVA ANTIEST;FIBR PP;FIX S/SUPORTE";BR09;MR01;O.PURCHASE;2;R$ 23,11;R$ 46,22;Agudos
50080937;0;"LUVA SEG;VAQ;CZ/BR;G;SPL06400CGCONFORTO";BR09;MR01;O.PURCHASE;4;R$ 241,30;R$ 965,20;Agudos
50080946;20020212;"VISEIRA P/CAPAC;MAT PC;VISEIRACRISTAL2MM";BR09;MR01;O.IMPORTED;2;R$ 49,49;R$ 98,97;Agudos
50080946;20020212;"VISEIRA P/CAPAC;MAT PC;VISEIRACRISTAL2MM";BR09;MR01;O.PURCHASE;0;R$ 0,00;R$ 0,00;Agudos
50080946;20020212;"VISEIRA P/CAPAC;MAT PC;VISEIRACRISTAL2MM";BRDJ;MR01;O.PURCHASE;2;R$ 35,75;R$ 71,49;Piracicaba
50080946;20020212;"VISEIRA P/CAPAC;MAT PC;VISEIRACRISTAL2MM";BRZL;MR01;O.PURCHASE;5;R$ 44,23;R$ 221,17;Capital
50080980;20020396;"FIXADOR VISEIRA P/CAPACETE;PC";BR09;MR01;O.PURCHASE;29;R$ 1,00;R$ 29,00;Agudos
50080980;20020396;"FIXADOR VISEIRA P/CAPACETE;PC";BRDJ;MR01;O.PURCHASE;26;R$ 20,35;R$ 529,00;Piracicaba
50080980;20020396;"FIXADOR VISEIRA P/CAPACETE;PC";BRZK;MR01;O.PURCHASE;17;R$ 22,81;R$ 387,69;Mooca
50080980;20020396;"FIXADOR VISEIRA P/CAPACETE;PC";BRZL;MR01;O.PURCHASE;21;R$ 37,01;R$ 777,15;Capital
50081139;0;"OLEO HIDR;GL 20L;TEXACO/RANDOHD3220L";BR09;MR01;O.PURCHASE;12;R$ 667,75;R$ 8.013,04;Agudos
50081174;0;"BOTINA SEG;PT;BRACOL/4018BAMB1602LLNUM40";BRVH;MR01;O.PURCHASE;45;R$ 87,55;R$ 3.939,88;TP Connext Piracicaba
50081182;0;"BOTINA SEG;PT;BRACOL/4018BAMB1602LLNUM36";BRVH;MR01;O.PURCHASE;3;R$ 99,81;R$ 299,43;TP Connext Piracicaba
50081183;0;"BOTINA SEG;PT;BRACOL/4018BAMB1602LLNUM37";BRVH;MR01;O.PURCHASE;13;R$ 94,38;R$ 1.226,89;TP Connext Piracicaba
50081184;0;"BOTINA SEG;PT;BRACOL/4018BAMB1602LLNUM38";BRVH;MR01;O.PURCHASE;7;R$ 92,88;R$ 650,16;TP Connext Piracicaba
50081185;0;"BOTINA SEG;PT;BRACOL/4018BAMB1602LLNUM39";BRVH;MR01;O.PURCHASE;9;R$ 94,78;R$ 853,02;TP Connext Piracicaba
50081186;0;"BOTINA SEG;PT;BRACOL/4018BAMB1602LLNUM41";BRVH;MR01;O.PURCHASE;24;R$ 112,83;R$ 2.708,02;TP Connext Piracicaba
50081187;0;"BOTINA SEG;PT;BRACOL/4018BAMB1602LLNUM42";BRVH;MR01;O.PURCHASE;47;R$ 104,77;R$ 4.924,23;TP Connext Piracicaba
50081189;0;"BOTINA SEG;PT;BRACOL/4018BAMB1602LLNUM44";BRVH;MR01;O.PURCHASE;15;R$ 85,22;R$ 1.278,36;TP Connext Piracicaba
50081190;0;"BOTINA SEG;PT;BRACOL/4018BAMB1602LLNUM45";BRVH;MR01;O.PURCHASE;5;R$ 101,95;R$ 509,77;TP Connext Piracicaba
50081191;0;"CALCA PROF;TAM G;CALCAPROFMASCAZGALGODAO";BRVH;MR01;O.PURCHASE;346;R$ 69,09;R$ 23.905,48;TP Connext Piracicaba
50081192;0;"CALCA PROF;AZ;CALCAPROFMASCAZGGALGODAO";BRVH;MR01;O.PURCHASE;338;R$ 73,08;R$ 24.701,42;TP Connext Piracicaba
50081193;0;"CALCA PROF;TAM M;CALCAPROFMASCAZMALGODAO";BRVH;MR01;O.PURCHASE;326;R$ 74,71;R$ 24.356,27;TP Connext Piracicaba
50081194;0;"CALCA PROF;TAM P;CALCAPROFMASCAZPALGODAO";BRVH;MR01;O.PURCHASE;57;R$ 70,22;R$ 4.002,34;TP Connext Piracicaba
50081195;0;"CALCA PROF;AZ;CALCAPROFMASCAZGGEALGODAO";BRVH;MR01;O.PURCHASE;4;R$ 46,63;R$ 186,53;TP Connext Piracicaba
50081196;0;"CALCA PROF;AZ;CALCAPROFMASCAZGGXALGODAO";BRVH;MR01;O.PURCHASE;91;R$ 66,51;R$ 6.052,67;TP Connext Piracicaba
50081197;0;"CAMISA;MASC;BRUNAN/CAMMASCAZCZPMOTORISTA";BRVH;MR01;O.PURCHASE;23;R$ 57,77;R$ 1.328,61;TP Connext Piracicaba
50081198;0;"CAMISA;MASC;BRUNAN/CAMMASCAZCZMMOTORISTA";BRVH;MR01;O.PURCHASE;103;R$ 60,34;R$ 6.214,74;TP Connext Piracicaba
50081200;0;"CAMISA;ALG;BRUNAN/CAMMASCAZCZGGMOTORISTA";BRVH;MR01;O.PURCHASE;263;R$ 60,19;R$ 15.829,21;TP Connext Piracicaba
50081202;0;"CAMISA;BRUNAN/CAMMASCAZCZGGXMOTORISTA";BRVH;MR01;O.PURCHASE;4;R$ 45,55;R$ 182,21;TP Connext Piracicaba
50081203;0;"CAMISA;MASC;BRUNAN/CAMMASCAZCZPAJUDANTE";BRVH;MR01;O.PURCHASE;11;R$ 60,34;R$ 663,71;TP Connext Piracicaba
50081205;0;"CAMISA;MASC;BRUNAN/CAMMASCAZCZGAJUDANTE";BRVH;MR01;O.PURCHASE;59;R$ 60,34;R$ 3.559,90;TP Connext Piracicaba
50081206;0;"CAMISA;MASC;BRUNAN/CAMMASCAZCZGGAJUDANTE";BRVH;MR01;O.PURCHASE;59;R$ 60,34;R$ 3.559,90;TP Connext Piracicaba
50081241;0;"MEMBRANA FILT;MICROFILT;MERCK/HAWG047S6";BR09;MR01;O.IMPORTED;0;R$ 0,00;R$ 0,00;Agudos
50081241;0;"MEMBRANA FILT;MICROFILT;MERCK/HAWG047S6";BR09;MR01;O.PURCHASE;8;R$ 606,74;R$ 4.853,92;Agudos
50081339;0;"HASTE;DESTRAVAMENTO;FERRAMENTA 941-874";BR09;MR01;O.PURCHASE;1;R$ 744,53;R$ 744,53;Agudos
50081471;0;"ESTILETE;SEG;ESTR;AZ/PT;PLAST;MARTOR/446";BR09;MR01;O.PURCHASE;14;R$ 48,87;R$ 684,19;Agudos
50081471;0;"ESTILETE;SEG;ESTR;AZ/PT;PLAST;MARTOR/446";BRDJ;MR01;O.IMPORTED;42;R$ 40,10;R$ 1.684,03;Piracicaba
50081471;0;"ESTILETE;SEG;ESTR;AZ/PT;PLAST;MARTOR/446";BRVH;MR01;O.IMPORTED;11;R$ 38,90;R$ 427,93;TP Connext Piracicaba
50081482;20008912;"CALCA/JAQUETA CJ SEG;NY;AM;1000AMARELOP";BR09;MR01;O.PURCHASE;7;R$ 141,03;R$ 987,19;Agudos
50081482;20008912;"CALCA/JAQUETA CJ SEG;NY;AM;1000AMARELOP";BRDJ;MR01;O.PURCHASE;6;R$ 197,32;R$ 1.183,92;Piracicaba
50081482;20008912;"CALCA/JAQUETA CJ SEG;NY;AM;1000AMARELOP";BRZL;MR01;O.PURCHASE;2;R$ 134,53;R$ 269,05;Capital
50081483;20008913;"CALCA/JAQUETA CJ SEG;NY;AM;1000AMARELOM";BR09;MR01;O.PURCHASE;0;R$ 0,00;R$ 0,00;Agudos
50081483;20008913;"CALCA/JAQUETA CJ SEG;NY;AM;1000AMARELOM";BRDJ;MR01;O.PURCHASE;2;R$ 121,27;R$ 242,53;Piracicaba
50081483;20008913;"CALCA/JAQUETA CJ SEG;NY;AM;1000AMARELOM";BRZL;MR01;O.PURCHASE;12;R$ 153,82;R$ 1.845,80;Capital
50081484;20008914;"CALCA/JAQUETA CJ SEG;NY;AM;1000AMARELOG";BR09;MR01;O.PURCHASE;4;R$ 173,69;R$ 694,75;Agudos
50081484;20008914;"CALCA/JAQUETA CJ SEG;NY;AM;1000AMARELOG";BRDJ;MR01;O.PURCHASE;6;R$ 155,95;R$ 935,68;Piracicaba
50081485;20008915;"CALCA/JAQUETA CJ SEG;NY;AM;1000AMARELOGG";BR09;MR01;O.PURCHASE;2;R$ 138,86;R$ 277,71;Agudos
50081485;20008915;"CALCA/JAQUETA CJ SEG;NY;AM;1000AMARELOGG";BRDJ;MR01;O.PURCHASE;1;R$ 121,26;R$ 121,26;Piracicaba
50081486;20008916;"CALCA/JAQUETA CJ SEG;NY;1000AMARELOEXG";BR09;MR01;O.PURCHASE;3;R$ 297,64;R$ 892,91;Agudos
50081486;20008916;"CALCA/JAQUETA CJ SEG;NY;1000AMARELOEXG";BRDJ;MR01;O.PURCHASE;0;R$ 0,00;R$ 0,00;Piracicaba
50081486;20008916;"CALCA/JAQUETA CJ SEG;NY;1000AMARELOEXG";BRZK;MR01;O.PURCHASE;14;R$ 153,11;R$ 2.143,51;Mooca
50081486;20008916;"CALCA/JAQUETA CJ SEG;NY;1000AMARELOEXG";BRZL;MR01;O.PURCHASE;6;R$ 158,07;R$ 948,43;Capital
50081592;20009281;CALÇA VENDEDOR FEM C/ REFORÇO-TAM. Nº50;BRDI;MR01;O.PURCHASE;2;R$ 75,27;R$ 150,53;Osasco
50081598;20009290;CALÇA VENDEDOR FEM C/ REFORÇO-TAM. Nº42;BRDJ;MR01;O.PURCHASE;0;R$ 0,00;R$ 0,00;Piracicaba
50081603;20009298;CALÇA VENDEDOR FEM C/ REFORÇO-TAM. Nº52;BRDI;MR01;O.PURCHASE;6;R$ 82,29;R$ 493,75;Osasco
50081604;20009299;CALÇA VENDEDOR FEM C/ REFORÇO-TAM. Nº56;BRDI;MR01;O.PURCHASE;0;R$ 0,00;R$ 0,00;Osasco
50081608;0;"CAMISA;OPERADOR BR.C/FAIXA REFLETIVA GG";BR09;MR01;O.PURCHASE;0;R$ 0,00;R$ 0,00;Agudos
50081610;0;"CAMISA;MANUTEN AZUL C/FAIXA REFLETIVA GG";BR09;MR01;O.PURCHASE;0;R$ 0,00;R$ 0,00;Agudos
50081612;0;"CALCA;MANUTENCAO AZUL,C/FAIXA REFLETIV P";BR09;MR01;O.PURCHASE;10;R$ 92,92;R$ 929,22;Agudos
50081613;0;"CALCA;OPERADOR BRANCA,C/FAIXA REFLETI GG";BR09;MR01;O.PURCHASE;4;R$ 72,24;R$ 288,97;Agudos
50081614;0;"CALCA;MANUTENCAO AZUL,C/FAIXA REFLETIV G";BR09;MR01;O.PURCHASE;21;R$ 87,44;R$ 1.836,15;Agudos
50081616;0;"CAMISA;MANUTEN. AZUL C/FAIXA REFLETIVA M";BR09;MR01;O.PURCHASE;33;R$ 68,10;R$ 2.247,29;Agudos
50081618;0;"CALCA;OPERADOR BRANCA,C/FAIXA REFLETIV M";BR09;MR01;O.PURCHASE;6;R$ 109,00;R$ 653,97;Agudos
50081619;0;"CAMISA;OPERADOR BRAN C/FAIXA REFLETIVA P";BR09;MR01;O.PURCHASE;11;R$ 102,45;R$ 1.126,92;Agudos
50081620;0;"CAMISA;OPERADOR BRAN.C/FAIXA REFLETIVA G";BR09;MR01;O.PURCHASE;1;R$ 182,82;R$ 182,82;Agudos
50081621;0;"CAMISA;MANUTEN. AZUL C/FAIXA REFLETIVA G";BR09;MR01;O.PURCHASE;0;R$ 0,00;R$ 0,00;Agudos
50081622;0;"CALCA;MANUTENCAO AZUL,C/FAIXA REFLETIV M";BR09;MR01;O.PURCHASE;29;R$ 83,06;R$ 2.408,72;Agudos
50081623;0;"CALCA;MANUTENCAO AZUL,C/FAIXA REFLETI GG";BR09;MR01;O.PURCHASE;10;R$ 96,98;R$ 969,82;Agudos
50081624;0;"CAMISA;OPERADOR BRA. C/FAIXA REFLETIVA M";BR09;MR01;O.PURCHASE;0;R$ 0,00;R$ 0,00;Agudos
50081791;0;"CAMISA SEG;MASC;CAQ;LEAL/FW206771613AA56";BR09;MR01;O.PURCHASE;0;R$ 0,00;R$ 0,00;Agudos
50081792;0;"CAMISA SEG;MASC;CAQ;LEAL/FW206771613AA58";BR09;MR01;O.PURCHASE;0;R$ 0,00;R$ 0,00;Agudos
50081793;0;"CAMISA SEG;MASC;CAQ;LEAL/FW206771613AA60";BR09;MR01;O.PURCHASE;6;R$ 170,82;R$ 1.024,94;Agudos
50081796;0;"CAMISA SEG;MASC;CAQ;LEAL/FW206771613AA66";BR09;MR01;O.PURCHASE;3;R$ 488,97;R$ 1.466,90;Agudos
50081885;0;"OCULOS SEG AMPL;PLAS;UNIVET/620020100";BR09;MR01;O.IMPORTED;0;R$ 0,00;R$ 0,00;Agudos
50081885;0;"OCULOS SEG AMPL;PLAS;UNIVET/620020100";BR09;MR01;O.PURCHASE;32;R$ 27,32;R$ 874,08;Agudos
50081990;20007182;"SUETER;AZUL MARINHO;DA Producao, Malha f";BRZK;MR01;O.PURCHASE;3;R$ 143,93;R$ 431,80;Mooca
50081990;20007182;"SUETER;AZUL MARINHO;DA Producao, Malha f";BRZL;MR01;O.PURCHASE;5;R$ 139,60;R$ 697,99;Capital
50081991;20007183;"SUETER;AZUL MARINHO;DA Producao, Malha f";BR09;MR01;O.PURCHASE;0;R$ 0,00;R$ 0,00;Agudos
50081991;20007183;"SUETER;AZUL MARINHO;DA Producao, Malha f";BRZK;MR01;O.PURCHASE;3;R$ 130,98;R$ 392,93;Mooca
50081991;20007183;"SUETER;AZUL MARINHO;DA Producao, Malha f";BRZL;MR01;O.PURCHASE;7;R$ 135,13;R$ 945,94;Capital
50081992;20007184;"SUETER;AZUL MARINHO;LA SINTETICA, TAM M";BR09;MR01;O.PURCHASE;0;R$ 0,00;R$ 0,00;Agudos
50081992;20007184;"SUETER;AZUL MARINHO;LA SINTETICA, TAM M";BRDJ;MR01;O.PURCHASE;8;R$ 118,28;R$ 946,20;Piracicaba
50081992;20007184;"SUETER;AZUL MARINHO;LA SINTETICA, TAM M";BRZK;MR01;O.PURCHASE;0;R$ 0,00;R$ 0,00;Mooca
50081992;20007184;"SUETER;AZUL MARINHO;LA SINTETICA, TAM M";BRZL;MR01;O.PURCHASE;7;R$ 143,09;R$ 1.001,66;Capital
50081993;20007185;"SUETER;AZUL MARINHO;DA PRODUCAO, MALHA F";BR09;MR01;O.PURCHASE;4;R$ 156,63;R$ 626,53;Agudos
50081993;20007185;"SUETER;AZUL MARINHO;DA PRODUCAO, MALHA F";BRZK;MR01;O.PURCHASE;5;R$ 127,54;R$ 637,72;Mooca
50081993;20007185;"SUETER;AZUL MARINHO;DA PRODUCAO, MALHA F";BRZL;MR01;O.PURCHASE;18;R$ 135,19;R$ 2.433,42;Capital
50081994;20007186;"SUETER;AZUL MARINHO;DA PRODUCAO,MALHA FI";BR09;MR01;O.PURCHASE;5;R$ 125,80;R$ 629,02;Agudos
50081994;20007186;"SUETER;AZUL MARINHO;DA PRODUCAO,MALHA FI";BRZK;MR01;O.PURCHASE;5;R$ 131,22;R$ 656,12;Mooca
50081998;0;"SACO PANO P/LIMP;ALG;ALVEJ;BR;700X400MM";BR09;MR01;O.PURCHASE;0;R$ 0,00;R$ 0,00;Agudos
50081999;0;"LIMPADOR;P/ MULTI-USO JET;;FRASCO 500ML;";BRDI;MR01;O.PURCHASE;2;R$ 14,91;R$ 29,82;Osasco
50082010;0;PLACA INDENTIFICAÇÃO - VERDE;BR09;MR01;O.PURCHASE;0;R$ 0,00;R$ 0,00;Agudos
50082017;0;PLACA INDENTIFICAÇÃO - VERMELHA;BR09;MR01;O.PURCHASE;25;R$ 16,42;R$ 410,54;Agudos
50082025;0;"FORMULARIO;SEGURANCA, 1 VIA, M. D AGUA";BR09;MR01;O.PURCHASE;48;R$ 88,70;R$ 4.257,60;Agudos
50082057;0;"LAMINA;P/REFILE D/FILMES ACO INOX NR145";BR09;MR01;O.IMPORTED;10;R$ 40,58;R$ 405,76;Agudos
50082080;0;"CHUVEIRO/LAVA-OLHOS;MAN;AXION001CL3/4NPT";BR09;MR01;O.PURCHASE;0;R$ 0,00;R$ 0,00;Agudos
50082097;0;"ETIQUETA;DE SEGURANCA COR LARANJA;;LARAN";BR09;MR01;O.PURCHASE;346;R$ 0,54;R$ 186,11;Agudos
50082101;0;"JAPONA SEG;PA;AZ;HERCULES/SPK026TAGG";BRDI;MR01;O.PURCHASE;1;R$ 120,70;R$ 120,70;Osasco
50082104;0;"CREME PROT P/MAOS;PT 250G;MAVARO/PM50";BR09;MR01;O.PURCHASE;60;R$ 7,22;R$ 433,19;Agudos
50082108;0;"SUETER P/FRIO;MALHA;AZUL MARINHO;TAM G;;";BRDJ;MR01;O.PURCHASE;2;R$ 100,08;R$ 200,15;Piracicaba
50082155;0;"ANTENA SEG P/MOTO;ACAB FIBR VIDR";BR09;MR01;O.PURCHASE;0;R$ 0,00;R$ 0,00;Agudos
50082156;20007464;"FIXADOR DE VISEIRA;PARA CAPACETE MACH 5";BR09;MR01;O.PURCHASE;8;R$ 0,05;R$ 0,40;Agudos
50082295;0;"ALCOOL;70%;LIQUIDO;FRASCO 1LT;;91090339";BR09;MR01;O.PURCHASE;257;R$ 11,06;R$ 2.841,68;Agudos
50082296;0;"METABISSULFITO SOD;PA;JT-BAKER/355201";BR09;MR01;O.PURCHASE;4;R$ 138,97;R$ 555,88;Agudos
50082523;0;"ACIDO;SULFURICO;98%;";BR09;MR01;O.PURCHASE;0;R$ 0,00;R$ 0,00;Agudos
50082536;0;"TENIS SEG;NUM 35;FUJIWARA/90HTT600NUM35";BR09;MR01;O.PURCHASE;2;R$ 92,25;R$ 184,49;Agudos
50082547;0;"BOTINA SEG;PT;FUJIWARA/90HVAMB600NUM35";BRZK;MR01;O.PURCHASE;2;R$ 120,17;R$ 240,34;Mooca
50082547;0;"BOTINA SEG;PT;FUJIWARA/90HVAMB600NUM35";BRZL;MR01;O.PURCHASE;2;R$ 156,23;R$ 312,46;Capital
50082549;0;"CARTUCHO P/MASC RESP;3M 6000/7000;6006";BR09;MR01;O.IMPORTED;0;R$ 0,00;R$ 0,00;Agudos
50082570;0;"PAPEL HIGIEN;FOLH SI;BR;CX C/8 ROL 300M";BRZL;MR01;O.PURCHASE;12;R$ 65,12;R$ 781,44;Capital
50082576;0;"ESTILETE;BIC DE PATO;MARTOR/121001";BR09;MR01;O.IMPORTED;1;R$ 124,96;R$ 124,96;Agudos
50082589;0;"ESTOPA;COR BR;ALG;EMBAL 1KG";BR09;MR01;O.PURCHASE;308;R$ 19,40;R$ 5.974,36;Agudos
50082591;20004956;"PROTETOR AURIC TP PLUG;MOLD;UNIC;3M/1110";BRDI;MR01;O.IMPORTED;0;R$ 0,00;R$ 0,00;Osasco
50082591;20004956;"PROTETOR AURIC TP PLUG;MOLD;UNIC;3M/1110";BRDJ;MR01;O.PURCHASE;1;R$ 1,37;R$ 1,37;Piracicaba
50082631;0;PILHA ALC,C,1,5V,EMB 2 UNID;BR09;MR01;O.IMPORTED;0;R$ 0,00;R$ 0,00;Agudos
50082632;0;"PILHA ALC;AA;1,5V;EMB 2 UNID";BR09;MR01;O.IMPORTED;0;R$ 0,00;R$ 0,00;Agudos
50082632;0;"PILHA ALC;AA;1,5V;EMB 2 UNID";BR09;MR01;O.PURCHASE;43;R$ 10,41;R$ 447,53;Agudos
50082904;0;"CAPACETE;PVC;SP EQUIP/SPF006CO";BR09;MR01;O.PURCHASE;22;R$ 36,86;R$ 811,00;Agudos
50082904;0;"CAPACETE;PVC;SP EQUIP/SPF006CO";BRDI;MR01;O.PURCHASE;6;R$ 37,21;R$ 223,24;Osasco
50082908;0;"LUVA SEGURANCA;TAM P;DANNY/DA301CSTAMP";BR09;MR01;O.IMPORTED;3;R$ 78,68;R$ 236,04;Agudos
50082909;0;"LUVA SEGURANCA;TAM M;DANNY/DA301CSTAMM";BR09;MR01;O.IMPORTED;0;R$ 0,00;R$ 0,00;Agudos
50082920;0;"PAPEL HIGIEN;FL SIMP;BR;EMB 8 ROLO 500M";BR09;MR01;O.PURCHASE;100;R$ 109,00;R$ 10.900,00;Agudos
50082922;0;"PAPEL TOALH ROLO;FL SIMP;C/PICOT;BR;20CM";BR09;MR01;O.PURCHASE;224;R$ 127,63;R$ 28.589,46;Agudos
50082925;0;"CALCA SEG;88PCT ALGODAO/12PCT FIB;TAM 36";BR09;MR01;O.PURCHASE;16;R$ 235,16;R$ 3.762,56;Agudos
50082926;0;"CALCA SEG;88PCT ALGODAO/12PCT FIB;TAM 38";BR09;MR01;O.PURCHASE;18;R$ 251,32;R$ 4.523,81;Agudos
50082927;0;"CALCA SEG;88PCT ALGODAO/12PCT FIB;NUM 40";BR09;MR01;O.PURCHASE;10;R$ 359,59;R$ 3.595,86;Agudos
50082928;0;"CALCA SEG;88PCT ALGOD/12PCT FIB;NUM 42";BR09;MR01;O.PURCHASE;6;R$ 211,31;R$ 1.267,84;Agudos
50082929;0;"CALCA SEG;88PCT ALGODAO/12PCT FIB;NUM 44";BR09;MR01;O.PURCHASE;0;R$ 0,00;R$ 0,00;Agudos
50082930;0;"CALCA SEG;88PCT ALGODAO/12PCT FIB;NUM 46";BR09;MR01;O.PURCHASE;26;R$ 210,71;R$ 5.478,46;Agudos
50082931;0;"CALCA SEG;88PCT ALGODAO/12PCT FIB;NUM 48";BR09;MR01;O.PURCHASE;1;R$ 351,64;R$ 351,64;Agudos
50082932;0;"CALCA SEG;88PCT ALGODAO/12PCT FIB;NUM 50";BR09;MR01;O.PURCHASE;0;R$ 0,00;R$ 0,00;Agudos
50082933;0;"CALCA SEG;88PCT ALGODAO/12PCT FIB;NUM 52";BR09;MR01;O.PURCHASE;7;R$ 274,66;R$ 1.922,62;Agudos
50082934;0;"CALCA SEG;88PCT ALGODAO/12PCT FIB;NUM 54";BR09;MR01;O.PURCHASE;8;R$ 211,31;R$ 1.690,47;Agudos
50082938;0;"CALCA SEG;88PCT ALGODAO/12PCT FIB;NUM 62";BR09;MR01;O.PURCHASE;3;R$ 211,31;R$ 633,93;Agudos
50082939;0;"CAMISA SEG;MASC;CAQ;LEAL/FW206771613AA40";BR09;MR01;O.PURCHASE;13;R$ 302,86;R$ 3.937,23;Agudos
50082940;0;"CAMISA SEG;MASC;CAQ;LEAL/FW206771613AA42";BR09;MR01;O.PURCHASE;0;R$ 0,00;R$ 0,00;Agudos
50082941;0;"CAMISA SEG;MASC;CAQ;LEAL/FW206771613AA44";BR09;MR01;O.PURCHASE;0;R$ 0,00;R$ 0,00;Agudos
50082942;0;"CAMISA SEG;MASC;CAQ;LEAL/FW206771613AA46";BR09;MR01;O.PURCHASE;0;R$ 0,00;R$ 0,00;Agudos
50082943;0;"CAMISA SEG;MASC;CAQ;LEAL/FW206771613AA48";BR09;MR01;O.PURCHASE;0;R$ 0,00;R$ 0,00;Agudos
50082944;0;"CAMISA SEG;MASC;CAQ;LEAL/FW206771613AA50";BR09;MR01;O.PURCHASE;15;R$ 290,09;R$ 4.351,36;Agudos
50082945;0;"CAMISA SEG;MASC;CAQ;LEAL/FW206771613AA52";BR09;MR01;O.PURCHASE;6;R$ 170,82;R$ 1.024,93;Agudos
50082946;0;"CAMISA SEG;MASC;CAQ;LEAL/FW206771613AA54";BR09;MR01;O.PURCHASE;0;R$ 0,00;R$ 0,00;Agudos
50082950;20002997;CALÇA VENDEDOR FEM C/ REFORÇO-TAM. Nº40;BRDI;MR01;O.PURCHASE;0;R$ 0,00;R$ 0,00;Osasco
50082952;20002999;CALÇA VENDEDOR FEM C/ REFORÇO-TAM. Nº46;BRDI;MR01;O.PURCHASE;0;R$ 0,00;R$ 0,00;Osasco
50082952;20002999;CALÇA VENDEDOR FEM C/ REFORÇO-TAM. Nº46;BRDJ;MR01;O.PURCHASE;0;R$ 0,00;R$ 0,00;Piracicaba
50082954;20003001;CALÇA VENDEDOR MASC C/ REFORÇO-TAM. Nº36;BR09;MR01;O.PURCHASE;8;R$ 48,96;R$ 391,65;Agudos
50082955;20003002;CALÇA VENDEDOR MASC C/ REFORÇO TAM. Nº38;BRDI;MR01;O.PURCHASE;1;R$ 91,36;R$ 91,36;Osasco
50082955;20003002;CALÇA VENDEDOR MASC C/ REFORÇO TAM. Nº38;BRDJ;MR01;O.PURCHASE;0;R$ 0,00;R$ 0,00;Piracicaba
50082958;0;CALÇA VENDEDOR MASC C/ REFORÇO-TAM. Nº44;BRDJ;MR01;O.PURCHASE;0;R$ 0,00;R$ 0,00;Piracicaba
50082965;20003012;CALÇA VENDEDOR MASC S/ REFORÇO-TAM. Nº36;BR09;MR01;O.PURCHASE;4;R$ 58,82;R$ 235,27;Agudos
50082965;20003012;CALÇA VENDEDOR MASC S/ REFORÇO-TAM. Nº36;BRDI;MR01;O.PURCHASE;11;R$ 67,88;R$ 746,73;Osasco
50082966;20003013;CALÇA VENDEDOR MASC S/ REFORÇO-TAM. Nº38;BRDI;MR01;O.PURCHASE;0;R$ 0,00;R$ 0,00;Osasco
50082967;20003014;CALÇA VENDEDOR MASC S/ REFORÇO-TAM. Nº40;BRDJ;MR01;O.PURCHASE;5;R$ 51,46;R$ 257,32;Piracicaba
50082972;20003019;CALÇA VENDEDOR MASC S/ REFORÇO-TAM. Nº50;BR09;MR01;O.PURCHASE;8;R$ 83,90;R$ 671,17;Agudos
50082972;20003019;CALÇA VENDEDOR MASC S/ REFORÇO-TAM. Nº50;BRDJ;MR01;O.PURCHASE;2;R$ 51,62;R$ 103,24;Piracicaba
50082973;20003020;CALÇA VENDEDOR MASC S/ REFORÇO-TAM. Nº52;BR09;MR01;O.PURCHASE;0;R$ 0,00;R$ 0,00;Agudos
50082974;20003021;CALÇA VENDEDOR MASC S/ REFORÇO-TAM. Nº54;BR09;MR01;O.PURCHASE;7;R$ 46,06;R$ 322,39;Agudos
50082975;20003022;CALÇA VENDEDOR MASC S/ REFORÇO-TAM. Nº56;BR09;MR01;O.PURCHASE;3;R$ 42,76;R$ 128,29;Agudos
50082975;20003022;CALÇA VENDEDOR MASC S/ REFORÇO-TAM. Nº56;BRDJ;MR01;O.PURCHASE;0;R$ 0,00;R$ 0,00;Piracicaba
50082984;0;"SABONETE LIQ;SUAV;AM;SANTHER/SBB06";BR09;MR01;O.PURCHASE;70;R$ 122,76;R$ 8.592,95;Agudos
50083003;0;"CABO;P/VASSOURA E RODO;ALUMI DE 2 MT";BR09;MR01;O.PURCHASE;72;R$ 28,65;R$ 2.062,80;Agudos
50083008;20003097;BOTA PVC PARA CHUVA - TAM. Nº 40;BR09;MR01;O.PURCHASE;16;R$ 39,00;R$ 624,00;Agudos
50083008;20003097;BOTA PVC PARA CHUVA - TAM. Nº 40;BRDJ;MR01;O.IMPORTED;16;R$ 46,00;R$ 736,00;Piracicaba
50083008;20003097;BOTA PVC PARA CHUVA - TAM. Nº 40;BRDJ;MR01;O.PURCHASE;2;R$ 39,00;R$ 78,00;Piracicaba
50083008;20003097;BOTA PVC PARA CHUVA - TAM. Nº 40;BRZK;MR01;O.PURCHASE;5;R$ 50,00;R$ 250,00;Mooca
50083008;20003097;BOTA PVC PARA CHUVA - TAM. Nº 40;BRZL;MR01;O.IMPORTED;0;R$ 0,00;R$ 0,00;Capital
50083009;20003098;BOTA PVC PARA CHUVA - TAM. Nº 38;BR09;MR01;O.PURCHASE;12;R$ 39,52;R$ 474,23;Agudos
50083009;20003098;BOTA PVC PARA CHUVA - TAM. Nº 38;BRDJ;MR01;O.PURCHASE;1;R$ 47,52;R$ 47,52;Piracicaba
50083010;20003100;BOTA PVC PARA CHUVA - TAM. Nº 45;BRDJ;MR01;O.PURCHASE;1;R$ 72,31;R$ 72,31;Piracicaba
50083011;20003101;BOTA PVC PARA CHUVA - TAM. Nº 39;BR09;MR01;O.PURCHASE;7;R$ 39,52;R$ 276,63;Agudos
50083011;20003101;BOTA PVC PARA CHUVA - TAM. Nº 39;BRDJ;MR01;O.PURCHASE;0;R$ 0,00;R$ 0,00;Piracicaba
50083012;20003102;"BOTA SEG;PVC;PT;S/BIQ;ALPARGATAS/4567";BR09;MR01;O.PURCHASE;10;R$ 39,52;R$ 395,19;Agudos
50083012;20003102;"BOTA SEG;PVC;PT;S/BIQ;ALPARGATAS/4567";BRDJ;MR01;O.PURCHASE;5;R$ 21,52;R$ 107,60;Piracicaba
50083013;20003103;"BOTA SEG;PVC;S/BIQ;ALPARGATAS/SPB05542";BR09;MR01;O.PURCHASE;26;R$ 37,13;R$ 965,50;Agudos
50083013;20003103;"BOTA SEG;PVC;S/BIQ;ALPARGATAS/SPB05542";BRDJ;MR01;O.PURCHASE;1;R$ 21,52;R$ 21,52;Piracicaba
50083013;20003103;"BOTA SEG;PVC;S/BIQ;ALPARGATAS/SPB05542";BRZK;MR01;O.PURCHASE;2;R$ 50,00;R$ 100,00;Mooca
50083013;20003103;"BOTA SEG;PVC;S/BIQ;ALPARGATAS/SPB05542";BRZL;MR01;O.IMPORTED;0;R$ 0,00;R$ 0,00;Capital
50083014;20003104;"BOTA SEG;PVC;S/BIQ;ALPARGATAS/SPB05543";BR09;MR01;O.PURCHASE;6;R$ 39,52;R$ 237,11;Agudos
50083014;20003104;"BOTA SEG;PVC;S/BIQ;ALPARGATAS/SPB05543";BRDJ;MR01;O.PURCHASE;0;R$ 0,00;R$ 0,00;Piracicaba
50083014;20003104;"BOTA SEG;PVC;S/BIQ;ALPARGATAS/SPB05543";BRZL;MR01;O.PURCHASE;4;R$ 45,57;R$ 182,26;Capital
50083017;0;"CALCA SEG;NYLON;COR AZ;TAM M";BR09;MR01;O.PURCHASE;1;R$ 45,73;R$ 45,73;Agudos
50083018;0;"CALCA SEG;PA;COR AZ;TAM G;C/CAD;C/FORRO";BR09;MR01;O.PURCHASE;2;R$ 44,60;R$ 89,19;Agudos
50083031;20003136;"BOTA SEG;C/BIQ AC;ALPARGATAS/SPB05544";BR09;MR01;O.PURCHASE;16;R$ 39,52;R$ 632,31;Agudos
50083031;20003136;"BOTA SEG;C/BIQ AC;ALPARGATAS/SPB05544";BRDJ;MR01;O.PURCHASE;1;R$ 25,71;R$ 25,71;Piracicaba
50083031;20003136;"BOTA SEG;C/BIQ AC;ALPARGATAS/SPB05544";BRZL;MR01;O.PURCHASE;9;R$ 45,68;R$ 411,10;Capital
50083091;20003361;"CAPACETE P/MOTOCICLISTA;FECH;AZ;20301656";BR09;MR01;O.PURCHASE;0;R$ 0,00;R$ 0,00;Agudos
50083091;20003361;"CAPACETE P/MOTOCICLISTA;FECH;AZ;20301656";BRZK;MR01;O.PURCHASE;0;R$ 0,00;R$ 0,00;Mooca
50083091;20003361;"CAPACETE P/MOTOCICLISTA;FECH;AZ;20301656";BRZL;MR01;O.PURCHASE;1;R$ 249,18;R$ 249,18;Capital
50083092;20003362;"CAPACETE P/MOTOCICLISTA;FECH;AZ;20301658";BR09;MR01;O.PURCHASE;11;R$ 151,47;R$ 1.666,12;Agudos
50083092;20003362;"CAPACETE P/MOTOCICLISTA;FECH;AZ;20301658";BRDJ;MR01;O.PURCHASE;11;R$ 189,30;R$ 2.082,30;Piracicaba
50083092;20003362;"CAPACETE P/MOTOCICLISTA;FECH;AZ;20301658";BRZK;MR01;O.PURCHASE;0;R$ 0,00;R$ 0,00;Mooca
50083092;20003362;"CAPACETE P/MOTOCICLISTA;FECH;AZ;20301658";BRZL;MR01;O.PURCHASE;8;R$ 279,07;R$ 2.232,56;Capital
50083093;20003363;"CAPACETE P/MOTOCICLISTA;FECH;AZ;20301660";BR09;MR01;O.PURCHASE;13;R$ 158,43;R$ 2.059,63;Agudos
50083093;20003363;"CAPACETE P/MOTOCICLISTA;FECH;AZ;20301660";BRDJ;MR01;O.PURCHASE;7;R$ 189,30;R$ 1.325,09;Piracicaba
50083093;20003363;"CAPACETE P/MOTOCICLISTA;FECH;AZ;20301660";BRZK;MR01;O.PURCHASE;0;R$ 0,00;R$ 0,00;Mooca
50083094;0;"CAPACETE P/MOTOCICLISTA;FECH;AZ;20301661";BRZK;MR01;O.PURCHASE;12;R$ 193,94;R$ 2.327,22;Mooca
50083094;0;"CAPACETE P/MOTOCICLISTA;FECH;AZ;20301661";BRZL;MR01;O.PURCHASE;19;R$ 134,89;R$ 2.562,86;Capital
50083476;0;"FILME PLAS;MAT POLI";BR09;MR01;O.PURCHASE;0;R$ 0,00;R$ 0,00;Agudos
50083476;0;"FILME PLAS;MAT POLI";BRDI;MR01;O.PURCHASE;0;R$ 0,00;R$ 0,00;Osasco
50083476;0;"FILME PLAS;MAT POLI";BRDJ;MR01;O.PURCHASE;2443,8;R$ 18,53;R$ 45.285,48;Piracicaba
50083482;20004531;LUVA MOTO - TAM. P;BR09;MR01;O.PURCHASE;14;R$ 91,70;R$ 1.283,73;Agudos
50083482;20004531;LUVA MOTO - TAM. P;BRDJ;MR01;O.PURCHASE;1;R$ 106,41;R$ 106,41;Piracicaba
50083482;20004531;LUVA MOTO - TAM. P;BRZK;MR01;O.IMPORTED;0;R$ 0,00;R$ 0,00;Mooca
50083482;20004531;LUVA MOTO - TAM. P;BRZK;MR01;O.PURCHASE;3;R$ 106,41;R$ 319,24;Mooca
50083482;20004531;LUVA MOTO - TAM. P;BRZL;MR01;O.IMPORTED;1;R$ 106,86;R$ 106,86;Capital
50083482;20004531;LUVA MOTO - TAM. P;BRZL;MR01;O.PURCHASE;9;R$ 105,39;R$ 948,51;Capital
50083483;20004532;LUVA MOTO - TAM. M;BR09;MR01;O.PURCHASE;5;R$ 119,68;R$ 598,40;Agudos
50083483;20004532;LUVA MOTO - TAM. M;BRDJ;MR01;O.PURCHASE;9;R$ 106,41;R$ 957,68;Piracicaba
50083483;20004532;LUVA MOTO - TAM. M;BRZL;MR01;O.IMPORTED;2;R$ 100,60;R$ 201,20;Capital
50083483;20004532;LUVA MOTO - TAM. M;BRZL;MR01;O.PURCHASE;6;R$ 106,41;R$ 638,45;Capital
50083484;20004533;LUVA MOTO - TAM. G;BR09;MR01;O.PURCHASE;5;R$ 114,04;R$ 570,20;Agudos
50083484;20004533;LUVA MOTO - TAM. G;BRDJ;MR01;O.PURCHASE;9;R$ 106,41;R$ 957,70;Piracicaba
50083484;20004533;LUVA MOTO - TAM. G;BRZK;MR01;O.PURCHASE;14;R$ 106,41;R$ 1.489,72;Mooca
50083484;20004533;LUVA MOTO - TAM. G;BRZL;MR01;O.IMPORTED;2;R$ 120,71;R$ 241,41;Capital
50083484;20004533;LUVA MOTO - TAM. G;BRZL;MR01;O.PURCHASE;2;R$ 101,11;R$ 202,22;Capital
50083485;20004534;LUVA MOTO - TAM. GG;BR09;MR01;O.PURCHASE;5;R$ 124,14;R$ 620,72;Agudos
50083485;20004534;LUVA MOTO - TAM. GG;BRDJ;MR01;O.PURCHASE;14;R$ 106,41;R$ 1.489,73;Piracicaba
50083485;20004534;LUVA MOTO - TAM. GG;BRZK;MR01;O.PURCHASE;4;R$ 106,15;R$ 424,58;Mooca
50083485;20004534;LUVA MOTO - TAM. GG;BRZL;MR01;O.IMPORTED;2;R$ 111,54;R$ 223,08;Capital
50083485;20004534;LUVA MOTO - TAM. GG;BRZL;MR01;O.PURCHASE;9;R$ 104,52;R$ 940,72;Capital
50083642;0;"ETIQUETA P/IDENTIF;PLAS;AZ;10,50X4,50CM";BR09;MR01;O.PURCHASE;427;R$ 0,92;R$ 392,31;Agudos
50083643;0;"ETIQUETA;DE MANUTENCAO AUTONOMA COR AMAR";BR09;MR01;O.PURCHASE;473;R$ 0,49;R$ 231,93;Agudos
50083644;0;"ETIQUETA P/IDENTIF;VD";BR09;MR01;O.PURCHASE;850;R$ 0,59;R$ 499,29;Agudos
50083645;0;"ETIQUETA AU-ADES;VM";BR09;MR01;O.PURCHASE;1400;R$ 0,32;R$ 448,89;Agudos
50083665;0;"LUVA SEG;PVC;COR VD;PUNH ALG";BR09;MR01;O.PURCHASE;5;R$ 13,31;R$ 66,57;Agudos
50083667;0;"LENTE PROT P/MASC SOLD;ACRIL;118X3MM";BR09;MR01;O.PURCHASE;10;R$ 26,93;R$ 269,32;Agudos
50083690;0;"LUVA SEG;VAQUETA;C/REFORCO POLEGAR";BR09;MR01;O.IMPORTED;0;R$ 0,00;R$ 0,00;Agudos
50083690;0;"LUVA SEG;VAQUETA;C/REFORCO POLEGAR";BR09;MR01;O.PURCHASE;98;R$ 7,72;R$ 756,84;Agudos
50083692;0;"GUARDA-PO;MANG LONG;ALG;BR;TAM M;C";BR09;MR01;O.PURCHASE;6;R$ 94,68;R$ 568,05;Agudos
50083694;0;"GUARDA-PO;MANG LONG;ALG;BR;TAM P;C";BR09;MR01;O.PURCHASE;9;R$ 104,99;R$ 944,93;Agudos
50083730;0;"GUARDA-PO;MANG LONG;ALG;MOAIS/GUARDAPOG";BR09;MR01;O.PURCHASE;0;R$ 0,00;R$ 0,00;Agudos
50083737;0;"PAPEL TOALH FL;INTERFOLH;PROLIM;4502";BRZL;MR01;O.PURCHASE;30;R$ 49,23;R$ 1.476,90;Capital
50083743;0;"LUVA SEG;NITRILICA NITRAFASE;PUNHO 7CM;P";BR09;MR01;O.IMPORTED;0;R$ 0,00;R$ 0,00;Agudos
50083743;0;"LUVA SEG;NITRILICA NITRAFASE;PUNHO 7CM;P";BR09;MR01;O.PURCHASE;72;R$ 61,95;R$ 4.460,04;Agudos
50083747;0;"BOTINA SEG ELETR;MARLUVAS/50B19CPAP41";BR09;MR01;O.PURCHASE;11;R$ 115,34;R$ 1.268,79;Agudos
50083748;20001121;"BOTINA SEG ELETR;MARLUVAS/50B19CPAP39";BR09;MR01;O.PURCHASE;4;R$ 83,38;R$ 333,53;Agudos
50083748;20001121;"BOTINA SEG ELETR;MARLUVAS/50B19CPAP39";BRDI;MR01;O.PURCHASE;0;R$ 0,00;R$ 0,00;Osasco
50083750;20001125;"BOTINA SEG ELETR;50B19CPAPELETRICISTA40";BR09;MR01;O.PURCHASE;13;R$ 89,36;R$ 1.161,67;Agudos
50083751;20001127;"BOTINA SEG ELETR;MARLUVAS/50B19CPAP44";BR09;MR01;O.PURCHASE;4;R$ 84,91;R$ 339,64;Agudos
50083751;20001127;"BOTINA SEG ELETR;MARLUVAS/50B19CPAP44";BRDI;MR01;O.PURCHASE;0;R$ 0,00;R$ 0,00;Osasco
50083752;20001128;"BOTINA SEG ELETR;MARLUVAS/50B19CPAP45";BRDI;MR01;O.PURCHASE;2;R$ 106,14;R$ 212,27;Osasco
50083754;20001132;"BOTINA;BIQ.COMPOSITE PALM ANTIPERF-TAM42";BR09;MR01;O.PURCHASE;17;R$ 85,93;R$ 1.460,81;Agudos
50083754;20001132;"BOTINA;BIQ.COMPOSITE PALM ANTIPERF-TAM42";BRVH;MR01;O.PURCHASE;34;R$ 98,44;R$ 3.347,08;TP Connext Piracicaba
50083768;0;"LUVA SEG;TAM 8 1/2POL;ANSELL/SPG08914";BR09;MR01;O.IMPORTED;0;R$ 0,00;R$ 0,00;Agudos
50083769;0;"LUVA SEG;ALG;TAM UNIC;TSUZUKI/SPG05600";BR09;MR01;O.IMPORTED;10;R$ 1,96;R$ 19,60;Agudos
50083781;0;"OCULOS SEG;LENT POLICARB;AEARO/SX1000";BRVH;MR01;O.IMPORTED;80;R$ 26,80;R$ 2.144,02;TP Connext Piracicaba
50083784;0;BOTA PVC PARA CHUVA - TAM. Nº 36;BRDJ;MR01;O.PURCHASE;1;R$ 43,08;R$ 43,08;Piracicaba
50083816;20002510;"BOTINA SEG;PT;FUJIWARA/90HVAMB600NUM36";BRDJ;MR01;O.PURCHASE;0;R$ 0,00;R$ 0,00;Piracicaba
50083816;20002510;"BOTINA SEG;PT;FUJIWARA/90HVAMB600NUM36";BRZK;MR01;O.PURCHASE;0;R$ 0,00;R$ 0,00;Mooca
50083817;20002511;"BOTINA SEG;PT;FUJIWARA/90HVAMB600NUM37";BR09;MR01;O.PURCHASE;4;R$ 118,19;R$ 472,74;Agudos
50083817;20002511;"BOTINA SEG;PT;FUJIWARA/90HVAMB600NUM37";BRDJ;MR01;O.PURCHASE;2;R$ 154,89;R$ 309,78;Piracicaba
50083817;20002511;"BOTINA SEG;PT;FUJIWARA/90HVAMB600NUM37";BRZK;MR01;O.PURCHASE;0;R$ 0,00;R$ 0,00;Mooca
50083817;20002511;"BOTINA SEG;PT;FUJIWARA/90HVAMB600NUM37";BRZL;MR01;O.PURCHASE;1;R$ 128,29;R$ 128,29;Capital
50083818;20002512;"BOTINA SEG;PT;FUJIWARA/90HVAMB600NUM38";BR09;MR01;O.PURCHASE;5;R$ 113,36;R$ 566,82;Agudos
50083818;20002512;"BOTINA SEG;PT;FUJIWARA/90HVAMB600NUM38";BRDJ;MR01;O.PURCHASE;6;R$ 154,20;R$ 925,22;Piracicaba
50083818;20002512;"BOTINA SEG;PT;FUJIWARA/90HVAMB600NUM38";BRZK;MR01;O.PURCHASE;10;R$ 151,96;R$ 1.519,57;Mooca
50083818;20002512;"BOTINA SEG;PT;FUJIWARA/90HVAMB600NUM38";BRZL;MR01;O.PURCHASE;2;R$ 153,74;R$ 307,48;Capital
50083819;20002513;"BOTINA SEG;PT;FUJIWARA/90HVAMB600NUM39";BR09;MR01;O.PURCHASE;1;R$ 125,37;R$ 125,37;Agudos
50083819;20002513;"BOTINA SEG;PT;FUJIWARA/90HVAMB600NUM39";BRDJ;MR01;O.PURCHASE;3;R$ 151,74;R$ 455,21;Piracicaba
50083819;20002513;"BOTINA SEG;PT;FUJIWARA/90HVAMB600NUM39";BRZL;MR01;O.PURCHASE;7;R$ 151,42;R$ 1.059,91;Capital
50083820;20002514;"BOTINA SEG;PT;FUJIWARA/90HVAMB600NUM40";BR09;MR01;O.PURCHASE;3;R$ 188,82;R$ 566,46;Agudos
50083820;20002514;"BOTINA SEG;PT;FUJIWARA/90HVAMB600NUM40";BRDJ;MR01;O.PURCHASE;2;R$ 154,89;R$ 309,78;Piracicaba
50083820;20002514;"BOTINA SEG;PT;FUJIWARA/90HVAMB600NUM40";BRZL;MR01;O.PURCHASE;5;R$ 157,80;R$ 788,99;Capital
50083821;20002515;"BOTINA SEG;PT;FUJIWARA/90HVAMB600NUM41";BR09;MR01;O.PURCHASE;11;R$ 135,49;R$ 1.490,35;Agudos
50083821;20002515;"BOTINA SEG;PT;FUJIWARA/90HVAMB600NUM41";BRDJ;MR01;O.PURCHASE;8;R$ 154,89;R$ 1.239,12;Piracicaba
50083821;20002515;"BOTINA SEG;PT;FUJIWARA/90HVAMB600NUM41";BRZL;MR01;O.PURCHASE;3;R$ 157,40;R$ 472,19;Capital
50083822;20002516;"BOTINA SEG;PT;FUJIWARA/90HVAMB600NUM42";BR09;MR01;O.PURCHASE;22;R$ 131,98;R$ 2.903,56;Agudos
50083822;20002516;"BOTINA SEG;PT;FUJIWARA/90HVAMB600NUM42";BRZL;MR01;O.PURCHASE;9;R$ 151,39;R$ 1.362,49;Capital
50083823;20002517;"BOTINA SEG;PT;FUJIWARA/90HVAMB600NUM43";BR09;MR01;O.PURCHASE;3;R$ 131,29;R$ 393,88;Agudos
50083823;20002517;"BOTINA SEG;PT;FUJIWARA/90HVAMB600NUM43";BRZK;MR01;O.PURCHASE;5;R$ 153,12;R$ 765,59;Mooca
50083823;20002517;"BOTINA SEG;PT;FUJIWARA/90HVAMB600NUM43";BRZL;MR01;O.PURCHASE;1;R$ 140,26;R$ 140,26;Capital
50083824;20002518;"BOTINA SEG;PT;FUJIWARA/90HVAMB600NUM44";BR09;MR01;O.PURCHASE;6;R$ 117,44;R$ 704,65;Agudos
50083824;20002518;"BOTINA SEG;PT;FUJIWARA/90HVAMB600NUM44";BRDJ;MR01;O.PURCHASE;0;R$ 0,00;R$ 0,00;Piracicaba
50083824;20002518;"BOTINA SEG;PT;FUJIWARA/90HVAMB600NUM44";BRZK;MR01;O.PURCHASE;2;R$ 120,18;R$ 240,35;Mooca
50083824;20002518;"BOTINA SEG;PT;FUJIWARA/90HVAMB600NUM44";BRZL;MR01;O.PURCHASE;5;R$ 156,23;R$ 781,16;Capital
50083825;20002519;"BOTINA SEG;PT;FUJIWARA/90HVAMB600NUM45";BR09;MR01;O.PURCHASE;1;R$ 121,16;R$ 121,16;Agudos
50083825;20002519;"BOTINA SEG;PT;FUJIWARA/90HVAMB600NUM45";BRDJ;MR01;O.PURCHASE;1;R$ 120,60;R$ 120,60;Piracicaba
50083825;20002519;"BOTINA SEG;PT;FUJIWARA/90HVAMB600NUM45";BRZK;MR01;O.PURCHASE;4;R$ 120,17;R$ 480,69;Mooca
50083825;20002519;"BOTINA SEG;PT;FUJIWARA/90HVAMB600NUM45";BRZL;MR01;O.PURCHASE;3;R$ 156,23;R$ 468,70;Capital
50083831;0;"BALACLAVA;NOMEX;CRUA;SP EQUIP/SPJ66000";BR09;MR01;O.PURCHASE;12;R$ 71,65;R$ 859,85;Agudos
50083841;0;"TENIS SEG;NUM 46;FUJIWARA/90HTT600NUM46";BR09;MR01;O.PURCHASE;5;R$ 94,02;R$ 470,11;Agudos
50083844;20002562;CAMISA REPOSITOR AZUL M/C - TAM. PP;BR09;MR01;O.PURCHASE;2;R$ 44,67;R$ 89,33;Agudos
50083844;20002562;CAMISA REPOSITOR AZUL M/C - TAM. PP;BRDJ;MR01;O.PURCHASE;5;R$ 82,12;R$ 410,58;Piracicaba
50083844;20002562;CAMISA REPOSITOR AZUL M/C - TAM. PP;BRZL;MR01;O.PURCHASE;1;R$ 58,98;R$ 58,98;Capital
50083845;20002563;CAMISA REPOSITOR AZUL M/C - TAM. P;BR09;MR01;O.PURCHASE;10;R$ 44,67;R$ 446,66;Agudos
50083845;20002563;CAMISA REPOSITOR AZUL M/C - TAM. P;BRDJ;MR01;O.PURCHASE;2;R$ 37,57;R$ 75,14;Piracicaba
50083845;20002563;CAMISA REPOSITOR AZUL M/C - TAM. P;BRZL;MR01;O.PURCHASE;11;R$ 57,12;R$ 628,36;Capital
50083846;20002564;CAMISA REPOSITOR AZUL M/C - TAM. M;BR09;MR01;O.PURCHASE;8;R$ 84,29;R$ 674,28;Agudos
50083846;20002564;CAMISA REPOSITOR AZUL M/C - TAM. M;BRDJ;MR01;O.PURCHASE;4;R$ 37,57;R$ 150,27;Piracicaba
50083846;20002564;CAMISA REPOSITOR AZUL M/C - TAM. M;BRZL;MR01;O.PURCHASE;27;R$ 47,43;R$ 1.280,71;Capital
50083847;20002565;CAMISA REPOSITOR AZUL M/C - TAM. GG;BR09;MR01;O.PURCHASE;14;R$ 54,43;R$ 762,01;Agudos
50083847;20002565;CAMISA REPOSITOR AZUL M/C - TAM. GG;BRDJ;MR01;O.PURCHASE;1;R$ 37,56;R$ 37,56;Piracicaba
50083847;20002565;CAMISA REPOSITOR AZUL M/C - TAM. GG;BRZL;MR01;O.PURCHASE;6;R$ 54,50;R$ 326,99;Capital
50083848;20002566;CAMISA REPOSITOR AZUL M/C - TAM. G;BR09;MR01;O.PURCHASE;5;R$ 44,67;R$ 223,33;Agudos
50083848;20002566;CAMISA REPOSITOR AZUL M/C - TAM. G;BRDJ;MR01;O.PURCHASE;1;R$ 37,57;R$ 37,57;Piracicaba
50083848;20002566;CAMISA REPOSITOR AZUL M/C - TAM. G;BRZL;MR01;O.PURCHASE;6;R$ 46,86;R$ 281,16;Capital
50083849;20002567;CAMISA REPOSITOR AZUL M/C - TAM. EG;BR09;MR01;O.PURCHASE;5;R$ 53,22;R$ 266,12;Agudos
50083849;20002567;CAMISA REPOSITOR AZUL M/C - TAM. EG;BRDI;MR01;O.PURCHASE;0;R$ 0,00;R$ 0,00;Osasco
50083849;20002567;CAMISA REPOSITOR AZUL M/C - TAM. EG;BRZL;MR01;O.PURCHASE;4;R$ 57,83;R$ 231,33;Capital
50083870;20002621;"CALCA JEANS;FEM;AZ;TAM PP;14OZ";BR09;MR01;O.PURCHASE;7;R$ 31,26;R$ 218,80;Agudos
50083871;20002622;"CALCA JEANS;FEM;AZ;TAM P;14OZ";BR09;MR01;O.PURCHASE;5;R$ 38,59;R$ 192,97;Agudos
50083873;20002624;"CALCA JEANS;FEM;AZ;TAM G;14OZ";BR09;MR01;O.PURCHASE;5;R$ 39,60;R$ 198,01;Agudos
50083874;20002625;"CALCA JEANS;FEM;AZ;TAM GG;14OZ";BR09;MR01;O.PURCHASE;4;R$ 35,55;R$ 142,20;Agudos
50083877;20002628;"CAMISA;FEM;SEMPRIGUAL;AZ CLARO;TAM P;MC";BR09;MR01;O.PURCHASE;0;R$ 0,00;R$ 0,00;Agudos
50083878;20002629;"CAMISA;FEM;SEMPRIGUAL;AZ CLARO;TAM M;MC";BR09;MR01;O.PURCHASE;0;R$ 0,00;R$ 0,00;Agudos
50083879;20002630;"CAMISA;FEM;SEMPRIGUAL;AZ CLARO;TAM G;MC";BR09;MR01;O.PURCHASE;3;R$ 56,40;R$ 169,19;Agudos
50083883;20002634;"CAMISA;FEM;SEMPRIGUAL;CZ;TAM PP;MC";BR09;MR01;O.PURCHASE;1;R$ 86,36;R$ 86,36;Agudos
50083885;20002636;"CAMISA;FEM;SEMPRIGUAL;CZ;TAM P;MANG CURT";BR09;MR01;O.PURCHASE;1;R$ 111,92;R$ 111,92;Agudos
50083886;20002637;"CAMISA;FEM;SEMPRIGUAL;CZ;TAM G;MANG CURT";BR09;MR01;O.PURCHASE;0;R$ 0,00;R$ 0,00;Agudos
50083887;20002638;"CAMISA;FEMININA SUPERV; EG";BR09;MR01;O.PURCHASE;0;R$ 0,00;R$ 0,00;Agudos
50083888;20002639;"CAMISA;FEM;SEMPRIGUAL;CZ;TAM GG;MC";BR09;MR01;O.PURCHASE;7;R$ 67,98;R$ 475,88;Agudos
50083895;0;"BOTINA SEG;NUM 35;FUJIWARA/90HBS20035";BRZL;MR01;O.PURCHASE;5;R$ 84,80;R$ 423,99;Capital
50083896;0;"BOTINA SEG;NUM 36;FUJIWARA/90HBS20036";BRZL;MR01;O.PURCHASE;5;R$ 94,99;R$ 474,97;Capital
50083897;0;"BOTINA SEG;PT;37;PU;FUJIWARA/90HBS20037";BRZL;MR01;O.PURCHASE;5;R$ 87,76;R$ 438,79;Capital
50083898;0;"BOTINA SEG;NUM 38;FUJIWARA/90HBS20038";BRZL;MR01;O.PURCHASE;7;R$ 91,73;R$ 642,12;Capital
50083899;20002670;"BOTINA SEG;NUM 39;FUJIWARA/90HBS20039";BR09;MR01;O.PURCHASE;2;R$ 78,35;R$ 156,70;Agudos
50083899;20002670;"BOTINA SEG;NUM 39;FUJIWARA/90HBS20039";BRZL;MR01;O.PURCHASE;0;R$ 0,00;R$ 0,00;Capital
50083900;20002671;"BOTINA SEG;NUM 40;FUJIWARA/90HBS20040";BR09;MR01;O.PURCHASE;8;R$ 88,32;R$ 706,53;Agudos
50083900;20002671;"BOTINA SEG;NUM 40;FUJIWARA/90HBS20040";BRZL;MR01;O.PURCHASE;2;R$ 104,09;R$ 208,17;Capital
50083901;20002672;"BOTINA SEG;PT;41;PU;FUJIWARA/90HBS20041";BR09;MR01;O.PURCHASE;5;R$ 90,19;R$ 450,96;Agudos
50083902;20002673;"BOTINA SEG;NUM 42;FUJIWARA/90HBS20042";BR09;MR01;O.PURCHASE;15;R$ 83,18;R$ 1.247,67;Agudos
50083902;20002673;"BOTINA SEG;NUM 42;FUJIWARA/90HBS20042";BRZL;MR01;O.PURCHASE;15;R$ 105,98;R$ 1.589,77;Capital
50083903;20002674;"BOTINA SEG;NUM 43;FUJIWARA/90HBS20043";BR09;MR01;O.PURCHASE;7;R$ 109,05;R$ 763,37;Agudos
50083903;20002674;"BOTINA SEG;NUM 43;FUJIWARA/90HBS20043";BRZL;MR01;O.PURCHASE;9;R$ 110,03;R$ 990,24;Capital
50083904;20002675;"BOTINA SEG;NUM 44;FUJIWARA/90HBS20044";BR09;MR01;O.PURCHASE;3;R$ 85,13;R$ 255,40;Agudos
50083904;20002675;"BOTINA SEG;NUM 44;FUJIWARA/90HBS20044";BRZL;MR01;O.PURCHASE;6;R$ 105,80;R$ 634,80;Capital
50083905;20002676;"BOTINA SEG;NUM 45;FUJIWARA/90HBS20045";BRZL;MR01;O.PURCHASE;0;R$ 0,00;R$ 0,00;Capital
50083906;20002677;"BOTINA SEG;NUM 46;FUJIWARA/90HBS20046";BRZL;MR01;O.PURCHASE;6;R$ 83,13;R$ 498,75;Capital
50083907;20002678;"BOTA SEG;MR;S/BIQ;FUJIWARA/90HVAMB60046";BRZL;MR01;O.PURCHASE;4;R$ 166,28;R$ 665,10;Capital
50083915;0;"CLORO LIQ;BBN 1000L";BRDI;MR01;O.PURCHASE;2;R$ 9,91;R$ 19,82;Osasco
50083926;0;"FIBRA LIMP;VD;P/USO GER";BR09;MR01;O.PURCHASE;297;R$ 4,53;R$ 1.346,85;Agudos
50083934;0;"VASSOURA;CERD NYLON NOVICA;C/CABO";BR09;MR01;O.PURCHASE;1688;R$ 8,58;R$ 14.478,66;Agudos
50083959;0;"DESINFETANTE;CX 5L;PROLIM/LEX975";BRDI;MR01;O.PURCHASE;2;R$ 9,91;R$ 19,82;Osasco
50083972;0;"LUVA SEG;COR PT;PAR;TAM M;ANSELL/11600M8";BR09;MR01;O.IMPORTED;54;R$ 10,54;R$ 569,30;Agudos
50083973;0;"LUVA SEG;PAR;TAM TAM G;LI;ANSELL/11600L9";BR09;MR01;O.IMPORTED;162;R$ 6,63;R$ 1.074,09;Agudos
50083974;0;"LUVA SEG;COR PT;TAM EG;ANSELL/11600XL10";BR09;MR01;O.IMPORTED;0;R$ 0,00;R$ 0,00;Agudos
50083974;0;"LUVA SEG;COR PT;TAM EG;ANSELL/11600XL10";BR09;MR01;O.PURCHASE;212;R$ 7,03;R$ 1.489,58;Agudos
50083978;0;"PAPEL FILTR;QUALITATIVO;33CM";BR09;MR01;O.PURCHASE;113;R$ 56,71;R$ 6.408,75;Agudos
50083980;20002800;"BOTINA SEG;PT;50B19CPAPHIDROFUGADONUM35";BR09;MR01;O.PURCHASE;0;R$ 0,00;R$ 0,00;Agudos
50083980;20002800;"BOTINA SEG;PT;50B19CPAPHIDROFUGADONUM35";BRDI;MR01;O.PURCHASE;2;R$ 106,14;R$ 212,27;Osasco
50083981;20002801;"BOTINA SEG;PT;50B19CPAPHIDROFUGADONUM36";BRDI;MR01;O.PURCHASE;1;R$ 106,14;R$ 106,14;Osasco
50083982;20002802;"BOTA SEG;COUR;PT;NUM-37-;;S/50B19CPAP";BR09;MR01;O.PURCHASE;0;R$ 0,00;R$ 0,00;Agudos
50083983;20002803;"BOTINA SEG;PT;50B19CPAPHIDROFUGADONUM38";BR09;MR01;O.PURCHASE;7;R$ 121,24;R$ 848,65;Agudos
50083984;20002806;"BOTINA SEG;NUM 46;BIQ COMPOSITE";BRZK;MR01;O.PURCHASE;0;R$ 0,00;R$ 0,00;Mooca
50083986;20002809;"BOTINA SEG;PT;50B19CPAPHIDROFUGADONUM47";BR09;MR01;O.PURCHASE;23;R$ 83,61;R$ 1.923,13;Agudos
50083995;20002819;ÓCULOS AMPLA VISÃO USO VISITANTES-TAM.UN;BR09;MR01;O.IMPORTED;106;R$ 7,60;R$ 805,31;Agudos
50083995;20002819;ÓCULOS AMPLA VISÃO USO VISITANTES-TAM.UN;BR09;MR01;O.PURCHASE;9;R$ 6,78;R$ 61,06;Agudos
50083995;20002819;ÓCULOS AMPLA VISÃO USO VISITANTES-TAM.UN;BRDJ;MR01;O.PURCHASE;9;R$ 8,05;R$ 72,45;Piracicaba
50083995;20002819;ÓCULOS AMPLA VISÃO USO VISITANTES-TAM.UN;BRZK;MR01;O.PURCHASE;7;R$ 8,05;R$ 56,35;Mooca
50083995;20002819;ÓCULOS AMPLA VISÃO USO VISITANTES-TAM.UN;BRZL;MR01;O.IMPORTED;86;R$ 9,11;R$ 783,56;Capital
50083996;20002824;"BOTINA SEG;PT;50B19CPAPHIDROFUGADONUM33";BR09;MR01;O.IMPORTED;0;R$ 0,00;R$ 0,00;Agudos
50083997;20002825;"BOTINA SEG;PT;50B19CPAPHIDROFUGADONUM34";BR09;MR01;O.IMPORTED;0;R$ 0,00;R$ 0,00;Agudos
50083999;20002834;JAQUETA MOTOCICLIST AZUL(C/FORRO)-TAM P;BR09;MR01;O.PURCHASE;2;R$ 303,42;R$ 606,83;Agudos
50084003;20002843;"BOTINA;BIQ.COMPOSITE PALM ANTIPERF-TAM48";BR09;MR01;O.IMPORTED;1;R$ 94,79;R$ 94,79;Agudos
50084003;20002843;"BOTINA;BIQ.COMPOSITE PALM ANTIPERF-TAM48";BR09;MR01;O.PURCHASE;0;R$ 0,00;R$ 0,00;Agudos
50084005;0;"DETERGENTE;ALC CLORADO;P/LIMP P/ ESP";BRDI;MR01;O.PURCHASE;2;R$ 17,97;R$ 35,93;Osasco
50084022;20002869;"CAMISA;CINZA;TAM P;MANG CURT;";BR09;MR01;O.PURCHASE;1;R$ 137,63;R$ 137,63;Agudos
50084023;20002870;"CAMISA;CINZA;TAM M;MANG CURT;";BR09;MR01;O.PURCHASE;1;R$ 135,12;R$ 135,12;Agudos
50084024;20002871;"CAMISA;UNIS;100PCT PES;CZ;TAM G;C/LOGO";BR09;MR01;O.PURCHASE;0;R$ 0,00;R$ 0,00;Agudos
50084024;20002871;"CAMISA;UNIS;100PCT PES;CZ;TAM G;C/LOGO";BRDI;MR01;O.PURCHASE;8;R$ 79,76;R$ 638,06;Osasco
50084025;20002872;"CAMISA;CINZA;TAM GG;MANG CURT;";BR09;MR01;O.PURCHASE;0;R$ 0,00;R$ 0,00;Agudos
50084026;20002873;"CAMISA;CINZA;TAM EXG;MANG CURT;";BRDI;MR01;O.PURCHASE;2;R$ 190,87;R$ 381,73;Osasco
50084028;20002875;"CAMISA;MASC;SUP.ARM.;AZUL;TAM P;M/C;";BR09;MR01;O.PURCHASE;6;R$ 88,02;R$ 528,10;Agudos
50084029;20002876;"CAMISA;MASC;SUP.ARM.;AZUL;TAM M;M/C;";BRDI;MR01;O.PURCHASE;0;R$ 0,00;R$ 0,00;Osasco
50084030;20002877;"CAMISA;MASC;SUP.ARM.;AZUL;TAM G;M/C;";BR09;MR01;O.PURCHASE;0;R$ 0,00;R$ 0,00;Agudos
50084031;20002878;"CAMISA;MASC;SUP.ARM.;AZUL;TAM GG;M/C;";BR09;MR01;O.PURCHASE;0;R$ 0,00;R$ 0,00;Agudos
50084034;20002881;"CAMISA;BRIGADA;VM;TAM P;MC;";BR09;MR01;O.PURCHASE;0;R$ 0,00;R$ 0,00;Agudos
50084034;20002881;"CAMISA;BRIGADA;VM;TAM P;MC;";BRDI;MR01;O.PURCHASE;6;R$ 61,94;R$ 371,66;Osasco
50084034;20002881;"CAMISA;BRIGADA;VM;TAM P;MC;";BRZK;MR01;O.PURCHASE;4;R$ 74,26;R$ 297,02;Mooca
50084035;20002882;"CAMISA;BRIGADA;VM;TAM M;MC;";BR09;MR01;O.PURCHASE;0;R$ 0,00;R$ 0,00;Agudos
50084035;20002882;"CAMISA;BRIGADA;VM;TAM M;MC;";BRDI;MR01;O.PURCHASE;5;R$ 61,44;R$ 307,22;Osasco
50084035;20002882;"CAMISA;BRIGADA;VM;TAM M;MC;";BRZK;MR01;O.PURCHASE;5;R$ 72,40;R$ 361,99;Mooca
50084036;20002883;"CAMISA;BRIGADA;VM;TAM; G;MC;";BR09;MR01;O.PURCHASE;0;R$ 0,00;R$ 0,00;Agudos
50084036;20002883;"CAMISA;BRIGADA;VM;TAM; G;MC;";BRZK;MR01;O.PURCHASE;8;R$ 69,10;R$ 552,77;Mooca
50084037;20002884;"CAMISA;BRIGADA;VM;TAM; GG;MC;";BR09;MR01;O.PURCHASE;0;R$ 0,00;R$ 0,00;Agudos
50084037;20002884;"CAMISA;BRIGADA;VM;TAM; GG;MC;";BRZK;MR01;O.PURCHASE;5;R$ 63,67;R$ 318,36;Mooca
50084090;20002974;"CALCA JEANS;MASC;AZ;NUM 36";BR09;MR01;O.PURCHASE;23;R$ 71,60;R$ 1.646,89;Agudos
50084091;20002975;"CALCA JEANS;MASC;AZ;NUM 38";BR09;MR01;O.PURCHASE;0;R$ 0,00;R$ 0,00;Agudos
50084091;20002975;"CALCA JEANS;MASC;AZ;NUM 38";BRZL;MR01;O.PURCHASE;8;R$ 75,74;R$ 605,95;Capital
50084092;20002976;"CALCA JEANS;MASC;AZ;NUM 40";BR09;MR01;O.PURCHASE;32;R$ 76,93;R$ 2.461,84;Agudos
50084092;20002976;"CALCA JEANS;MASC;AZ;NUM 40";BRZL;MR01;O.PURCHASE;6;R$ 71,34;R$ 428,01;Capital
50084093;20002977;"CALCA JEANS;MASC;AZ;NUM 42";BR09;MR01;O.PURCHASE;62;R$ 76,05;R$ 4.714,87;Agudos
50084093;20002977;"CALCA JEANS;MASC;AZ;NUM 42";BRZL;MR01;O.PURCHASE;6;R$ 70,43;R$ 422,55;Capital
50084094;20002978;"CALCA JEANS;MASC;AZ;NUM 44";BR09;MR01;O.PURCHASE;32;R$ 77,04;R$ 2.465,20;Agudos
50084094;20002978;"CALCA JEANS;MASC;AZ;NUM 44";BRZL;MR01;O.PURCHASE;4;R$ 70,43;R$ 281,70;Capital
50084095;20002979;"CALCA JEANS;MASC;AZ;NUM 46";BR09;MR01;O.PURCHASE;23;R$ 79,09;R$ 1.819,06;Agudos
50084096;20002980;"CALCA JEANS;MASC;AZ;NUM 48";BR09;MR01;O.PURCHASE;27;R$ 90,74;R$ 2.449,97;Agudos
50084096;20002980;"CALCA JEANS;MASC;AZ;NUM 48";BRZL;MR01;O.PURCHASE;0;R$ 0,00;R$ 0,00;Capital
50084097;20002981;"CALCA JEANS;MASC;AZ;NUM 50";BR09;MR01;O.PURCHASE;0;R$ 0,00;R$ 0,00;Agudos
50084099;20002983;"CALCA JEANS;MASC;AZ;NUM 54";BR09;MR01;O.PURCHASE;0;R$ 0,00;R$ 0,00;Agudos
50084100;20002984;"CALCA JEANS;MASC;AZ;NUM 56";BRZL;MR01;O.PURCHASE;0;R$ 0,00;R$ 0,00;Capital
50084111;0;"LUVA SEG;CR;TAM TAM 10;ANSELL/9024TAN10";BR09;MR01;O.IMPORTED;0;R$ 0,00;R$ 0,00;Agudos
50084130;20000027;"COLETE SINALIZ;FORMAT BLUS;PVC FORR;UNIC";BR09;MR01;O.PURCHASE;10;R$ 9,68;R$ 96,83;Agudos
50084160;0;"TALABARTE;Y;PES;47MM;HERCULES/HL03259YE";BR09;MR01;O.PURCHASE;11;R$ 209,16;R$ 2.300,74;Agudos
50084197;0;"LUVA SEG;CORT;CZ;G;ANSELL/1162709";BRDJ;MR01;O.IMPORTED;3;R$ 40,29;R$ 120,88;Piracicaba
50084198;0;"LUVA SEG;CORT;CZ;M;ANSELL/1162708";BRDJ;MR01;O.PURCHASE;9;R$ 53,63;R$ 482,67;Piracicaba
50084213;20000238;"BOTINA SEG;BR;MARLUVAS/50B19CPAPN43CBIQ";BR09;MR01;O.PURCHASE;18;R$ 91,37;R$ 1.644,58;Agudos
50084213;20000238;"BOTINA SEG;BR;MARLUVAS/50B19CPAPN43CBIQ";BRDI;MR01;O.PURCHASE;5;R$ 95,31;R$ 476,53;Osasco
50084213;20000238;"BOTINA SEG;BR;MARLUVAS/50B19CPAPN43CBIQ";BRVH;MR01;O.PURCHASE;24;R$ 104,70;R$ 2.512,78;TP Connext Piracicaba
50084229;0;"CADEADO;CORP PLAS;LARG 20MM;AZ;3,80CM";BR09;MR01;O.PURCHASE;39;R$ 47,72;R$ 1.861,05;Agudos
50084230;0;"DISPOSITIVO BLOQ;VM;CAB;BRADY/51442";BR09;MR01;O.PURCHASE;0;R$ 0,00;R$ 0,00;Agudos
50084231;0;"CARTAO;IDENTIFIC BLOQ;PES;S/LOG";BR09;MR01;O.PURCHASE;39;R$ 39,13;R$ 1.525,94;Agudos
50084232;0;"GARRA TRAV SEG P/EQUIP;S/ACES;SPIB65375";BR09;MR01;O.IMPORTED;0;R$ 0,00;R$ 0,00;Agudos
50084235;0;"DISPOSITIVO BLOQ;MULT USO;VM;SPIB50941";BR09;MR01;O.PURCHASE;0;R$ 0,00;R$ 0,00;Agudos
50084255;0;"CADEADO;NY/FIBR VIDR;20MM;AM;38MM;INOX";BR09;MR01;O.PURCHASE;10;R$ 45,84;R$ 458,38;Agudos
50084256;0;"CADEADO;CORP FIBR VIDR;LARG 40MM;21MM";BR09;MR01;O.PURCHASE;32;R$ 48,90;R$ 1.564,65;Agudos
50084280;20000390;FITA ZEBRADA ISO PP,AM/PT,3M/H0001918830;BR09;MR01;O.PURCHASE;47;R$ 7,92;R$ 372,03;Agudos
50084281;0;"DISCO DESBAST;8595RPM;NORTON/180BDA640";BR09;MR01;O.PURCHASE;0;R$ 0,00;R$ 0,00;Agudos
50084283;20000396;"OCULOS SEG;LENT POLICARB;AEARO/OX2000";BR09;MR01;O.IMPORTED;0;R$ 0,00;R$ 0,00;Agudos
50084283;20000396;"OCULOS SEG;LENT POLICARB;AEARO/OX2000";BR09;MR01;O.PURCHASE;298;R$ 15,79;R$ 4.704,95;Agudos
50084283;20000396;"OCULOS SEG;LENT POLICARB;AEARO/OX2000";BRZK;MR01;O.IMPORTED;0;R$ 0,00;R$ 0,00;Mooca
50084289;0;"LUVA SEG;PVC;COR VD;TAM G;REAL/6002PA";BR09;MR01;O.IMPORTED;0;R$ 0,00;R$ 0,00;Agudos
50084289;0;"LUVA SEG;PVC;COR VD;TAM G;REAL/6002PA";BR09;MR01;O.PURCHASE;32;R$ 9,86;R$ 315,52;Agudos
50084291;20000407;"BOTA SEG;PVC;BR;S/BIQ;SPN°44;;P/SPK06144";BR09;MR01;O.PURCHASE;12;R$ 52,27;R$ 627,19;Agudos
50084292;20000408;"BOTA SEG;PVC;BR;S/BIQ;SP EQUIP/SP;N°39";BR09;MR01;O.PURCHASE;14;R$ 50,23;R$ 703,22;Agudos
50084293;20000409;"BOTA SEG;PVC;BR;41;CURT;C/FORR;S/BIQ";BR09;MR01;O.PURCHASE;9;R$ 44,90;R$ 404,06;Agudos
50084295;20000411;"BOTA SEG;PVC;S/BIQ;SP EQUIP/4113496NUM42";BR09;MR01;O.PURCHASE;7;R$ 48,21;R$ 337,45;Agudos
50084296;20000412;"BOTA SEG;PVC;BR;S/BIQ;SP EQUIP/SPK;N°38";BR09;MR01;O.PURCHASE;8;R$ 50,07;R$ 400,52;Agudos
50084299;20000415;"BOTA SEG;PVC;S/BIQ;SP EQUIP/SPK06140BR";BR09;MR01;O.PURCHASE;13;R$ 53,54;R$ 695,98;Agudos
50084306;20000424;"CAPA PROT CHUV;G;AM;HERCULES EQUIP/9884";BRDI;MR01;O.PURCHASE;58;R$ 19,97;R$ 1.157,97;Osasco
50084332;20000453;"BOTA SEG;PVC;S/BIQ;ALPARGATAS/SPB05537";BR09;MR01;O.PURCHASE;1;R$ 35,37;R$ 35,37;Agudos
50084332;20000453;"BOTA SEG;PVC;S/BIQ;ALPARGATAS/SPB05537";BRDJ;MR01;O.PURCHASE;0;R$ 0,00;R$ 0,00;Piracicaba
50084341;0;"CALCA SEG;PA;COR AZ;TAM GG;C/FORRO";BR09;MR01;O.PURCHASE;1;R$ 43,17;R$ 43,17;Agudos
50084342;0;"MACACAO PROT;CONTR AC;HERCULES/SPDO36A4";BR09;MR01;O.IMPORTED;0;R$ 0,00;R$ 0,00;Agudos
50084342;0;"MACACAO PROT;CONTR AC;HERCULES/SPDO36A4";BR09;MR01;O.PURCHASE;8;R$ 54,68;R$ 437,40;Agudos
50084343;0;"MACACAO PROT;NUM 52;AM;HERCULES/HD036A3";BR09;MR01;O.IMPORTED;0;R$ 0,00;R$ 0,00;Agudos
50084343;0;"MACACAO PROT;NUM 52;AM;HERCULES/HD036A3";BR09;MR01;O.PURCHASE;2;R$ 55,86;R$ 111,72;Agudos
50084347;20000474;"CAPA PROT CHUV;TREVIRA;C/CAP;LONG;TAM P";BRDI;MR01;O.PURCHASE;6;R$ 19,97;R$ 119,79;Osasco
50084350;0;PROTETOR AURIC TP CONCH,3M/1435;BR09;MR01;O.PURCHASE;86;R$ 155,85;R$ 13.403,28;Agudos
50084388;0;"MANGA SEG;FIBR;CZ/BR;50CM;PUNH C/ELAST";BR09;MR01;O.PURCHASE;38;R$ 113,57;R$ 4.315,79;Agudos
50084388;0;"MANGA SEG;FIBR;CZ/BR;50CM;PUNH C/ELAST";BRVH;MR01;O.PURCHASE;3;R$ 88,47;R$ 265,40;TP Connext Piracicaba
50084392;0;"PROTETOR AURIC TP PLUG;MULTIPLAST/CA5745";BR09;MR01;O.PURCHASE;337;R$ 1,90;R$ 641,93;Agudos
50084394;0;"AVENTAL SEG;TREVIRA;BR;SP EQUIP/CA10528";BR09;MR01;O.PURCHASE;27;R$ 28,05;R$ 757,34;Agudos
50084395;0;"PROTETOR FACIAL;ACET;CARBOGRAFITE/T2000";BR09;MR01;O.PURCHASE;0;R$ 0,00;R$ 0,00;Agudos
50084421;0;"TOUCA DESCART;TNT;C/ELAST;BR";BR09;MR01;O.PURCHASE;1900;R$ 0,15;R$ 285,45;Agudos
50084451;0;"LUVA P/PROCED GERAL;NBR;G;AMBIDESTR;TALC";BR09;MR01;O.IMPORTED;0;R$ 0,00;R$ 0,00;Agudos
50084451;0;"LUVA P/PROCED GERAL;NBR;G;AMBIDESTR;TALC";BR09;MR01;O.PURCHASE;55;R$ 76,75;R$ 4.221,35;Agudos
50309299;0;"PASTILHA CORT;MD;TRIANG;TAEGUTEC/5920013";BR09;MR01;O.PURCHASE;0;R$ 0,00;R$ 0,00;Agudos
50309600;0;"CAMISA;MASC;POLO;CT;1009;P;SILK AJUD";BRVH;MR01;O.PURCHASE;19;R$ 60,34;R$ 1.146,40;TP Connext Piracicaba
50309666;0;"CAMISA;MASC;POLO;CT;1009;M;SILK AJUD";BRVH;MR01;O.PURCHASE;104;R$ 60,07;R$ 6.247,24;TP Connext Piracicaba
50309667;0;"CAMISA;MASC;POLO;CT;1009;G;SILK AJUD";BRVH;MR01;O.PURCHASE;140;R$ 82,97;R$ 11.615,67;TP Connext Piracicaba
50309668;0;"CAMISA;MASC;POLO;CT;1009;GG;SILK AJUD";BRVH;MR01;O.PURCHASE;184;R$ 49,05;R$ 9.024,70;TP Connext Piracicaba
50309670;0;"CAMISA;MASC;POLO;CT;1009;GGE;SILK AJUD";BRVH;MR01;O.PURCHASE;37;R$ 60,34;R$ 2.232,48;TP Connext Piracicaba
50309772;0;"CALCA PROF;UNIPACIFIC;CZ;MASC;TRAD;P;BOT";BRVH;MR01;O.PURCHASE;11;R$ 68,72;R$ 755,95;TP Connext Piracicaba
50309773;0;"CALCA PROF;UNIPACIFIC;CZ;MASC;TRAD;GGG";BRVH;MR01;O.PURCHASE;5;R$ 68,72;R$ 343,61;TP Connext Piracicaba
50309933;0;"PANO P/LIMP;MICROF;VM;600MM;400MM";BR09;MR01;O.PURCHASE;34;R$ 11,39;R$ 387,21;Agudos
50309990;0;"RODO;PP;1 BORR;550MM;S/CAB;AZ";BR09;MR01;O.PURCHASE;2;R$ 68,52;R$ 137,03;Agudos
50310777;0;"SUETER;UNI;LA;BRASIL MINAS/AMB151XCTAMP";BRVH;MR01;O.PURCHASE;10;R$ 138,82;R$ 1.388,17;TP Connext Piracicaba
50310778;0;"SUETER;UNI;LA;BRASIL MINAS/AMB151XCTAMM";BRVH;MR01;O.PURCHASE;10;R$ 138,82;R$ 1.388,17;TP Connext Piracicaba
50310779;0;"SUETER;UNI;LA;BRASIL MINAS/AMB151XCTAMG";BRVH;MR01;O.PURCHASE;10;R$ 138,82;R$ 1.388,17;TP Connext Piracicaba
50310780;0;"SUETER;UNI;LA;BRASIL MINAS/AMB151XCTAMGG";BRVH;MR01;O.PURCHASE;10;R$ 138,82;R$ 1.388,18;TP Connext Piracicaba
50310781;0;"SUETER;UNI;BRASIL MINAS/AMB151XCTAMGGG";BRVH;MR01;O.PURCHASE;10;R$ 138,82;R$ 1.388,17;TP Connext Piracicaba
50310782;0;"SUETER;UNI;BRASIL MINAS/AMB151XCTAMEGG";BRVH;MR01;O.PURCHASE;10;R$ 142,90;R$ 1.428,98;TP Connext Piracicaba
50310838;0;"CALCA PROF;SANTANENSE;CZ;UNI;TRAD;EXGG";BRVH;MR01;O.PURCHASE;30;R$ 70,56;R$ 2.116,90;TP Connext Piracicaba
50310840;0;"CALCA PROF;SANTANENSE;CZ;UNI;TRAD;GG";BRVH;MR01;O.PURCHASE;13;R$ 72,97;R$ 948,61;TP Connext Piracicaba
50310842;0;"CALCA PROF;SANTANENSE;CZ;UNI;TRAD;M";BRVH;MR01;O.PURCHASE;13;R$ 72,97;R$ 948,61;TP Connext Piracicaba
50310853;0;"CAMISETA;MASC;POLO;CT;UNIQUALITY;AZ/CZ;P";BRVH;MR01;O.PURCHASE;8;R$ 81,20;R$ 649,61;TP Connext Piracicaba
50310855;0;"CAMISETA;MASC;POLO;AZ ROYAL/CZ;G;C/LOGO";BRVH;MR01;O.PURCHASE;124;R$ 99,03;R$ 12.279,19;TP Connext Piracicaba
50310856;0;"CAMISETA;MASC;POLO;AZ ROYAL/CZ;GG;C/LOGO";BRVH;MR01;O.PURCHASE;32;R$ 81,20;R$ 2.598,42;TP Connext Piracicaba
50310857;0;"CAMISETA;MASC;POLO;UNIQUALITY;AZ/CZ;XGG";BRVH;MR01;O.PURCHASE;34;R$ 50,51;R$ 1.717,50;TP Connext Piracicaba
50310861;0;"CAMISETA;MASC;POLO;AZ ROYAL/CZ;M;C/LOGO";BRVH;MR01;O.PURCHASE;59;R$ 60,34;R$ 3.559,90;TP Connext Piracicaba
50310862;0;"CAMISETA;MASC;POLO;CT;UNIQUALITY;AZ/CZ;G";BRVH;MR01;O.PURCHASE;124;R$ 99,03;R$ 12.280,26;TP Connext Piracicaba
50310875;0;"CAMISETA;UNI;CAREC;LG;MOLETON;AZ MAR;EXG";BRVH;MR01;O.PURCHASE;27;R$ 182,25;R$ 4.920,87;TP Connext Piracicaba
50310876;0;"CAMISETA;UNI;CAREC;LG;MOLETON;AZ MAR;XG";BRVH;MR01;O.PURCHASE;27;R$ 182,26;R$ 4.920,93;TP Connext Piracicaba
50310877;0;"CAMISETA;UNI;CAREC;LG;MOLETON;AZ MAR;GG";BRVH;MR01;O.PURCHASE;27;R$ 182,26;R$ 4.920,93;TP Connext Piracicaba
50310878;0;"CAMISETA;UNI;CAREC;LG;MOLETON;AZ MAR;G";BRVH;MR01;O.PURCHASE;27;R$ 182,26;R$ 4.920,93;TP Connext Piracicaba
50310879;0;"CAMISETA;UNI;CAREC;LG;MOLETON;AZ MAR;M";BRVH;MR01;O.PURCHASE;27;R$ 182,26;R$ 4.920,91;TP Connext Piracicaba
50310880;0;"CAMISETA;UNI;CAREC;LG;MOLETON;AZ MAR;P";BRVH;MR01;O.PURCHASE;27;R$ 182,26;R$ 4.920,93;TP Connext Piracicaba
50311375;20042001;"CAMISA;MASC;COLARINH;CT;AZ;TAM P;C/LOGO";BR09;MR01;O.PURCHASE;0;R$ 0,00;R$ 0,00;Agudos
50311388;20042014;"CAMISA;FEM;COLARINH;CT;AZ;TAM G;C/LOGO";BR09;MR01;O.PURCHASE;3;R$ 115,51;R$ 346,54;Agudos
50311391;20042017;"CAMISA;FEM;COLARINH;CT;AZ;TAM P;C/LOGO";BR09;MR01;O.PURCHASE;7;R$ 86,76;R$ 607,32;Agudos
50311396;20042022;"CAMISA;FEM;COLARINH;CT;AZ;TAM G;C/LOGO";BR09;MR01;O.PURCHASE;4;R$ 90,52;R$ 362,06;Agudos
50311569;0;"LUVA SEG;09;SUPER SAFETY/SS1007NTAM09";BR09;MR01;O.PURCHASE;665;R$ 27,21;R$ 18.094,49;Agudos
50311570;0;"LUVA SEG;PROT MEC;M;VOLK/TATILBLACKTAMM";BR09;MR01;O.PURCHASE;1204;R$ 3,80;R$ 4.570,02;Agudos
50312711;0;"BOTINA SEG;PT;BRACOL/4018BAMB1602LLNUM46";BRVH;MR01;O.PURCHASE;1;R$ 85,22;R$ 85,22;TP Connext Piracicaba
50312950;0;"BLOCO P/REGISTRO ATEND;ORD SERV;2 VIAS";BR09;MR01;O.PURCHASE;0;R$ 0,00;R$ 0,00;Agudos
50312990;0;DESATIVADO - Novo código: 20002824;BR09;MR01;O.PURCHASE;1;R$ 102,19;R$ 102,19;Agudos
50312996;0;DESATIVADO - Novo código: 20002809;BR09;MR01;O.PURCHASE;1;R$ 102,20;R$ 102,20;Agudos
50312997;0;"BOTINA SEG;MICROFIBRA;PT;NUM 49;BIQ COMP";BR09;MR01;O.PURCHASE;2;R$ 117,60;R$ 235,20;Agudos
50313485;0;"COLA PLAST;LAT 500G";BR09;MR01;O.PURCHASE;1;R$ 194,78;R$ 194,78;Agudos
50313494;20009282;CALÇA VENDEDOR FEM C/ REFORÇO-TAM. Nº54;BRDI;MR01;O.PURCHASE;1;R$ 82,28;R$ 82,28;Osasco
50313903;0;"TECLADO;PADR ABNT;CON USB";BR09;MR01;O.IMPORTED;32;R$ 33,65;R$ 1.076,82;Agudos
50313906;20002833;JAQUETA MOTOCICLIST AZUL(C/FORRO)-TAM PP;BR09;MR01;O.PURCHASE;2;R$ 303,41;R$ 606,82;Agudos
50315219;0;"LAMINA SERR FIT;LENOX TOOLS/34081244600";BR09;MR01;O.PURCHASE;0;R$ 0,00;R$ 0,00;Agudos
50326402;20034987;"CINTA LOMB SEG;NY/PVC;VICSA/VIC41110TAMG";BR09;MR01;O.IMPORTED;1;R$ 54,46;R$ 54,46;Agudos
50326402;20034987;"CINTA LOMB SEG;NY/PVC;VICSA/VIC41110TAMG";BR09;MR01;O.PURCHASE;9;R$ 46,94;R$ 422,42;Agudos
50326402;20034987;"CINTA LOMB SEG;NY/PVC;VICSA/VIC41110TAMG";BRDI;MR01;O.IMPORTED;0;R$ 0,00;R$ 0,00;Osasco
50326402;20034987;"CINTA LOMB SEG;NY/PVC;VICSA/VIC41110TAMG";BRZL;MR01;O.IMPORTED;93;R$ 54,45;R$ 5.063,85;Capital
50336720;0;"BARRA PE;UHMW 88;RED;AZ;80MM;1000MM";BR09;MR01;O.PURCHASE;190,65;R$ 103,58;R$ 19.748,43;Agudos
50337292;0;"CHAPA PE;UHMW;NAT;20MM;1000X1000MM";BR09;MR01;O.PURCHASE;3;R$ 1.360,55;R$ 4.081,64;Agudos
50338748;0;"INSERTO;AMBEV/0003";BR09;MR01;O.PURCHASE;627;R$ 86,19;R$ 54.040,88;Agudos
50338816;0;"CHAPA;USICORTE/CHAPA1INCERTO254X127MM";BR09;MR01;O.PURCHASE;276;R$ 24,00;R$ 6.624,00;Agudos
50339873;0;"TARUGO POM;100 SH D;RED;100MM;1000MM";BR09;MR01;O.PURCHASE;29;R$ 521,36;R$ 15.119,34;Agudos
50340563;0;"CHAPA NY;6;12MM;2000X1000MM";BR09;MR01;O.PURCHASE;15;R$ 1.055,17;R$ 15.827,61;Agudos
50346071;0;"BARRA NY;TECAST;RED;180MM;1000MM";BR09;MR01;O.PURCHASE;11;R$ 1.544,93;R$ 16.994,19;Agudos
50355495;0;"BARRA INOX;AISI 304;RED;5/8POL;1000MM;LQ";BR09;MR01;O.PURCHASE;39;R$ 49,79;R$ 1.941,67;Agudos
50365499;0;"BARRA A C;SAE 1045;RED;5/8POL;1000MM;LF";BR09;MR01;O.PURCHASE;7;R$ 174,04;R$ 1.218,26;Agudos
50365502;0;"BARRA PP;RED;BR;120MM;1000MM";BR09;MR01;O.PURCHASE;11;R$ 26,20;R$ 288,19;Agudos
50365505;0;"BARRA NY;NAT;RED;160MM;1000MM";BR09;MR01;O.PURCHASE;14;R$ 1.054,44;R$ 14.762,10;Agudos
50368221;0;"BARRA PE;UHMW 88-2;RED;AZ;90MM;1000MM";BR09;MR01;O.PURCHASE;37;R$ 490,93;R$ 18.164,42;Agudos
50368467;0;"BARRA INOX;AISI 304;RETIFIC;RED;10MM;TQ";BR09;MR01;O.PURCHASE;24;R$ 213,13;R$ 5.115,18;Agudos
50369175;0;"BARRA INOX;AISI 304;RED;2POL;1000MM;TQ";BR09;MR01;O.PURCHASE;1;R$ 587,87;R$ 587,87;Agudos
50372264;0;"FECHO CREM;GIR;P/CAD;S/ACESS;TASCO/21030";BR09;MR01;O.PURCHASE;4;R$ 103,28;R$ 413,10;Agudos
50372368;0;"PAPELAO HIDR;3MM;U60NATELA1500X1600MM3MM";BR09;MR01;O.PURCHASE;3;R$ 1.918,76;R$ 5.756,29;Agudos
50375442;0;"TARUGO PEEK;NAT;RED;8MM;1000MM";BR09;MR01;O.PURCHASE;35;R$ 115,31;R$ 4.035,91;Agudos
50379788;0;"LUVA SEG;AG MEC;PT;09;VOLK/103118007TAMG";BR09;MR01;O.PURCHASE;1871;R$ 3,39;R$ 6.335,88;Agudos
50379876;0;"BARRA PE;UHMW;RED;AZ;20MM;1000MM";BR09;MR01;O.PURCHASE;37,47;R$ 91,27;R$ 3.420,04;Agudos
50379903;0;"BARRA NY;6,6;RED;40MM;1000MM";BR09;MR01;O.PURCHASE;11;R$ 178,42;R$ 1.962,65;Agudos
50381431;0;"COPOLIMERO;SOLID;EMB 25KG;BRASKEM/6105";BR09;MR01;O.PURCHASE;3;R$ 229,54;R$ 688,63;Agudos
50385314;0;"BARRA INOX;AISI 304;SEXT;3/4POL;TQ";BR09;MR01;O.PURCHASE;13;R$ 233,76;R$ 3.038,83;Agudos
50385951;0;"BARRA POM;100 SH A;RED;35MM;1000MM";BR09;MR01;O.PURCHASE;7;R$ 40,13;R$ 280,88;Agudos
50389860;0;"POLIMERO;DSM/AKULONM1016PA66GF3325KG";BR09;MR01;O.IMPORTED;0;R$ 0,00;R$ 0,00;Agudos
50389860;0;"POLIMERO;DSM/AKULONM1016PA66GF3325KG";BR09;MR01;O.PURCHASE;45;R$ 847,24;R$ 38.125,99;Agudos
50392463;0;"CAIXA;PAP;MR;RETANG;960X320X550MM;S/";BR09;MR01;O.PURCHASE;0;R$ 0,00;R$ 0,00;Agudos
50392526;0;"BARRA BZ;TM 23;RED;4POL;5000MM";BR09;MR01;O.PURCHASE;32,5;R$ 111,40;R$ 3.620,56;Agudos
50392688;0;"BARRA POM;70 SH A;RED;150MM;1000000MM";BR09;MR01;O.IMPORTED;2;R$ 1.289,99;R$ 2.579,97;Agudos
50392688;0;"BARRA POM;70 SH A;RED;150MM;1000000MM";BR09;MR01;O.PURCHASE;12;R$ 1.166,38;R$ 13.996,57;Agudos
50393133;0;"BARRA INOX;AISI 304;RED;3POL;TREF FRIO";BR09;MR01;O.PURCHASE;182;R$ 73,13;R$ 13.309,32;Agudos
50393135;0;"ELEMENTO FILTRANTE;CD67731158";BR09;MR01;O.PURCHASE;0;R$ 0,00;R$ 0,00;Agudos
50397849;0;"BARRA NY;RED;5 1/2POL;1000MM";BR09;MR01;O.PURCHASE;607,2;R$ 61,38;R$ 37.267,18;Agudos
50397933;0;"INSERTO;MOLDLINE/OS0058421";BR09;MR01;O.IMPORTED;0;R$ 0,00;R$ 0,00;Agudos
50397933;0;"INSERTO;MOLDLINE/OS0058421";BR09;MR01;O.PURCHASE;1583;R$ 6,98;R$ 11.048,35;Agudos
50398124;0;"COPOLIMERO;GRAN;POLIBALBINO/EP548Q25KG";BR09;MR01;O.PURCHASE;399;R$ 227,34;R$ 90.707,76;Agudos
50398779;0;"COPOLIMERO;PP;LYONDELLBASELL/EP332L25KG";BR09;MR01;O.PURCHASE;570;R$ 475,23;R$ 270.882,98;Agudos
50399973;0;"BARRA NY;6,0;BR;RED;80MM;1000MM";BR09;MR01;O.IMPORTED;0;R$ 0,00;R$ 0,00;Agudos
50399973;0;"BARRA NY;6,0;BR;RED;80MM;1000MM";BR09;MR01;O.PURCHASE;8;R$ 231,87;R$ 1.854,99;Agudos
50401172;0;"CHAPA NY;TECAST TM;12MM;1000X2000MM";BR09;MR01;O.PURCHASE;5;R$ 2.079,25;R$ 10.396,24;Agudos
50401181;0;"PIGMENTO;VM;PA;GRAN;REALMASTER/1702625KG";BR09;MR01;O.PURCHASE;10,8;R$ 987,94;R$ 10.669,74;Agudos
50401588;0;"BARRA POM;120 SH D;RED;120MM;1000MM";BR09;MR01;O.PURCHASE;26;R$ 486,73;R$ 12.654,93;Agudos
50403176;0;"DESINFETANTE;USO IND;EMB 30KG;J E J/2986";BR09;MR01;O.PURCHASE;60;R$ 419,40;R$ 25.163,99;Agudos
50403648;0;"BARRA INOX;AISI 316L;RED;5/8POL;LQ";BR09;MR01;O.PURCHASE;2;R$ 199,43;R$ 398,86;Agudos
50403663;0;"BARRA INOX;AISI 316L;RED;1 1/2POL;LQ";BR09;MR01;O.PURCHASE;0;R$ 0,00;R$ 0,00;Agudos
50403712;0;"BARRA POM;83 SH D;RED;130MM;1000MM";BR09;MR01;O.PURCHASE;16;R$ 674,92;R$ 10.798,73;Agudos
50403713;0;"BARRA POM;83 SH D;RED;55MM;1000MM";BR09;MR01;O.PURCHASE;42;R$ 125,04;R$ 5.251,76;Agudos
50403719;0;"BARRA NY;TECAST T;NAT;RED;220MM;1000MM";BR09;MR01;O.PURCHASE;25;R$ 2.436,63;R$ 60.915,77;Agudos
50403720;0;"BARRA NY;6,6;NAT;RED;130MM;1000MM";BR09;MR01;O.PURCHASE;6;R$ 576,85;R$ 3.461,12;Agudos
50403741;0;"BARRA PP;RED;NAT;60MM;1000MM";BR09;MR01;O.PURCHASE;22;R$ 116,14;R$ 2.554,98;Agudos
50403757;0;"BARRA PP;RED;NAT;35MM;1000MM";BR09;MR01;O.PURCHASE;0;R$ 0,00;R$ 0,00;Agudos
50403849;0;"BARRA NY;TECAST L;RED;50MM;1000MM";BR09;MR01;O.PURCHASE;32;R$ 453,41;R$ 14.509,25;Agudos
50403979;0;"REATOR P/LAMP FLUOR;2X40W;HELFONT/PRD426";BR09;MR01;O.IMPORTED;6;R$ 60,48;R$ 362,86;Agudos
50403979;0;"REATOR P/LAMP FLUOR;2X40W;HELFONT/PRD426";BR09;MR01;O.PURCHASE;63;R$ 52,87;R$ 3.330,86;Agudos
50403982;0;"BROCA HELIC;AR;HSS;3,50MM;70MM;118GR;CIL";BR09;MR01;O.IMPORTED;0;R$ 0,00;R$ 0,00;Agudos
50403982;0;"BROCA HELIC;AR;HSS;3,50MM;70MM;118GR;CIL";BR09;MR01;O.PURCHASE;19;R$ 3,45;R$ 65,61;Agudos
50403983;0;"FITA ISOL ELETR;750V;ADES;3M/HIGHLAND20M";BR09;MR01;O.PURCHASE;28;R$ 17,26;R$ 483,37;Agudos
50403987;0;"BROCA HELIC;AR;9MM;125MM;CIL;DIN 338 N";BR09;MR01;O.PURCHASE;112;R$ 19,84;R$ 2.222,58;Agudos
50403988;0;"BROCA HELIC;AR;HSS;6MM;93MM;118GR;CIL";BR09;MR01;O.IMPORTED;0;R$ 0,00;R$ 0,00;Agudos
50403988;0;"BROCA HELIC;AR;HSS;6MM;93MM;118GR;CIL";BR09;MR01;O.PURCHASE;6;R$ 5,03;R$ 30,15;Agudos
50403991;0;"BROCA HELIC;AR;HSS;4MM;75MM;CIL;DIN 338";BR09;MR01;O.PURCHASE;8;R$ 2,11;R$ 16,88;Agudos
50404000;0;"FITA ISOL ELETR;69KV;AUTOFUS;PIRELLI/L10";BR09;MR01;O.PURCHASE;22;R$ 29,89;R$ 657,59;Agudos
50404014;0;"LAMINA SERR MAN;12X1/2POL;STARRETT/40331";BR09;MR01;O.IMPORTED;0;R$ 0,00;R$ 0,00;Agudos
50404014;0;"LAMINA SERR MAN;12X1/2POL;STARRETT/40331";BR09;MR01;O.PURCHASE;8;R$ 16,06;R$ 128,45;Agudos
50404030;0;"CABO COBR FLEX;PVC;CORDPLAST4X2,5MM2PT";BR09;MR01;O.PURCHASE;1044;R$ 13,69;R$ 14.288,47;Agudos
50404031;0;"CABO COBR FLEX;PVC;SUPERFLEX750V2X1MM2PT";BR09;MR01;O.PURCHASE;0;R$ 0,00;R$ 0,00;Agudos
50404032;0;"CABO COBR FLEX;PVC;SUPERFLEX750V4X4MM2PT";BR09;MR01;O.PURCHASE;44;R$ 18,82;R$ 828,18;Agudos
50404033;0;"CABO COBR FLEX;PVC;PT;REIPLAS/D020004/1";BR09;MR01;O.PURCHASE;166;R$ 3,96;R$ 657,35;Agudos
50404034;0;"FITA ISOL ELETR;69KV;AUTOFUS;3M/23LB20M";BR09;MR01;O.PURCHASE;18;R$ 28,62;R$ 515,15;Agudos
50404040;0;"BROCA HELIC;AR;HSS;5,50MM;93MM;118GR;CIL";BR09;MR01;O.PURCHASE;27;R$ 3,41;R$ 91,95;Agudos
50404043;0;"BROCA HELIC;AR;HSS;11MM;142MM;118GR;CIL";BR09;MR01;O.PURCHASE;0;R$ 0,00;R$ 0,00;Agudos
50404102;0;"ELETRODO;INOX;2,50MM;ESAB/6328252BB0";BR09;MR01;O.PURCHASE;16;R$ 114,64;R$ 1.834,17;Agudos
50404104;0;"TUBO FLEX;LI;PU;AZ;6MM;8,30MM;7BAR";BR09;MR01;O.PURCHASE;144;R$ 3,74;R$ 538,45;Agudos
50404174;0;"DESENGRIPANTE;PETR/BUTAN/C3H8;ORBI/146";BR09;MR01;O.PURCHASE;104;R$ 13,39;R$ 1.392,74;Agudos
50404198;0;"FITA ISOL ELETR;600V;ADES;PVC;3M/PRY3954";BR09;MR01;O.IMPORTED;1;R$ 29,13;R$ 29,13;Agudos
50404198;0;"FITA ISOL ELETR;600V;ADES;PVC;3M/PRY3954";BR09;MR01;O.PURCHASE;27;R$ 23,70;R$ 639,89;Agudos
50404234;0;"BARRA INOX;AISI 304;CHAT;25X3MM;1200MM";BR09;MR01;O.PURCHASE;11;R$ 115,86;R$ 1.274,43;Agudos
50404276;0;"ABRACADEIRA P/SIST LUBR;DBR904072251";BR09;MR01;O.PURCHASE;553;R$ 2,01;R$ 1.111,53;Agudos
50404279;0;"LIXA;P/MET FE/NAO FE;FL;225X275MM;80";BR09;MR01;O.PURCHASE;15;R$ 3,76;R$ 56,39;Agudos
50404351;0;"BROCA HELIC;AR;HSS;8MM;117MM;118GR;CIL";BR09;MR01;O.IMPORTED;0;R$ 0,00;R$ 0,00;Agudos
50404351;0;"BROCA HELIC;AR;HSS;8MM;117MM;118GR;CIL";BR09;MR01;O.PURCHASE;14;R$ 9,57;R$ 133,98;Agudos
50404359;0;"CABO COBR FLEX;PT;CORDPLASTPP4X1,50MM2PT";BR09;MR01;O.PURCHASE;130;R$ 7,24;R$ 941,81;Agudos
50404374;0;"BROCA HELIC;MD;8MM;91MM;CIL;DIN 6537 L";BR09;MR01;O.PURCHASE;4;R$ 942,15;R$ 3.768,60;Agudos
50404441;0;"GAS PURO;ARG;7M3";BR09;MR01;O.PURCHASE;0;R$ 0,00;R$ 0,00;Agudos
50440192;0;"BROCA HELIC;AR;HSS;8,50MM;117MM;CIL";BR09;MR01;O.PURCHASE;9;R$ 7,63;R$ 68,68;Agudos
50440194;0;"BROCA HELIC;AR;HSS;6,50MM;101MM;CIL";BR09;MR01;O.PURCHASE;10;R$ 6,26;R$ 62,62;Agudos
50440201;0;"BROCA P/CONCR;8MM;122MM;DIN 8039N";BR09;MR01;O.PURCHASE;9;R$ 7,24;R$ 65,19;Agudos
50440202;0;"LAMINA SERR MAN;18 DENT/POL;BOSCH/18TPI";BR09;MR01;O.PURCHASE;15;R$ 13,39;R$ 200,78;Agudos
50440205;0;"LIXA;AGUA;FL;225X275MM;OXID AL MR;320";BR09;MR01;O.PURCHASE;12;R$ 14,17;R$ 170,03;Agudos
50440206;0;"LIXA;P/MET FE;FL;225X275MM;OXID AL MR;60";BR09;MR01;O.PURCHASE;32;R$ 2,68;R$ 85,84;Agudos
50440208;0;"LIXA;P/MET FE/NAO FE;FL;225X275MM;180";BR09;MR01;O.PURCHASE;89;R$ 1,07;R$ 95,13;Agudos
50440209;0;"LIXA;P/MET FE/NAO FE;FL;225X275MM;120";BR09;MR01;O.PURCHASE;54;R$ 2,26;R$ 122,28;Agudos
50440221;0;"BATERIA;ALC;9V;DURACELL/MN16046LR61";BR09;MR01;O.PURCHASE;39;R$ 19,27;R$ 751,34;Agudos
50440223;0;"ADESIVO VED;MR;3M/ADESIVOJUNTAMOTOR85ML";BR09;MR01;O.PURCHASE;52;R$ 6,78;R$ 352,30;Agudos
50440224;0;"BARRA NY;RED;1 1/2POL";BR09;MR01;O.PURCHASE;10;R$ 113,51;R$ 1.135,12;Agudos
50440225;0;"BARRA A C;SAE 1045;RED;40MM;TREF";BR09;MR01;O.PURCHASE;0;R$ 0,00;R$ 0,00;Agudos
50440232;0;"ADESIVO VED;ESTER METACRIL;WURTH/W81550G";BR09;MR01;O.PURCHASE;12;R$ 266,64;R$ 3.199,68;Agudos
50440233;0;"ELETRODO;A C;3,25MM;350MM;BOHLER/E6013";BR09;MR01;O.PURCHASE;24;R$ 35,09;R$ 842,17;Agudos
50440234;0;"ELETRODO;A C;E6013;2,50MM;UTP/6112,50MM";BR09;MR01;O.PURCHASE;7,5;R$ 21,15;R$ 158,62;Agudos
50440256;0;"BROCA HELIC;AR;HSS;4,50MM;75MM;CIL";BR09;MR01;O.PURCHASE;50;R$ 3,62;R$ 180,83;Agudos
50440257;0;"BROCA P/CONCR;12MM;152MM;HAST CIL";BR09;MR01;O.PURCHASE;3;R$ 54,25;R$ 162,75;Agudos
50440261;0;"BARRA INOX;AISI 304;RED;1POL;TREF";BR09;MR01;O.PURCHASE;15;R$ 60,10;R$ 901,53;Agudos
50440279;0;"ADESIVO EPOX;BICOMP;GEL;BRASCOLA/4G";BR09;MR01;O.PURCHASE;12;R$ 34,66;R$ 415,92;Agudos
50440298;0;"ELETRODO;REV;A C;2,50MM;FRM/MSF45FRM";BR09;MR01;O.PURCHASE;17;R$ 55,93;R$ 950,88;Agudos
50440299;0;"BROCA HELIC;AR;HSS;2,50MM;57MM;180GR;CIL";BR09;MR01;O.PURCHASE;22;R$ 3,29;R$ 72,32;Agudos
50440303;0;"BROCA HELIC;AR;HSS;15MM;169MM;118GR;CIL";BR09;MR01;O.PURCHASE;12;R$ 171,87;R$ 2.062,39;Agudos
50440308;0;"LAMINA SERR MAN;12X1/2POL;STARRETT/1224";BR09;MR01;O.PURCHASE;1;R$ 17,57;R$ 17,57;Agudos
50440315;0;"LAMINA SERR MAN;12X1/2POL;STARRETT/40332";BR09;MR01;O.PURCHASE;4;R$ 9,96;R$ 39,84;Agudos
50440320;0;"LIXA;P/MET FE;FL;225X275MM;OXID AL MR";BR09;MR01;O.PURCHASE;96;R$ 2,39;R$ 229,06;Agudos
50440344;0;"CABO COBR FLEX;PVC;SUPERFLEX750V3X1MM2PT";BR09;MR01;O.PURCHASE;362;R$ 5,73;R$ 2.074,74;Agudos
50440348;0;"BROCA HELIC;AR;HSS;REV VAP;7MM;109MM;CIL";BR09;MR01;O.PURCHASE;15;R$ 6,81;R$ 102,12;Agudos
50440349;0;"BROCA HELIC;AR;HSS;9,50MM;125MM;CIL";BR09;MR01;O.PURCHASE;27;R$ 9,68;R$ 261,26;Agudos
50440351;0;"LIXA;AGUA;FL;225X275MM;OXID AL PT;600";BR09;MR01;O.PURCHASE;119;R$ 2,38;R$ 283,53;Agudos
50440352;0;"ADESIVO TRAV ROSC;MEDRES;AZ;HENKEL/24231";BR09;MR01;O.PURCHASE;6;R$ 232,56;R$ 1.395,35;Agudos
50440382;0;"BARRA INOX;AISI 304;CHAT;1 1/4X1/4POL";BR09;MR01;O.PURCHASE;32,38;R$ 67,53;R$ 2.186,55;Agudos
50440383;0;"ADESIVO VED;SILIC;INC;ALBA/FLEXITE280G";BR09;MR01;O.PURCHASE;24;R$ 26,16;R$ 627,74;Agudos
50440386;0;"OXIGENIO GAS;99,5PCT;CIL 10M3";BR09;MR01;O.PURCHASE;10;R$ 31,29;R$ 312,93;Agudos
50440405;0;"LIXA;AGUA;FL;225X275MM;OXID AL MR ZR;220";BR09;MR01;O.PURCHASE;4;R$ 2,94;R$ 11,77;Agudos
50440414;0;"ADESIVO INST;HENKEL/LOCTITE49650G";BR09;MR01;O.PURCHASE;0;R$ 0,00;R$ 0,00;Agudos
50440415;0;"ADESIVO VED;P/FIX;EMB 50G;HENKEL/66050G";BR09;MR01;O.PURCHASE;7;R$ 405,67;R$ 2.839,71;Agudos
50440424;0;"MACHO MAN;AR;HSS;M6X1;EMB 3 UNID;OSG/101";BR09;MR01;O.PURCHASE;5;R$ 99,68;R$ 498,41;Agudos
50440452;0;"BARRA INOX;AISI 304;RED;3/4POL;LQ";BR09;MR01;O.PURCHASE;0;R$ 0,00;R$ 0,00;Agudos
50440459;0;"CHAPA VIDR;PL;INC;TEMP;6MM;428X183MM";BR09;MR01;O.PURCHASE;9;R$ 445,97;R$ 4.013,75;Agudos
50440490;0;"BROCA HELIC;AR;HSS;12,50MM;151MM;CIL";BR09;MR01;O.PURCHASE;2;R$ 27,06;R$ 54,11;Agudos
50440492;0;"BROCA HELIC;AR;HSS;TIN;11,50MM;142MM;CIL";BR09;MR01;O.PURCHASE;13;R$ 31,03;R$ 403,42;Agudos
50440498;0;"BROCA HELIC;AR;HSS;3MM;33MM;CIL";BR09;MR01;O.PURCHASE;17;R$ 4,30;R$ 73,04;Agudos
50440510;0;"LUVA SEG;BORR NAT;PT;PAR;09;LEAL/E014B9";BR09;MR01;O.IMPORTED;2;R$ 985,24;R$ 1.970,47;Agudos
50440510;0;"LUVA SEG;BORR NAT;PT;PAR;09;LEAL/E014B9";BR09;MR01;O.PURCHASE;1;R$ 1.088,78;R$ 1.088,78;Agudos
50440528;0;"DESENGRAXANTE P/MAOS;HANDMAXSE05082KG";BR09;MR01;O.PURCHASE;4;R$ 213,39;R$ 853,55;Agudos
50440552;0;"PILHA LI;123;3V;UNID";BR09;MR01;O.PURCHASE;38;R$ 126,85;R$ 4.820,39;Agudos
50440576;0;"BATERIA;LI;3V;17X34MM;SONY/CR123A";BR09;MR01;O.PURCHASE;3;R$ 29,26;R$ 87,77;Agudos
50440579;0;"REMOVEDOR;STOLLE MACH/222125691001";BR09;MR01;O.PURCHASE;1;R$ 248,90;R$ 248,90;Agudos
50440611;0;"FILAMENTO P/IMPRESS 3D;BR;3DX/8800";BR09;MR01;O.IMPORTED;6;R$ 166,42;R$ 998,51;Agudos
50440611;0;"FILAMENTO P/IMPRESS 3D;BR;3DX/8800";BR09;MR01;O.PURCHASE;22;R$ 140,76;R$ 3.096,64;Agudos
50440629;0;"BARRA INOX;AISI 304;RED;3/4POL;1000MM";BR09;MR01;O.PURCHASE;10;R$ 155,93;R$ 1.559,25;Agudos
50440632;0;"BROCA HELIC;MD;7MM;79MM;CIL;DIN 6535";BR09;MR01;O.PURCHASE;3;R$ 444,32;R$ 1.332,95;Agudos
50440640;0;"CHAPA NY;TECAST;12MM;1000X500MM";BR09;MR01;O.PURCHASE;28;R$ 529,73;R$ 14.832,53;Agudos
50443653;0;"VEDACAO;CANPAC/S0018S415AAAA6";BR09;MR01;O.PURCHASE;0;R$ 0,00;R$ 0,00;Agudos
50451103;0;"BARRA NY;RED;180MM;1000MM";BR09;MR01;O.PURCHASE;32;R$ 1.171,39;R$ 37.484,43;Agudos
50547068;0;"LIXA;AGUA;FL;225X275MM;OXID AL MR;400";BR09;MR01;O.PURCHASE;112;R$ 2,55;R$ 285,57;Agudos
